IndicatorCode,Indicator,ValueType,ParentLocationCode,ParentLocation,Location type,SpatialDimValueCode,Location,Period type,Period,IsLatestYear,Dim1 type,Dim1,Dim1ValueCode,Dim2 type,Dim2,Dim2ValueCode,Dim3 type,Dim3,Dim3ValueCode,DataSourceDimValueCode,DataSource,FactValueNumericPrefix,FactValueNumeric,FactValueUoM,FactValueNumericLowPrefix,FactValueNumericLow,FactValueNumericHighPrefix,FactValueNumericHigh,Value,FactValueTranslationID,FactComments,Language,DateModified
GHED_CHE_pc_US_SHA2011,Current health expenditure (CHE) per capita in US$,numeric,EUR,Europe,Country,RUS,Russian Federation,Year,2023,true,,,,,,,,,,,,,1003,,,,,,1003.33,,,EN,2025-12-04T11:00:00.000Z
GHED_CHE_pc_US_SHA2011,Current health expenditure (CHE) per capita in US$,numeric,AMR,Americas,Country,BRA,Brazil,Year,2023,true,,,,,,,,,,,,,1010,,,,,,1009.84,,,EN,2025-12-04T11:00:00.000Z
GHED_CHE_pc_US_SHA2011,Current health expenditure (CHE) per capita in US$,numeric,AFR,Africa,Country,COM,Comoros,Year,2023,true,,,,,,,,,,,,,102.2,,,,,,102.23,,,EN,2025-12-04T11:00:00.000Z
GHED_CHE_pc_US_SHA2011,Current health expenditure (CHE) per capita in US$,numeric,AFR,Africa,Country,LBR,Liberia,Year,2023,true,,,,,,,,,,,,,103.9,,,,,,103.94,,,EN,2025-12-04T11:00:00.000Z
GHED_CHE_pc_US_SHA2011,Current health expenditure (CHE) per capita in US$,numeric,EUR,Europe,Country,ROU,Romania,Year,2023,true,,,,,,,,,,,,,1051,,,,,,1051.00,,,EN,2025-12-04T11:00:00.000Z
GHED_CHE_pc_US_SHA2011,Current health expenditure (CHE) per capita in US$,numeric,WPR,Western Pacific,Country,COK,Cook Islands,Year,2023,true,,,,,,,,,,,,,1082,,,,,,1081.87,,,EN,2025-12-04T11:00:00.000Z
GHED_CHE_pc_US_SHA2011,Current health expenditure (CHE) per capita in US$,numeric,WPR,Western Pacific,Country,SLB,Solomon Islands,Year,2023,true,,,,,,,,,,,,,111.4,,,,,,111.36,,,EN,2025-12-04T11:00:00.000Z
GHED_CHE_pc_US_SHA2011,Current health expenditure (CHE) per capita in US$,numeric,WPR,Western Pacific,Country,KHM,Cambodia,Year,2023,true,,,,,,,,,,,,,114.6,,,,,,114.56,,,EN,2025-12-04T11:00:00.000Z
GHED_CHE_pc_US_SHA2011,Current health expenditure (CHE) per capita in US$,numeric,EUR,Europe,Country,MNE,Montenegro,Year,2023,true,,,,,,,,,,,,,1148,,,,,,1147.70,,,EN,2025-12-04T11:00:00.000Z
GHED_CHE_pc_US_SHA2011,Current health expenditure (CHE) per capita in US$,numeric,EUR,Europe,Country,LIE,Liechtenstein,Year,2023,true,,,,,,,,,,,,,11495,,,,,,11494.96,,,EN,2025-12-04T11:00:00.000Z
GHED_CHE_pc_US_SHA2011,Current health expenditure (CHE) per capita in US$,numeric,SEAR,South-East Asia,Country,MDV,Maldives,Year,2023,true,,,,,,,,,,,,,1159,,,,,,1159.03,,,EN,2025-12-04T11:00:00.000Z
GHED_CHE_pc_US_SHA2011,Current health expenditure (CHE) per capita in US$,numeric,AMR,Americas,Country,CRI,Costa Rica,Year,2023,true,,,,,,,,,,,,,1163,,,,,,1163.30,,,EN,2025-12-04T11:00:00.000Z
GHED_CHE_pc_US_SHA2011,Current health expenditure (CHE) per capita in US$,numeric,EMR,Eastern Mediterranean,Country,BHR,Bahrain,Year,2023,true,,,,,,,,,,,,,1176,,,,,,1175.82,,,EN,2025-12-04T11:00:00.000Z
GHED_CHE_pc_US_SHA2011,Current health expenditure (CHE) per capita in US$,numeric,EUR,Europe,Country,CHE,Switzerland,Year,2023,true,,,,,,,,,,,,,11784,,,,,,11783.67,,,EN,2025-12-04T11:00:00.000Z
GHED_CHE_pc_US_SHA2011,Current health expenditure (CHE) per capita in US$,numeric,AFR,Africa,Country,LSO,Lesotho,Year,2023,true,,,,,,,,,,,,,122.6,,,,,,122.64,,,EN,2025-12-04T11:00:00.000Z
GHED_CHE_pc_US_SHA2011,Current health expenditure (CHE) per capita in US$,numeric,EUR,Europe,Country,BGR,Bulgaria,Year,2023,true,,,,,,,,,,,,,1258,,,,,,1257.88,,,EN,2025-12-04T11:00:00.000Z
GHED_CHE_pc_US_SHA2011,Current health expenditure (CHE) per capita in US$,numeric,AMR,Americas,Country,TTO,Trinidad and Tobago,Year,2023,true,,,,,,,,,,,,,1276,,,,,,1276.34,,,EN,2025-12-04T11:00:00.000Z
GHED_CHE_pc_US_SHA2011,Current health expenditure (CHE) per capita in US$,numeric,AMR,Americas,Country,BRB,Barbados,Year,2023,true,,,,,,,,,,,,,1286,,,,,,1286.48,,,EN,2025-12-04T11:00:00.000Z
GHED_CHE_pc_US_SHA2011,Current health expenditure (CHE) per capita in US$,numeric,AMR,Americas,Country,KNA,Saint Kitts and Nevis,Year,2023,true,,,,,,,,,,,,,1295,,,,,,1294.88,,,EN,2025-12-04T11:00:00.000Z
GHED_CHE_pc_US_SHA2011,Current health expenditure (CHE) per capita in US$,numeric,WPR,Western Pacific,Country,IDN,Indonesia,Year,2023,true,,,,,,,,,,,,,131.8,,,,,,131.78,,,EN,2025-12-04T11:00:00.000Z
GHED_CHE_pc_US_SHA2011,Current health expenditure (CHE) per capita in US$,numeric,SEAR,South-East Asia,Country,LKA,Sri Lanka,Year,2023,true,,,,,,,,,,,,,134.2,,,,,,134.24,,,EN,2025-12-04T11:00:00.000Z
GHED_CHE_pc_US_SHA2011,Current health expenditure (CHE) per capita in US$,numeric,AMR,Americas,Country,USA,United States of America,Year,2023,true,,,,,,,,,,,,,13473,,,,,,13473.19,,,EN,2025-12-04T11:00:00.000Z
GHED_CHE_pc_US_SHA2011,Current health expenditure (CHE) per capita in US$,numeric,EMR,Eastern Mediterranean,Country,EGY,Egypt,Year,2023,true,,,,,,,,,,,,,141.4,,,,,,141.41,,,EN,2025-12-04T11:00:00.000Z
GHED_CHE_pc_US_SHA2011,Current health expenditure (CHE) per capita in US$,numeric,EUR,Europe,Country,HUN,Hungary,Year,2023,true,,,,,,,,,,,,,1420,,,,,,1419.87,,,EN,2025-12-04T11:00:00.000Z
GHED_CHE_pc_US_SHA2011,Current health expenditure (CHE) per capita in US$,numeric,WPR,Western Pacific,Country,VUT,Vanuatu,Year,2023,true,,,,,,,,,,,,,143.4,,,,,,143.44,,,EN,2025-12-04T11:00:00.000Z
GHED_CHE_pc_US_SHA2011,Current health expenditure (CHE) per capita in US$,numeric,SEAR,South-East Asia,Country,TLS,Timor-Leste,Year,2023,true,,,,,,,,,,,,,144.2,,,,,,144.21,,,EN,2025-12-04T11:00:00.000Z
GHED_CHE_pc_US_SHA2011,Current health expenditure (CHE) per capita in US$,numeric,AMR,Americas,Country,ARG,Argentina,Year,2023,true,,,,,,,,,,,,,1457,,,,,,1456.99,,,EN,2025-12-04T11:00:00.000Z
GHED_CHE_pc_US_SHA2011,Current health expenditure (CHE) per capita in US$,numeric,EUR,Europe,Country,HRV,Croatia,Year,2023,true,,,,,,,,,,,,,1548,,,,,,1548.34,,,EN,2025-12-04T11:00:00.000Z
GHED_CHE_pc_US_SHA2011,Current health expenditure (CHE) per capita in US$,numeric,AMR,Americas,Country,PAN,Panama,Year,2023,true,,,,,,,,,,,,,1558,,,,,,1557.81,,,EN,2025-12-04T11:00:00.000Z
GHED_CHE_pc_US_SHA2011,Current health expenditure (CHE) per capita in US$,numeric,EUR,Europe,Country,POL,Poland,Year,2023,true,,,,,,,,,,,,,1578,,,,,,1577.98,,,EN,2025-12-04T11:00:00.000Z
GHED_CHE_pc_US_SHA2011,Current health expenditure (CHE) per capita in US$,numeric,SEAR,South-East Asia,Country,BTN,Bhutan,Year,2023,true,,,,,,,,,,,,,162.2,,,,,,162.20,,,EN,2025-12-04T11:00:00.000Z
GHED_CHE_pc_US_SHA2011,Current health expenditure (CHE) per capita in US$,numeric,EUR,Europe,Country,LVA,Latvia,Year,2023,true,,,,,,,,,,,,,1645,,,,,,1645.42,,,EN,2025-12-04T11:00:00.000Z
GHED_CHE_pc_US_SHA2011,Current health expenditure (CHE) per capita in US$,numeric,EMR,Eastern Mediterranean,Country,KWT,Kuwait,Year,2023,true,,,,,,,,,,,,,1679,,,,,,1679.12,,,EN,2025-12-04T11:00:00.000Z
GHED_CHE_pc_US_SHA2011,Current health expenditure (CHE) per capita in US$,numeric,WPR,Western Pacific,Country,PLW,Palau,Year,2023,true,,,,,,,,,,,,,1684,,,,,,1683.85,,,EN,2025-12-04T11:00:00.000Z
GHED_CHE_pc_US_SHA2011,Current health expenditure (CHE) per capita in US$,numeric,AFR,Africa,Country,MDG,Madagascar,Year,2023,true,,,,,,,,,,,,,17.44,,,,,,17.44,,,EN,2025-12-04T11:00:00.000Z
GHED_CHE_pc_US_SHA2011,Current health expenditure (CHE) per capita in US$,numeric,AFR,Africa,Country,STP,Sao Tome and Principe,Year,2023,true,,,,,,,,,,,,,171.1,,,,,,171.05,,,EN,2025-12-04T11:00:00.000Z
GHED_CHE_pc_US_SHA2011,Current health expenditure (CHE) per capita in US$,numeric,WPR,Western Pacific,Country,TUV,Tuvalu,Year,2023,true,,,,,,,,,,,,,1724,,,,,,1723.57,,,EN,2025-12-04T11:00:00.000Z
GHED_CHE_pc_US_SHA2011,Current health expenditure (CHE) per capita in US$,numeric,AMR,Americas,Country,CHL,Chile,Year,2023,true,,,,,,,,,,,,,1737,,,,,,1736.52,,,EN,2025-12-04T11:00:00.000Z
GHED_CHE_pc_US_SHA2011,Current health expenditure (CHE) per capita in US$,numeric,EMR,Eastern Mediterranean,Country,QAT,Qatar,Year,2023,true,,,,,,,,,,,,,1804,,,,,,1804.35,,,EN,2025-12-04T11:00:00.000Z
GHED_CHE_pc_US_SHA2011,Current health expenditure (CHE) per capita in US$,numeric,EUR,Europe,Country,SVK,Slovakia,Year,2023,true,,,,,,,,,,,,,1813,,,,,,1813.47,,,EN,2025-12-04T11:00:00.000Z
GHED_CHE_pc_US_SHA2011,Current health expenditure (CHE) per capita in US$,numeric,EMR,Eastern Mediterranean,Country,SAU,Saudi Arabia,Year,2023,true,,,,,,,,,,,,,1825,,,,,,1825.25,,,EN,2025-12-04T11:00:00.000Z
GHED_CHE_pc_US_SHA2011,Current health expenditure (CHE) per capita in US$,numeric,AMR,Americas,Country,VEN,Venezuela (Bolivarian Republic of),Year,2023,true,,,,,,,,,,,,,186,,,,,,185.99,,,EN,2025-12-04T11:00:00.000Z
GHED_CHE_pc_US_SHA2011,Current health expenditure (CHE) per capita in US$,numeric,EUR,Europe,Country,UZB,Uzbekistan,Year,2023,true,,,,,,,,,,,,,192.1,,,,,,192.12,,,EN,2025-12-04T11:00:00.000Z
GHED_CHE_pc_US_SHA2011,Current health expenditure (CHE) per capita in US$,numeric,WPR,Western Pacific,Country,PHL,Philippines,Year,2023,true,,,,,,,,,,,,,194.1,,,,,,194.05,,,EN,2025-12-04T11:00:00.000Z
GHED_CHE_pc_US_SHA2011,Current health expenditure (CHE) per capita in US$,numeric,EUR,Europe,Country,GRC,Greece,Year,2023,true,,,,,,,,,,,,,1963,,,,,,1962.60,,,EN,2025-12-04T11:00:00.000Z
GHED_CHE_pc_US_SHA2011,Current health expenditure (CHE) per capita in US$,numeric,WPR,Western Pacific,Country,VNM,Viet Nam,Year,2023,true,,,,,,,,,,,,,197.2,,,,,,197.19,,,EN,2025-12-04T11:00:00.000Z
GHED_CHE_pc_US_SHA2011,Current health expenditure (CHE) per capita in US$,numeric,EUR,Europe,Country,LTU,Lithuania,Year,2023,true,,,,,,,,,,,,,2044,,,,,,2044.18,,,EN,2025-12-04T11:00:00.000Z
GHED_CHE_pc_US_SHA2011,Current health expenditure (CHE) per capita in US$,numeric,AMR,Americas,Country,URY,Uruguay,Year,2023,true,,,,,,,,,,,,,2076,,,,,,2076.09,,,EN,2025-12-04T11:00:00.000Z
GHED_CHE_pc_US_SHA2011,Current health expenditure (CHE) per capita in US$,numeric,EMR,Eastern Mediterranean,Country,SDN,Sudan,Year,2023,true,,,,,,,,,,,,,21.08,,,,,,21.08,,,EN,2025-12-04T11:00:00.000Z
GHED_CHE_pc_US_SHA2011,Current health expenditure (CHE) per capita in US$,numeric,WPR,Western Pacific,Country,FJI,Fiji,Year,2023,true,,,,,,,,,,,,,212.9,,,,,,212.89,,,EN,2025-12-04T11:00:00.000Z
GHED_CHE_pc_US_SHA2011,Current health expenditure (CHE) per capita in US$,numeric,AMR,Americas,Country,NIC,Nicaragua,Year,2023,true,,,,,,,,,,,,,216.6,,,,,,216.55,,,EN,2025-12-04T11:00:00.000Z
GHED_CHE_pc_US_SHA2011,Current health expenditure (CHE) per capita in US$,numeric,EMR,Eastern Mediterranean,Country,SOM,Somalia,Year,2023,true,,,,,,,,,,,,,22.37,,,,,,22.37,,,EN,2025-12-04T11:00:00.000Z
GHED_CHE_pc_US_SHA2011,Current health expenditure (CHE) per capita in US$,numeric,EUR,Europe,Country,EST,Estonia,Year,2023,true,,,,,,,,,,,,,2258,,,,,,2258.46,,,EN,2025-12-04T11:00:00.000Z
GHED_CHE_pc_US_SHA2011,Current health expenditure (CHE) per capita in US$,numeric,AMR,Americas,Country,BHS,Bahamas,Year,2023,true,,,,,,,,,,,,,2262,,,,,,2262.33,,,EN,2025-12-04T11:00:00.000Z
GHED_CHE_pc_US_SHA2011,Current health expenditure (CHE) per capita in US$,numeric,WPR,Western Pacific,Country,NRU,Naoero,Year,2023,true,,,,,,,,,,,,,2292,,,,,,2292.37,,,EN,2025-12-04T11:00:00.000Z
GHED_CHE_pc_US_SHA2011,Current health expenditure (CHE) per capita in US$,numeric,WPR,Western Pacific,Country,NIU,Niue,Year,2023,true,,,,,,,,,,,,,2299,,,,,,2299.44,,,EN,2025-12-04T11:00:00.000Z
GHED_CHE_pc_US_SHA2011,Current health expenditure (CHE) per capita in US$,numeric,AFR,Africa,Country,COD,Democratic Republic of the Congo,Year,2023,true,,,,,,,,,,,,,23.43,,,,,,23.43,,,EN,2025-12-04T11:00:00.000Z
GHED_CHE_pc_US_SHA2011,Current health expenditure (CHE) per capita in US$,numeric,EMR,Eastern Mediterranean,Country,MAR,Morocco,Year,2023,true,,,,,,,,,,,,,232.2,,,,,,232.25,,,EN,2025-12-04T11:00:00.000Z
GHED_CHE_pc_US_SHA2011,Current health expenditure (CHE) per capita in US$,numeric,AFR,Africa,Country,DZA,Algeria,Year,2023,true,,,,,,,,,,,,,233.4,,,,,,233.38,,,EN,2025-12-04T11:00:00.000Z
GHED_CHE_pc_US_SHA2011,Current health expenditure (CHE) per capita in US$,numeric,AFR,Africa,Country,GNQ,Equatorial Guinea,Year,2023,true,,,,,,,,,,,,,233.7,,,,,,233.68,,,EN,2025-12-04T11:00:00.000Z
GHED_CHE_pc_US_SHA2011,Current health expenditure (CHE) per capita in US$,numeric,WPR,Western Pacific,Country,KIR,Kiribati,Year,2023,true,,,,,,,,,,,,,238.1,,,,,,238.13,,,EN,2025-12-04T11:00:00.000Z
GHED_CHE_pc_US_SHA2011,Current health expenditure (CHE) per capita in US$,numeric,EMR,Eastern Mediterranean,Country,ARE,United Arab Emirates,Year,2023,true,,,,,,,,,,,,,2402,,,,,,2401.52,,,EN,2025-12-04T11:00:00.000Z
GHED_CHE_pc_US_SHA2011,Current health expenditure (CHE) per capita in US$,numeric,AMR,Americas,Country,HND,Honduras,Year,2023,true,,,,,,,,,,,,,249.2,,,,,,249.15,,,EN,2025-12-04T11:00:00.000Z
GHED_CHE_pc_US_SHA2011,Current health expenditure (CHE) per capita in US$,numeric,AFR,Africa,Country,GMB,Gambia,Year,2023,true,,,,,,,,,,,,,25.74,,,,,,25.74,,,EN,2025-12-04T11:00:00.000Z
GHED_CHE_pc_US_SHA2011,Current health expenditure (CHE) per capita in US$,numeric,AFR,Africa,Country,GAB,Gabon,Year,2023,true,,,,,,,,,,,,,253,,,,,,252.98,,,EN,2025-12-04T11:00:00.000Z
GHED_CHE_pc_US_SHA2011,Current health expenditure (CHE) per capita in US$,numeric,AMR,Americas,Country,BOL,Bolivia (Plurinational State of),Year,2023,true,,,,,,,,,,,,,255,,,,,,255.04,,,EN,2025-12-04T11:00:00.000Z
GHED_CHE_pc_US_SHA2011,Current health expenditure (CHE) per capita in US$,numeric,AFR,Africa,Country,NER,Niger,Year,2023,true,,,,,,,,,,,,,26.01,,,,,,26.01,,,EN,2025-12-04T11:00:00.000Z
GHED_CHE_pc_US_SHA2011,Current health expenditure (CHE) per capita in US$,numeric,EMR,Eastern Mediterranean,Country,LBN,Lebanon,Year,2023,true,,,,,,,,,,,,,260.8,,,,,,260.81,,,EN,2025-12-04T11:00:00.000Z
GHED_CHE_pc_US_SHA2011,Current health expenditure (CHE) per capita in US$,numeric,EMR,Eastern Mediterranean,Country,IRN,Iran (Islamic Republic of),Year,2023,true,,,,,,,,,,,,,267.1,,,,,,267.06,,,EN,2025-12-04T11:00:00.000Z
GHED_CHE_pc_US_SHA2011,Current health expenditure (CHE) per capita in US$,numeric,EUR,Europe,Country,CZE,Czechia,Year,2023,true,,,,,,,,,,,,,2671,,,,,,2671.08,,,EN,2025-12-04T11:00:00.000Z
GHED_CHE_pc_US_SHA2011,Current health expenditure (CHE) per capita in US$,numeric,WPR,Western Pacific,Country,LAO,Lao People's Democratic Republic,Year,2023,true,,,,,,,,,,,,,27.42,,,,,,27.42,,,EN,2025-12-04T11:00:00.000Z
GHED_CHE_pc_US_SHA2011,Current health expenditure (CHE) per capita in US$,numeric,EUR,Europe,Country,PRT,Portugal,Year,2023,true,,,,,,,,,,,,,2762,,,,,,2762.26,,,EN,2025-12-04T11:00:00.000Z
GHED_CHE_pc_US_SHA2011,Current health expenditure (CHE) per capita in US$,numeric,AFR,Africa,Country,BDI,Burundi,Year,2023,true,,,,,,,,,,,,,28.14,,,,,,28.14,,,EN,2025-12-04T11:00:00.000Z
GHED_CHE_pc_US_SHA2011,Current health expenditure (CHE) per capita in US$,numeric,AFR,Africa,Country,ERI,Eritrea,Year,2023,true,,,,,,,,,,,,,28.3,,,,,,28.30,,,EN,2025-12-04T11:00:00.000Z
GHED_CHE_pc_US_SHA2011,Current health expenditure (CHE) per capita in US$,numeric,EUR,Europe,Country,CYP,Cyprus,Year,2023,true,,,,,,,,,,,,,2899,,,,,,2899.36,,,EN,2025-12-04T11:00:00.000Z
GHED_CHE_pc_US_SHA2011,Current health expenditure (CHE) per capita in US$,numeric,AFR,Africa,Country,CPV,Cabo Verde,Year,2023,true,,,,,,,,,,,,,290.1,,,,,,290.13,,,EN,2025-12-04T11:00:00.000Z
GHED_CHE_pc_US_SHA2011,Current health expenditure (CHE) per capita in US$,numeric,WPR,Western Pacific,Country,WSM,Samoa,Year,2023,true,,,,,,,,,,,,,292.8,,,,,,292.81,,,EN,2025-12-04T11:00:00.000Z
GHED_CHE_pc_US_SHA2011,Current health expenditure (CHE) per capita in US$,numeric,AFR,Africa,Country,SWZ,Eswatini,Year,2023,true,,,,,,,,,,,,,296,,,,,,296.05,,,EN,2025-12-04T11:00:00.000Z
GHED_CHE_pc_US_SHA2011,Current health expenditure (CHE) per capita in US$,numeric,AMR,Americas,Country,SUR,Suriname,Year,2023,true,,,,,,,,,,,,,297,,,,,,297.05,,,EN,2025-12-04T11:00:00.000Z
GHED_CHE_pc_US_SHA2011,Current health expenditure (CHE) per capita in US$,numeric,EUR,Europe,Country,AZE,Azerbaijan,Year,2023,true,,,,,,,,,,,,,299.8,,,,,,299.81,,,EN,2025-12-04T11:00:00.000Z
GHED_CHE_pc_US_SHA2011,Current health expenditure (CHE) per capita in US$,numeric,EMR,Eastern Mediterranean,Country,PAK,Pakistan,Year,2023,true,,,,,,,,,,,,,30.49,,,,,,30.49,,,EN,2025-12-04T11:00:00.000Z
GHED_CHE_pc_US_SHA2011,Current health expenditure (CHE) per capita in US$,numeric,EUR,Europe,Country,SVN,Slovenia,Year,2023,true,,,,,,,,,,,,,3038,,,,,,3037.76,,,EN,2025-12-04T11:00:00.000Z
GHED_CHE_pc_US_SHA2011,Current health expenditure (CHE) per capita in US$,numeric,WPR,Western Pacific,Country,KOR,Republic of Korea,Year,2023,true,,,,,,,,,,,,,3044,,,,,,3043.87,,,EN,2025-12-04T11:00:00.000Z
GHED_CHE_pc_US_SHA2011,Current health expenditure (CHE) per capita in US$,numeric,AMR,Americas,Country,BLZ,Belize,Year,2023,true,,,,,,,,,,,,,309.4,,,,,,309.41,,,EN,2025-12-04T11:00:00.000Z
GHED_CHE_pc_US_SHA2011,Current health expenditure (CHE) per capita in US$,numeric,EUR,Europe,Country,ESP,Spain,Year,2023,true,,,,,,,,,,,,,3107,,,,,,3106.62,,,EN,2025-12-04T11:00:00.000Z
GHED_CHE_pc_US_SHA2011,Current health expenditure (CHE) per capita in US$,numeric,EMR,Eastern Mediterranean,Country,TUN,Tunisia,Year,2023,true,,,,,,,,,,,,,317.7,,,,,,317.71,,,EN,2025-12-04T11:00:00.000Z
GHED_CHE_pc_US_SHA2011,Current health expenditure (CHE) per capita in US$,numeric,SEAR,South-East Asia,Country,THA,Thailand,Year,2023,true,,,,,,,,,,,,,326.5,,,,,,326.50,,,EN,2025-12-04T11:00:00.000Z
GHED_CHE_pc_US_SHA2011,Current health expenditure (CHE) per capita in US$,numeric,EUR,Europe,Country,ITA,Italy,Year,2023,true,,,,,,,,,,,,,3283,,,,,,3283.47,,,EN,2025-12-04T11:00:00.000Z
GHED_CHE_pc_US_SHA2011,Current health expenditure (CHE) per capita in US$,numeric,EMR,Eastern Mediterranean,Country,SYR,Syrian Arab Republic,Year,2023,true,,,,,,,,,,,,,33.34,,,,,,33.34,,,EN,2025-12-04T11:00:00.000Z
GHED_CHE_pc_US_SHA2011,Current health expenditure (CHE) per capita in US$,numeric,AFR,Africa,Country,MLI,Mali,Year,2023,true,,,,,,,,,,,,,33.98,,,,,,33.98,,,EN,2026-01-11T11:00:00.000Z
GHED_CHE_pc_US_SHA2011,Current health expenditure (CHE) per capita in US$,numeric,EMR,Eastern Mediterranean,Country,IRQ,Iraq,Year,2023,true,,,,,,,,,,,,,333.3,,,,,,333.29,,,EN,2025-12-04T11:00:00.000Z
GHED_CHE_pc_US_SHA2011,Current health expenditure (CHE) per capita in US$,numeric,AFR,Africa,Country,ETH,Ethiopia,Year,2023,true,,,,,,,,,,,,,34.8,,,,,,34.80,,,EN,2025-12-04T11:00:00.000Z
GHED_CHE_pc_US_SHA2011,Current health expenditure (CHE) per capita in US$,numeric,EMR,Eastern Mediterranean,Country,JOR,Jordan,Year,2023,true,,,,,,,,,,,,,342.1,,,,,,342.10,,,EN,2025-12-04T11:00:00.000Z
GHED_CHE_pc_US_SHA2011,Current health expenditure (CHE) per capita in US$,numeric,EMR,Eastern Mediterranean,Country,PSE,"occupied Palestinian territory, including east Jerusalem",Year,2023,true,,,,,,,,,,,,,345.7,,,,,,345.68,,,EN,2025-12-04T11:00:00.000Z
GHED_CHE_pc_US_SHA2011,Current health expenditure (CHE) per capita in US$,numeric,AFR,Africa,Country,SLE,Sierra Leone,Year,2023,true,,,,,,,,,,,,,35.76,,,,,,35.76,,,EN,2025-12-04T11:00:00.000Z
GHED_CHE_pc_US_SHA2011,Current health expenditure (CHE) per capita in US$,numeric,WPR,Western Pacific,Country,TON,Tonga,Year,2023,true,,,,,,,,,,,,,357.5,,,,,,357.54,,,EN,2025-12-04T11:00:00.000Z
GHED_CHE_pc_US_SHA2011,Current health expenditure (CHE) per capita in US$,numeric,WPR,Western Pacific,Country,MNG,Mongolia,Year,2023,true,,,,,,,,,,,,,359.6,,,,,,359.61,,,EN,2025-12-04T11:00:00.000Z
GHED_CHE_pc_US_SHA2011,Current health expenditure (CHE) per capita in US$,numeric,AFR,Africa,Country,TZA,United Republic of Tanzania,Year,2023,true,,,,,,,,,,,,,36.26,,,,,,36.26,,,EN,2025-12-04T11:00:00.000Z
GHED_CHE_pc_US_SHA2011,Current health expenditure (CHE) per capita in US$,numeric,EUR,Europe,Country,AND,Andorra,Year,2023,true,,,,,,,,,,,,,3605,,,,,,3605.20,,,EN,2025-12-04T11:00:00.000Z
GHED_CHE_pc_US_SHA2011,Current health expenditure (CHE) per capita in US$,numeric,EUR,Europe,Country,MLT,Malta,Year,2023,true,,,,,,,,,,,,,3623,,,,,,3623.46,,,EN,2025-12-04T11:00:00.000Z
GHED_CHE_pc_US_SHA2011,Current health expenditure (CHE) per capita in US$,numeric,WPR,Western Pacific,Country,JPN,Japan,Year,2023,true,,,,,,,,,,,,,3638,,,,,,3638.19,,,EN,2025-12-04T11:00:00.000Z
GHED_CHE_pc_US_SHA2011,Current health expenditure (CHE) per capita in US$,numeric,AMR,Americas,Country,GTM,Guatemala,Year,2023,true,,,,,,,,,,,,,392,,,,,,392.01,,,EN,2025-12-04T11:00:00.000Z
GHED_CHE_pc_US_SHA2011,Current health expenditure (CHE) per capita in US$,numeric,WPR,Western Pacific,Country,SGP,Singapore,Year,2023,true,,,,,,,,,,,,,3922,,,,,,3921.60,,,EN,2025-12-04T11:00:00.000Z
GHED_CHE_pc_US_SHA2011,Current health expenditure (CHE) per capita in US$,numeric,EUR,Europe,Country,SMR,San Marino,Year,2023,true,,,,,,,,,,,,,3924,,,,,,3923.52,,,EN,2025-12-04T11:00:00.000Z
GHED_CHE_pc_US_SHA2011,Current health expenditure (CHE) per capita in US$,numeric,EUR,Europe,Country,ISR,Israel,Year,2023,true,,,,,,,,,,,,,3928,,,,,,3927.70,,,EN,2025-12-04T11:00:00.000Z
GHED_CHE_pc_US_SHA2011,Current health expenditure (CHE) per capita in US$,numeric,AFR,Africa,Country,NAM,Namibia,Year,2023,true,,,,,,,,,,,,,397.1,,,,,,397.09,,,EN,2025-12-04T11:00:00.000Z
GHED_CHE_pc_US_SHA2011,Current health expenditure (CHE) per capita in US$,numeric,AFR,Africa,Country,MWI,Malawi,Year,2023,true,,,,,,,,,,,,,41.27,,,,,,41.27,,,EN,2025-12-04T11:00:00.000Z
GHED_CHE_pc_US_SHA2011,Current health expenditure (CHE) per capita in US$,numeric,AMR,Americas,Country,PER,Peru,Year,2023,true,,,,,,,,,,,,,445.5,,,,,,445.53,,,EN,2025-12-04T11:00:00.000Z
GHED_CHE_pc_US_SHA2011,Current health expenditure (CHE) per capita in US$,numeric,AFR,Africa,Country,UGA,Uganda,Year,2023,true,,,,,,,,,,,,,45.21,,,,,,45.21,,,EN,2025-12-04T11:00:00.000Z
GHED_CHE_pc_US_SHA2011,Current health expenditure (CHE) per capita in US$,numeric,WPR,Western Pacific,Country,MYS,Malaysia,Year,2023,true,,,,,,,,,,,,,450.3,,,,,,450.34,,,EN,2025-12-04T11:00:00.000Z
GHED_CHE_pc_US_SHA2011,Current health expenditure (CHE) per capita in US$,numeric,EUR,Europe,Country,MDA,Republic of Moldova,Year,2023,true,,,,,,,,,,,,,451.7,,,,,,451.73,,,EN,2025-12-04T11:00:00.000Z
GHED_CHE_pc_US_SHA2011,Current health expenditure (CHE) per capita in US$,numeric,AFR,Africa,Country,BEN,Benin,Year,2023,true,,,,,,,,,,,,,46.53,,,,,,46.53,,,EN,2025-12-04T11:00:00.000Z
GHED_CHE_pc_US_SHA2011,Current health expenditure (CHE) per capita in US$,numeric,AMR,Americas,Country,VCT,Saint Vincent and the Grenadines,Year,2023,true,,,,,,,,,,,,,469.2,,,,,,469.21,,,EN,2025-12-04T11:00:00.000Z
GHED_CHE_pc_US_SHA2011,Current health expenditure (CHE) per capita in US$,numeric,AFR,Africa,Country,TCD,Chad,Year,2023,true,,,,,,,,,,,,,47.44,,,,,,47.44,,,EN,2025-12-04T11:00:00.000Z
GHED_CHE_pc_US_SHA2011,Current health expenditure (CHE) per capita in US$,numeric,EMR,Eastern Mediterranean,Country,YEM,Yemen,Year,2023,true,,,,,,,,,,,,,47.78,,,,,,47.78,,,EN,2025-12-04T11:00:00.000Z
GHED_CHE_pc_US_SHA2011,Current health expenditure (CHE) per capita in US$,numeric,EMR,Eastern Mediterranean,Country,LBY,Libya,Year,2023,true,,,,,,,,,,,,,470.4,,,,,,470.40,,,EN,2025-12-04T11:00:00.000Z
GHED_CHE_pc_US_SHA2011,Current health expenditure (CHE) per capita in US$,numeric,AMR,Americas,Country,DOM,Dominican Republic,Year,2023,true,,,,,,,,,,,,,488.9,,,,,,488.87,,,EN,2025-12-04T11:00:00.000Z
GHED_CHE_pc_US_SHA2011,Current health expenditure (CHE) per capita in US$,numeric,AFR,Africa,Country,BWA,Botswana,Year,2023,true,,,,,,,,,,,,,489.6,,,,,,489.60,,,EN,2025-12-04T11:00:00.000Z
GHED_CHE_pc_US_SHA2011,Current health expenditure (CHE) per capita in US$,numeric,EUR,Europe,Country,KAZ,Kazakhstan,Year,2023,true,,,,,,,,,,,,,489.7,,,,,,489.71,,,EN,2025-12-04T11:00:00.000Z
GHED_CHE_pc_US_SHA2011,Current health expenditure (CHE) per capita in US$,numeric,AMR,Americas,Country,DMA,Dominica,Year,2023,true,,,,,,,,,,,,,492.5,,,,,,492.45,,,EN,2025-12-04T11:00:00.000Z
GHED_CHE_pc_US_SHA2011,Current health expenditure (CHE) per capita in US$,numeric,WPR,Western Pacific,Country,NZL,New Zealand,Year,2023,true,,,,,,,,,,,,,4997,,,,,,4997.24,,,EN,2025-12-04T11:00:00.000Z
GHED_CHE_pc_US_SHA2011,Current health expenditure (CHE) per capita in US$,numeric,AMR,Americas,Country,SLV,El Salvador,Year,2023,true,,,,,,,,,,,,,500.7,,,,,,500.69,,,EN,2025-12-04T11:00:00.000Z
GHED_CHE_pc_US_SHA2011,Current health expenditure (CHE) per capita in US$,numeric,AMR,Americas,Country,GUY,Guyana,Year,2023,true,,,,,,,,,,,,,505,,,,,,505.03,,,EN,2025-12-04T11:00:00.000Z
GHED_CHE_pc_US_SHA2011,Current health expenditure (CHE) per capita in US$,numeric,WPR,Western Pacific,Country,FSM,Micronesia (Federated States of),Year,2023,true,,,,,,,,,,,,,507.8,,,,,,507.78,,,EN,2025-12-04T11:00:00.000Z
GHED_CHE_pc_US_SHA2011,Current health expenditure (CHE) per capita in US$,numeric,AMR,Americas,Country,ECU,Ecuador,Year,2023,true,,,,,,,,,,,,,509.5,,,,,,509.49,,,EN,2025-12-04T11:00:00.000Z
GHED_CHE_pc_US_SHA2011,Current health expenditure (CHE) per capita in US$,numeric,EUR,Europe,Country,FRA,France,Year,2023,true,,,,,,,,,,,,,5149,,,,,,5149.05,,,EN,2025-12-04T11:00:00.000Z
GHED_CHE_pc_US_SHA2011,Current health expenditure (CHE) per capita in US$,numeric,AFR,Africa,Country,RWA,Rwanda,Year,2023,true,,,,,,,,,,,,,52.66,,,,,,52.66,,,EN,2025-12-04T11:00:00.000Z
GHED_CHE_pc_US_SHA2011,Current health expenditure (CHE) per capita in US$,numeric,AFR,Africa,Country,MOZ,Mozambique,Year,2023,true,,,,,,,,,,,,,52.96,,,,,,52.96,,,EN,2025-12-04T11:00:00.000Z
GHED_CHE_pc_US_SHA2011,Current health expenditure (CHE) per capita in US$,numeric,AMR,Americas,Country,JAM,Jamaica,Year,2023,true,,,,,,,,,,,,,520.2,,,,,,520.16,,,EN,2025-12-04T11:00:00.000Z
GHED_CHE_pc_US_SHA2011,Current health expenditure (CHE) per capita in US$,numeric,AMR,Americas,Country,GRD,Grenada,Year,2023,true,,,,,,,,,,,,,526.4,,,,,,526.39,,,EN,2025-12-04T11:00:00.000Z
GHED_CHE_pc_US_SHA2011,Current health expenditure (CHE) per capita in US$,numeric,AMR,Americas,Country,PRY,Paraguay,Year,2023,true,,,,,,,,,,,,,526.5,,,,,,526.51,,,EN,2025-12-04T11:00:00.000Z
GHED_CHE_pc_US_SHA2011,Current health expenditure (CHE) per capita in US$,numeric,SEAR,South-East Asia,Country,BGD,Bangladesh,Year,2023,true,,,,,,,,,,,,,53.46,,,,,,53.46,,,EN,2025-12-04T11:00:00.000Z
GHED_CHE_pc_US_SHA2011,Current health expenditure (CHE) per capita in US$,numeric,AFR,Africa,Country,CAF,Central African Republic,Year,2023,true,,,,,,,,,,,,,53.81,,,,,,53.81,,,EN,2025-12-04T11:00:00.000Z
GHED_CHE_pc_US_SHA2011,Current health expenditure (CHE) per capita in US$,numeric,AFR,Africa,Country,ZAF,South Africa,Year,2023,true,,,,,,,,,,,,,536.6,,,,,,536.59,,,EN,2025-12-04T11:00:00.000Z
GHED_CHE_pc_US_SHA2011,Current health expenditure (CHE) per capita in US$,numeric,AMR,Americas,Country,HTI,Haiti,Year,2023,true,,,,,,,,,,,,,54.41,,,,,,54.41,,,EN,2025-12-04T11:00:00.000Z
GHED_CHE_pc_US_SHA2011,Current health expenditure (CHE) per capita in US$,numeric,EUR,Europe,Country,GBR,United Kingdom of Great Britain and Northern Ireland,Year,2023,true,,,,,,,,,,,,,5407,,,,,,5407.17,,,EN,2025-12-04T11:00:00.000Z
GHED_CHE_pc_US_SHA2011,Current health expenditure (CHE) per capita in US$,numeric,EUR,Europe,Country,TUR,Türkiye,Year,2023,true,,,,,,,,,,,,,547.8,,,,,,547.81,,,EN,2025-12-04T11:00:00.000Z
GHED_CHE_pc_US_SHA2011,Current health expenditure (CHE) per capita in US$,numeric,EUR,Europe,Country,FIN,Finland,Year,2023,true,,,,,,,,,,,,,5515,,,,,,5515.40,,,EN,2025-12-04T11:00:00.000Z
GHED_CHE_pc_US_SHA2011,Current health expenditure (CHE) per capita in US$,numeric,EUR,Europe,Country,GEO,Georgia,Year,2023,true,,,,,,,,,,,,,554.3,,,,,,554.32,,,EN,2025-12-04T11:00:00.000Z
GHED_CHE_pc_US_SHA2011,Current health expenditure (CHE) per capita in US$,numeric,EUR,Europe,Country,BLR,Belarus,Year,2023,true,,,,,,,,,,,,,558.2,,,,,,558.23,,,EN,2025-12-04T11:00:00.000Z
GHED_CHE_pc_US_SHA2011,Current health expenditure (CHE) per capita in US$,numeric,SEAR,South-East Asia,Country,MMR,Myanmar,Year,2023,true,,,,,,,,,,,,,56.19,,,,,,56.19,,,EN,2025-12-04T11:00:00.000Z
GHED_CHE_pc_US_SHA2011,Current health expenditure (CHE) per capita in US$,numeric,AMR,Americas,Country,COL,Colombia,Year,2023,true,,,,,,,,,,,,,571.2,,,,,,571.15,,,EN,2025-12-04T11:00:00.000Z
GHED_CHE_pc_US_SHA2011,Current health expenditure (CHE) per capita in US$,numeric,EUR,Europe,Country,TKM,Turkmenistan,Year,2023,true,,,,,,,,,,,,,581.4,,,,,,581.38,,,EN,2025-12-04T11:00:00.000Z
GHED_CHE_pc_US_SHA2011,Current health expenditure (CHE) per capita in US$,numeric,EMR,Eastern Mediterranean,Country,AFG,Afghanistan,Year,2023,true,,,,,,,,,,,,,59.07,,,,,,59.07,,,EN,2025-12-04T11:00:00.000Z
GHED_CHE_pc_US_SHA2011,Current health expenditure (CHE) per capita in US$,numeric,AFR,Africa,Country,GIN,Guinea,Year,2023,true,,,,,,,,,,,,,59.33,,,,,,59.33,,,EN,2025-12-04T11:00:00.000Z
GHED_CHE_pc_US_SHA2011,Current health expenditure (CHE) per capita in US$,numeric,EUR,Europe,Country,ALB,Albania,Year,2023,true,,,,,,,,,,,,,590.6,,,,,,590.63,,,EN,2025-12-04T11:00:00.000Z
GHED_CHE_pc_US_SHA2011,Current health expenditure (CHE) per capita in US$,numeric,EUR,Europe,Country,BEL,Belgium,Year,2023,true,,,,,,,,,,,,,5931,,,,,,5931.01,,,EN,2025-12-04T11:00:00.000Z
GHED_CHE_pc_US_SHA2011,Current health expenditure (CHE) per capita in US$,numeric,AFR,Africa,Country,NGA,Nigeria,Year,2023,true,,,,,,,,,,,,,61.57,,,,,,61.57,,,EN,2026-01-11T11:00:00.000Z
GHED_CHE_pc_US_SHA2011,Current health expenditure (CHE) per capita in US$,numeric,AFR,Africa,Country,MUS,Mauritius,Year,2023,true,,,,,,,,,,,,,616.2,,,,,,616.21,,,EN,2025-12-04T11:00:00.000Z
GHED_CHE_pc_US_SHA2011,Current health expenditure (CHE) per capita in US$,numeric,AMR,Americas,Country,CAN,Canada,Year,2023,true,,,,,,,,,,,,,6187,,,,,,6186.65,,,EN,2025-12-04T11:00:00.000Z
GHED_CHE_pc_US_SHA2011,Current health expenditure (CHE) per capita in US$,numeric,AFR,Africa,Country,ZWE,Zimbabwe,Year,2023,true,,,,,,,,,,,,,62.93,,,,,,62.93,,,EN,2025-12-04T11:00:00.000Z
GHED_CHE_pc_US_SHA2011,Current health expenditure (CHE) per capita in US$,numeric,EUR,Europe,Country,SWE,Sweden,Year,2023,true,,,,,,,,,,,,,6206,,,,,,6206.23,,,EN,2025-12-04T11:00:00.000Z
GHED_CHE_pc_US_SHA2011,Current health expenditure (CHE) per capita in US$,numeric,EUR,Europe,Country,AUT,Austria,Year,2023,true,,,,,,,,,,,,,6268,,,,,,6267.93,,,EN,2025-12-04T11:00:00.000Z
GHED_CHE_pc_US_SHA2011,Current health expenditure (CHE) per capita in US$,numeric,EUR,Europe,Country,NLD,Netherlands (Kingdom of the),Year,2023,true,,,,,,,,,,,,,6372,,,,,,6371.86,,,EN,2025-12-04T11:00:00.000Z
GHED_CHE_pc_US_SHA2011,Current health expenditure (CHE) per capita in US$,numeric,EUR,Europe,Country,MKD,North Macedonia,Year,2023,true,,,,,,,,,,,,,639.4,,,,,,639.42,,,EN,2025-12-04T11:00:00.000Z
GHED_CHE_pc_US_SHA2011,Current health expenditure (CHE) per capita in US$,numeric,EUR,Europe,Country,DEU,Germany,Year,2023,true,,,,,,,,,,,,,6395,,,,,,6394.62,,,EN,2025-12-04T11:00:00.000Z
GHED_CHE_pc_US_SHA2011,Current health expenditure (CHE) per capita in US$,numeric,AMR,Americas,Country,LCA,Saint Lucia,Year,2023,true,,,,,,,,,,,,,641.1,,,,,,641.07,,,EN,2025-12-04T11:00:00.000Z
GHED_CHE_pc_US_SHA2011,Current health expenditure (CHE) per capita in US$,numeric,EUR,Europe,Country,DNK,Denmark,Year,2023,true,,,,,,,,,,,,,6511,,,,,,6510.63,,,EN,2025-12-04T11:00:00.000Z
GHED_CHE_pc_US_SHA2011,Current health expenditure (CHE) per capita in US$,numeric,AFR,Africa,Country,TGO,Togo,Year,2023,true,,,,,,,,,,,,,67.44,,,,,,67.44,,,EN,2026-04-09T12:00:00.000Z
GHED_CHE_pc_US_SHA2011,Current health expenditure (CHE) per capita in US$,numeric,EUR,Europe,Country,IRL,Ireland,Year,2023,true,,,,,,,,,,,,,6878,,,,,,6877.94,,,EN,2025-12-04T11:00:00.000Z
GHED_CHE_pc_US_SHA2011,Current health expenditure (CHE) per capita in US$,numeric,WPR,Western Pacific,Country,AUS,Australia,Year,2023,true,,,,,,,,,,,,,6980,,,,,,6980.39,,,EN,2025-12-04T11:00:00.000Z
GHED_CHE_pc_US_SHA2011,Current health expenditure (CHE) per capita in US$,numeric,AFR,Africa,Country,GHA,Ghana,Year,2023,true,,,,,,,,,,,,,70.26,,,,,,70.26,,,EN,2026-01-11T11:00:00.000Z
GHED_CHE_pc_US_SHA2011,Current health expenditure (CHE) per capita in US$,numeric,EUR,Europe,Country,ISL,Iceland,Year,2023,true,,,,,,,,,,,,,7065,,,,,,7064.62,,,EN,2025-12-04T11:00:00.000Z
GHED_CHE_pc_US_SHA2011,Current health expenditure (CHE) per capita in US$,numeric,AFR,Africa,Country,BFA,Burkina Faso,Year,2023,true,,,,,,,,,,,,,71.73,,,,,,71.73,,,EN,2025-12-04T11:00:00.000Z
GHED_CHE_pc_US_SHA2011,Current health expenditure (CHE) per capita in US$,numeric,AFR,Africa,Country,SSD,South Sudan,Year,2023,true,,,,,,,,,,,,,72.76,,,,,,72.76,,,EN,2025-12-04T11:00:00.000Z
GHED_CHE_pc_US_SHA2011,Current health expenditure (CHE) per capita in US$,numeric,AFR,Africa,Country,SEN,Senegal,Year,2023,true,,,,,,,,,,,,,73.23,,,,,,73.23,,,EN,2026-01-11T11:00:00.000Z
GHED_CHE_pc_US_SHA2011,Current health expenditure (CHE) per capita in US$,numeric,EMR,Eastern Mediterranean,Country,OMN,Oman,Year,2023,true,,,,,,,,,,,,,732,,,,,,732.04,,,EN,2025-12-04T11:00:00.000Z
GHED_CHE_pc_US_SHA2011,Current health expenditure (CHE) per capita in US$,numeric,WPR,Western Pacific,Country,BRN,Brunei Darussalam,Year,2023,true,,,,,,,,,,,,,733,,,,,,733.01,,,EN,2025-12-04T11:00:00.000Z
GHED_CHE_pc_US_SHA2011,Current health expenditure (CHE) per capita in US$,numeric,AFR,Africa,Country,COG,Congo,Year,2023,true,,,,,,,,,,,,,75.55,,,,,,75.55,,,EN,2025-12-04T11:00:00.000Z
GHED_CHE_pc_US_SHA2011,Current health expenditure (CHE) per capita in US$,numeric,EUR,Europe,Country,LUX,Luxembourg,Year,2023,true,,,,,,,,,,,,,7511,,,,,,7510.99,,,EN,2025-12-04T11:00:00.000Z
GHED_CHE_pc_US_SHA2011,Current health expenditure (CHE) per capita in US$,numeric,AFR,Africa,Country,AGO,Angola,Year,2023,true,,,,,,,,,,,,,76.07,,,,,,76.07,,,EN,2025-12-04T11:00:00.000Z
GHED_CHE_pc_US_SHA2011,Current health expenditure (CHE) per capita in US$,numeric,AMR,Americas,Country,MEX,Mexico,Year,2023,true,,,,,,,,,,,,,761,,,,,,760.99,,,EN,2025-12-04T11:00:00.000Z
GHED_CHE_pc_US_SHA2011,Current health expenditure (CHE) per capita in US$,numeric,WPR,Western Pacific,Country,CHN,China,Year,2023,true,,,,,,,,,,,,,763.4,,,,,,763.38,,,EN,2025-12-04T11:00:00.000Z
GHED_CHE_pc_US_SHA2011,Current health expenditure (CHE) per capita in US$,numeric,AFR,Africa,Country,SYC,Seychelles,Year,2023,true,,,,,,,,,,,,,766.3,,,,,,766.29,,,EN,2025-12-04T11:00:00.000Z
GHED_CHE_pc_US_SHA2011,Current health expenditure (CHE) per capita in US$,numeric,EUR,Europe,Country,ARM,Armenia,Year,2023,true,,,,,,,,,,,,,767,,,,,,766.96,,,EN,2025-12-04T11:00:00.000Z
GHED_CHE_pc_US_SHA2011,Current health expenditure (CHE) per capita in US$,numeric,EMR,Eastern Mediterranean,Country,DJI,Djibouti,Year,2023,true,,,,,,,,,,,,,77.57,,,,,,77.57,,,EN,2025-12-04T11:00:00.000Z
GHED_CHE_pc_US_SHA2011,Current health expenditure (CHE) per capita in US$,numeric,EUR,Europe,Country,BIH,Bosnia and Herzegovina,Year,2023,true,,,,,,,,,,,,,772.9,,,,,,772.89,,,EN,2025-12-04T11:00:00.000Z
GHED_CHE_pc_US_SHA2011,Current health expenditure (CHE) per capita in US$,numeric,AFR,Africa,Country,CMR,Cameroon,Year,2023,true,,,,,,,,,,,,,79.1,,,,,,79.10,,,EN,2025-12-04T11:00:00.000Z
GHED_CHE_pc_US_SHA2011,Current health expenditure (CHE) per capita in US$,numeric,AFR,Africa,Country,ZMB,Zambia,Year,2023,true,,,,,,,,,,,,,79.56,,,,,,79.56,,,EN,2025-12-04T11:00:00.000Z
GHED_CHE_pc_US_SHA2011,Current health expenditure (CHE) per capita in US$,numeric,EUR,Europe,Country,MCO,Monaco,Year,2023,true,,,,,,,,,,,,,8004,,,,,,8004.17,,,EN,2025-12-04T11:00:00.000Z
GHED_CHE_pc_US_SHA2011,Current health expenditure (CHE) per capita in US$,numeric,AFR,Africa,Country,GNB,Guinea-Bissau,Year,2023,true,,,,,,,,,,,,,82.14,,,,,,82.14,,,EN,2025-12-04T11:00:00.000Z
GHED_CHE_pc_US_SHA2011,Current health expenditure (CHE) per capita in US$,numeric,EUR,Europe,Country,NOR,Norway,Year,2023,true,,,,,,,,,,,,,8296,,,,,,8296.36,,,EN,2025-12-04T11:00:00.000Z
GHED_CHE_pc_US_SHA2011,Current health expenditure (CHE) per capita in US$,numeric,SEAR,South-East Asia,Country,NPL,Nepal,Year,2023,true,,,,,,,,,,,,,83.96,,,,,,83.96,,,EN,2025-12-04T11:00:00.000Z
GHED_CHE_pc_US_SHA2011,Current health expenditure (CHE) per capita in US$,numeric,SEAR,South-East Asia,Country,IND,India,Year,2023,true,,,,,,,,,,,,,84.69,,,,,,84.69,,,EN,2025-12-04T11:00:00.000Z
GHED_CHE_pc_US_SHA2011,Current health expenditure (CHE) per capita in US$,numeric,AFR,Africa,Country,KEN,Kenya,Year,2023,true,,,,,,,,,,,,,84.96,,,,,,84.96,,,EN,2025-12-04T11:00:00.000Z
GHED_CHE_pc_US_SHA2011,Current health expenditure (CHE) per capita in US$,numeric,AMR,Americas,Country,ATG,Antigua and Barbuda,Year,2023,true,,,,,,,,,,,,,841.2,,,,,,841.25,,,EN,2025-12-04T11:00:00.000Z
GHED_CHE_pc_US_SHA2011,Current health expenditure (CHE) per capita in US$,numeric,WPR,Western Pacific,Country,PNG,Papua New Guinea,Year,2023,true,,,,,,,,,,,,,85.15,,,,,,85.15,,,EN,2025-12-04T11:00:00.000Z
GHED_CHE_pc_US_SHA2011,Current health expenditure (CHE) per capita in US$,numeric,EUR,Europe,Country,TJK,Tajikistan,Year,2023,true,,,,,,,,,,,,,85.15,,,,,,85.15,,,EN,2025-12-04T11:00:00.000Z
GHED_CHE_pc_US_SHA2011,Current health expenditure (CHE) per capita in US$,numeric,AFR,Africa,Country,CIV,Cote d'Ivoire,Year,2023,true,,,,,,,,,,,,,87.68,,,,,,87.68,,,EN,2026-01-11T11:00:00.000Z
GHED_CHE_pc_US_SHA2011,Current health expenditure (CHE) per capita in US$,numeric,WPR,Western Pacific,Country,MHL,Marshall Islands,Year,2023,true,,,,,,,,,,,,,894.2,,,,,,894.22,,,EN,2025-12-04T11:00:00.000Z
GHED_CHE_pc_US_SHA2011,Current health expenditure (CHE) per capita in US$,numeric,AFR,Africa,Country,MRT,Mauritania,Year,2023,true,,,,,,,,,,,,,92.11,,,,,,92.11,,,EN,2025-12-04T11:00:00.000Z
GHED_CHE_pc_US_SHA2011,Current health expenditure (CHE) per capita in US$,numeric,EUR,Europe,Country,KGZ,Kyrgyzstan,Year,2023,true,,,,,,,,,,,,,96.65,,,,,,96.65,,,EN,2025-12-04T11:00:00.000Z
GHED_CHE_pc_US_SHA2011,Current health expenditure (CHE) per capita in US$,numeric,EUR,Europe,Country,SRB,Serbia,Year,2023,true,,,,,,,,,,,,,983.7,,,,,,983.69,,,EN,2025-12-04T11:00:00.000Z
GHED_CHE_pc_US_SHA2011,Current health expenditure (CHE) per capita in US$,numeric,AFR,Africa,Country,LBR,Liberia,Year,2022,false,,,,,,,,,,,,,100.5,,,,,,100.50,,,EN,2025-12-04T11:00:00.000Z
GHED_CHE_pc_US_SHA2011,Current health expenditure (CHE) per capita in US$,numeric,WPR,Western Pacific,Country,KHM,Cambodia,Year,2022,false,,,,,,,,,,,,,103.9,,,,,,103.90,,,EN,2025-12-04T11:00:00.000Z
GHED_CHE_pc_US_SHA2011,Current health expenditure (CHE) per capita in US$,numeric,AFR,Africa,Country,AGO,Angola,Year,2022,false,,,,,,,,,,,,,103.9,,,,,,103.95,,,EN,2025-12-04T11:00:00.000Z
GHED_CHE_pc_US_SHA2011,Current health expenditure (CHE) per capita in US$,numeric,EUR,Europe,Country,MNE,Montenegro,Year,2022,false,,,,,,,,,,,,,1033,,,,,,1032.91,,,EN,2025-12-04T11:00:00.000Z
GHED_CHE_pc_US_SHA2011,Current health expenditure (CHE) per capita in US$,numeric,EUR,Europe,Country,LIE,Liechtenstein,Year,2022,false,,,,,,,,,,,,,10592,,,,,,10591.59,,,EN,2025-12-04T11:00:00.000Z
GHED_CHE_pc_US_SHA2011,Current health expenditure (CHE) per capita in US$,numeric,EUR,Europe,Country,BGR,Bulgaria,Year,2022,false,,,,,,,,,,,,,1067,,,,,,1066.69,,,EN,2025-12-04T11:00:00.000Z
GHED_CHE_pc_US_SHA2011,Current health expenditure (CHE) per capita in US$,numeric,EUR,Europe,Country,RUS,Russian Federation,Year,2022,false,,,,,,,,,,,,,1083,,,,,,1082.82,,,EN,2025-12-04T11:00:00.000Z
GHED_CHE_pc_US_SHA2011,Current health expenditure (CHE) per capita in US$,numeric,EUR,Europe,Country,CHE,Switzerland,Year,2022,false,,,,,,,,,,,,,10930,,,,,,10930.14,,,EN,2025-12-04T11:00:00.000Z
GHED_CHE_pc_US_SHA2011,Current health expenditure (CHE) per capita in US$,numeric,WPR,Western Pacific,Country,COK,Cook Islands,Year,2022,false,,,,,,,,,,,,,1108,,,,,,1107.60,,,EN,2025-12-04T11:00:00.000Z
GHED_CHE_pc_US_SHA2011,Current health expenditure (CHE) per capita in US$,numeric,AMR,Americas,Country,KNA,Saint Kitts and Nevis,Year,2022,false,,,,,,,,,,,,,1161,,,,,,1161.22,,,EN,2025-12-04T11:00:00.000Z
GHED_CHE_pc_US_SHA2011,Current health expenditure (CHE) per capita in US$,numeric,EMR,Eastern Mediterranean,Country,BHR,Bahrain,Year,2022,false,,,,,,,,,,,,,1179,,,,,,1178.81,,,EN,2025-12-04T11:00:00.000Z
GHED_CHE_pc_US_SHA2011,Current health expenditure (CHE) per capita in US$,numeric,EUR,Europe,Country,POL,Poland,Year,2022,false,,,,,,,,,,,,,1219,,,,,,1219.29,,,EN,2025-12-04T11:00:00.000Z
GHED_CHE_pc_US_SHA2011,Current health expenditure (CHE) per capita in US$,numeric,EUR,Europe,Country,HUN,Hungary,Year,2022,false,,,,,,,,,,,,,1228,,,,,,1228.00,,,EN,2025-12-04T11:00:00.000Z
GHED_CHE_pc_US_SHA2011,Current health expenditure (CHE) per capita in US$,numeric,AFR,Africa,Country,COM,Comoros,Year,2022,false,,,,,,,,,,,,,124.1,,,,,,124.14,,,EN,2025-12-04T11:00:00.000Z
GHED_CHE_pc_US_SHA2011,Current health expenditure (CHE) per capita in US$,numeric,AMR,Americas,Country,USA,United States of America,Year,2022,false,,,,,,,,,,,,,12586,,,,,,12586.20,,,EN,2025-12-04T11:00:00.000Z
GHED_CHE_pc_US_SHA2011,Current health expenditure (CHE) per capita in US$,numeric,AMR,Americas,Country,TTO,Trinidad and Tobago,Year,2022,false,,,,,,,,,,,,,1266,,,,,,1266.29,,,EN,2025-12-04T11:00:00.000Z
GHED_CHE_pc_US_SHA2011,Current health expenditure (CHE) per capita in US$,numeric,WPR,Western Pacific,Country,IDN,Indonesia,Year,2022,false,,,,,,,,,,,,,127.4,,,,,,127.44,,,EN,2025-12-04T11:00:00.000Z
GHED_CHE_pc_US_SHA2011,Current health expenditure (CHE) per capita in US$,numeric,SEAR,South-East Asia,Country,LKA,Sri Lanka,Year,2022,false,,,,,,,,,,,,,130.1,,,,,,130.09,,,EN,2025-12-04T11:00:00.000Z
GHED_CHE_pc_US_SHA2011,Current health expenditure (CHE) per capita in US$,numeric,WPR,Western Pacific,Country,TUV,Tuvalu,Year,2022,false,,,,,,,,,,,,,1300,,,,,,1300.47,,,EN,2025-12-04T11:00:00.000Z
GHED_CHE_pc_US_SHA2011,Current health expenditure (CHE) per capita in US$,numeric,AMR,Americas,Country,BRB,Barbados,Year,2022,false,,,,,,,,,,,,,1302,,,,,,1302.06,,,EN,2025-12-04T11:00:00.000Z
GHED_CHE_pc_US_SHA2011,Current health expenditure (CHE) per capita in US$,numeric,EUR,Europe,Country,HRV,Croatia,Year,2022,false,,,,,,,,,,,,,1329,,,,,,1328.80,,,EN,2025-12-04T11:00:00.000Z
GHED_CHE_pc_US_SHA2011,Current health expenditure (CHE) per capita in US$,numeric,AFR,Africa,Country,LSO,Lesotho,Year,2022,false,,,,,,,,,,,,,133.3,,,,,,133.33,,,EN,2025-12-04T11:00:00.000Z
GHED_CHE_pc_US_SHA2011,Current health expenditure (CHE) per capita in US$,numeric,WPR,Western Pacific,Country,VUT,Vanuatu,Year,2022,false,,,,,,,,,,,,,136.8,,,,,,136.80,,,EN,2025-12-04T11:00:00.000Z
GHED_CHE_pc_US_SHA2011,Current health expenditure (CHE) per capita in US$,numeric,SEAR,South-East Asia,Country,BTN,Bhutan,Year,2022,false,,,,,,,,,,,,,138,,,,,,138.01,,,EN,2025-12-04T11:00:00.000Z
GHED_CHE_pc_US_SHA2011,Current health expenditure (CHE) per capita in US$,numeric,AFR,Africa,Country,STP,Sao Tome and Principe,Year,2022,false,,,,,,,,,,,,,139,,,,,,139.03,,,EN,2025-12-04T11:00:00.000Z
GHED_CHE_pc_US_SHA2011,Current health expenditure (CHE) per capita in US$,numeric,AMR,Americas,Country,ARG,Argentina,Year,2022,false,,,,,,,,,,,,,1416,,,,,,1415.80,,,EN,2025-12-04T11:00:00.000Z
GHED_CHE_pc_US_SHA2011,Current health expenditure (CHE) per capita in US$,numeric,AFR,Africa,Country,MDG,Madagascar,Year,2022,false,,,,,,,,,,,,,15.86,,,,,,15.86,,,EN,2025-12-04T11:00:00.000Z
GHED_CHE_pc_US_SHA2011,Current health expenditure (CHE) per capita in US$,numeric,AMR,Americas,Country,CHL,Chile,Year,2022,false,,,,,,,,,,,,,1541,,,,,,1541.38,,,EN,2025-12-04T11:00:00.000Z
GHED_CHE_pc_US_SHA2011,Current health expenditure (CHE) per capita in US$,numeric,AMR,Americas,Country,PAN,Panama,Year,2022,false,,,,,,,,,,,,,1573,,,,,,1572.93,,,EN,2025-12-04T11:00:00.000Z
GHED_CHE_pc_US_SHA2011,Current health expenditure (CHE) per capita in US$,numeric,EMR,Eastern Mediterranean,Country,SOM,Somalia,Year,2022,false,,,,,,,,,,,,,16.32,,,,,,16.32,,,EN,2025-12-04T11:00:00.000Z
GHED_CHE_pc_US_SHA2011,Current health expenditure (CHE) per capita in US$,numeric,EUR,Europe,Country,SVK,Slovakia,Year,2022,false,,,,,,,,,,,,,1642,,,,,,1642.39,,,EN,2025-12-04T11:00:00.000Z
GHED_CHE_pc_US_SHA2011,Current health expenditure (CHE) per capita in US$,numeric,EUR,Europe,Country,LVA,Latvia,Year,2022,false,,,,,,,,,,,,,1642,,,,,,1642.47,,,EN,2025-12-04T11:00:00.000Z
GHED_CHE_pc_US_SHA2011,Current health expenditure (CHE) per capita in US$,numeric,EMR,Eastern Mediterranean,Country,KWT,Kuwait,Year,2022,false,,,,,,,,,,,,,1683,,,,,,1683.40,,,EN,2025-12-04T11:00:00.000Z
GHED_CHE_pc_US_SHA2011,Current health expenditure (CHE) per capita in US$,numeric,EUR,Europe,Country,UZB,Uzbekistan,Year,2022,false,,,,,,,,,,,,,170.6,,,,,,170.64,,,EN,2025-12-04T11:00:00.000Z
GHED_CHE_pc_US_SHA2011,Current health expenditure (CHE) per capita in US$,numeric,EMR,Eastern Mediterranean,Country,EGY,Egypt,Year,2022,false,,,,,,,,,,,,,171.7,,,,,,171.68,,,EN,2025-12-04T11:00:00.000Z
GHED_CHE_pc_US_SHA2011,Current health expenditure (CHE) per capita in US$,numeric,SEAR,South-East Asia,Country,TLS,Timor-Leste,Year,2022,false,,,,,,,,,,,,,174.9,,,,,,174.92,,,EN,2025-12-04T11:00:00.000Z
GHED_CHE_pc_US_SHA2011,Current health expenditure (CHE) per capita in US$,numeric,EUR,Europe,Country,GRC,Greece,Year,2022,false,,,,,,,,,,,,,1768,,,,,,1768.11,,,EN,2025-12-04T11:00:00.000Z
GHED_CHE_pc_US_SHA2011,Current health expenditure (CHE) per capita in US$,numeric,EMR,Eastern Mediterranean,Country,QAT,Qatar,Year,2022,false,,,,,,,,,,,,,1782,,,,,,1781.50,,,EN,2025-12-04T11:00:00.000Z
GHED_CHE_pc_US_SHA2011,Current health expenditure (CHE) per capita in US$,numeric,AFR,Africa,Country,DZA,Algeria,Year,2022,false,,,,,,,,,,,,,180.3,,,,,,180.33,,,EN,2025-12-04T11:00:00.000Z
GHED_CHE_pc_US_SHA2011,Current health expenditure (CHE) per capita in US$,numeric,WPR,Western Pacific,Country,PHL,Philippines,Year,2022,false,,,,,,,,,,,,,182.9,,,,,,182.93,,,EN,2025-12-04T11:00:00.000Z
GHED_CHE_pc_US_SHA2011,Current health expenditure (CHE) per capita in US$,numeric,EMR,Eastern Mediterranean,Country,SAU,Saudi Arabia,Year,2022,false,,,,,,,,,,,,,1831,,,,,,1830.89,,,EN,2025-12-04T11:00:00.000Z
GHED_CHE_pc_US_SHA2011,Current health expenditure (CHE) per capita in US$,numeric,EUR,Europe,Country,LTU,Lithuania,Year,2022,false,,,,,,,,,,,,,1831,,,,,,1831.28,,,EN,2025-12-04T11:00:00.000Z
GHED_CHE_pc_US_SHA2011,Current health expenditure (CHE) per capita in US$,numeric,AMR,Americas,Country,URY,Uruguay,Year,2022,false,,,,,,,,,,,,,1851,,,,,,1850.81,,,EN,2025-12-04T11:00:00.000Z
GHED_CHE_pc_US_SHA2011,Current health expenditure (CHE) per capita in US$,numeric,WPR,Western Pacific,Country,VNM,Viet Nam,Year,2022,false,,,,,,,,,,,,,188.2,,,,,,188.23,,,EN,2025-12-04T11:00:00.000Z
GHED_CHE_pc_US_SHA2011,Current health expenditure (CHE) per capita in US$,numeric,EUR,Europe,Country,EST,Estonia,Year,2022,false,,,,,,,,,,,,,1999,,,,,,1998.75,,,EN,2025-12-04T11:00:00.000Z
GHED_CHE_pc_US_SHA2011,Current health expenditure (CHE) per capita in US$,numeric,EMR,Eastern Mediterranean,Country,MAR,Morocco,Year,2022,false,,,,,,,,,,,,,201.8,,,,,,201.81,,,EN,2025-12-04T11:00:00.000Z
GHED_CHE_pc_US_SHA2011,Current health expenditure (CHE) per capita in US$,numeric,WPR,Western Pacific,Country,PLW,Palau,Year,2022,false,,,,,,,,,,,,,2078,,,,,,2077.73,,,EN,2025-12-04T11:00:00.000Z
GHED_CHE_pc_US_SHA2011,Current health expenditure (CHE) per capita in US$,numeric,AMR,Americas,Country,NIC,Nicaragua,Year,2022,false,,,,,,,,,,,,,208.6,,,,,,208.57,,,EN,2025-12-04T11:00:00.000Z
GHED_CHE_pc_US_SHA2011,Current health expenditure (CHE) per capita in US$,numeric,AMR,Americas,Country,VEN,Venezuela (Bolivarian Republic of),Year,2022,false,,,,,,,,,,,,,208.7,,,,,,208.67,,,EN,2025-12-04T11:00:00.000Z
GHED_CHE_pc_US_SHA2011,Current health expenditure (CHE) per capita in US$,numeric,AFR,Africa,Country,GNQ,Equatorial Guinea,Year,2022,false,,,,,,,,,,,,,215.3,,,,,,215.33,,,EN,2025-12-04T11:00:00.000Z
GHED_CHE_pc_US_SHA2011,Current health expenditure (CHE) per capita in US$,numeric,WPR,Western Pacific,Country,FJI,Fiji,Year,2022,false,,,,,,,,,,,,,217.2,,,,,,217.15,,,EN,2025-12-04T11:00:00.000Z
GHED_CHE_pc_US_SHA2011,Current health expenditure (CHE) per capita in US$,numeric,WPR,Western Pacific,Country,KIR,Kiribati,Year,2022,false,,,,,,,,,,,,,217.7,,,,,,217.68,,,EN,2025-12-04T11:00:00.000Z
GHED_CHE_pc_US_SHA2011,Current health expenditure (CHE) per capita in US$,numeric,EMR,Eastern Mediterranean,Country,ARE,United Arab Emirates,Year,2022,false,,,,,,,,,,,,,2241,,,,,,2240.91,,,EN,2025-12-04T11:00:00.000Z
GHED_CHE_pc_US_SHA2011,Current health expenditure (CHE) per capita in US$,numeric,WPR,Western Pacific,Country,NRU,Naoero,Year,2022,false,,,,,,,,,,,,,2264,,,,,,2264.07,,,EN,2025-12-04T11:00:00.000Z
GHED_CHE_pc_US_SHA2011,Current health expenditure (CHE) per capita in US$,numeric,WPR,Western Pacific,Country,NIU,Niue,Year,2022,false,,,,,,,,,,,,,2292,,,,,,2291.72,,,EN,2025-12-04T11:00:00.000Z
GHED_CHE_pc_US_SHA2011,Current health expenditure (CHE) per capita in US$,numeric,EMR,Eastern Mediterranean,Country,LBN,Lebanon,Year,2022,false,,,,,,,,,,,,,230.4,,,,,,230.39,,,EN,2025-12-04T11:00:00.000Z
GHED_CHE_pc_US_SHA2011,Current health expenditure (CHE) per capita in US$,numeric,AMR,Americas,Country,BHS,Bahamas,Year,2022,false,,,,,,,,,,,,,2327,,,,,,2327.20,,,EN,2025-12-04T11:00:00.000Z
GHED_CHE_pc_US_SHA2011,Current health expenditure (CHE) per capita in US$,numeric,AFR,Africa,Country,COD,Democratic Republic of the Congo,Year,2022,false,,,,,,,,,,,,,24.38,,,,,,24.38,,,EN,2025-12-04T11:00:00.000Z
GHED_CHE_pc_US_SHA2011,Current health expenditure (CHE) per capita in US$,numeric,AFR,Africa,Country,GAB,Gabon,Year,2022,false,,,,,,,,,,,,,243.1,,,,,,243.10,,,EN,2025-12-04T11:00:00.000Z
GHED_CHE_pc_US_SHA2011,Current health expenditure (CHE) per capita in US$,numeric,EUR,Europe,Country,CZE,Czechia,Year,2022,false,,,,,,,,,,,,,2431,,,,,,2431.08,,,EN,2025-12-04T11:00:00.000Z
GHED_CHE_pc_US_SHA2011,Current health expenditure (CHE) per capita in US$,numeric,AMR,Americas,Country,HND,Honduras,Year,2022,false,,,,,,,,,,,,,244.9,,,,,,244.90,,,EN,2025-12-04T11:00:00.000Z
GHED_CHE_pc_US_SHA2011,Current health expenditure (CHE) per capita in US$,numeric,AFR,Africa,Country,BDI,Burundi,Year,2022,false,,,,,,,,,,,,,25.52,,,,,,25.52,,,EN,2025-12-04T11:00:00.000Z
GHED_CHE_pc_US_SHA2011,Current health expenditure (CHE) per capita in US$,numeric,EMR,Eastern Mediterranean,Country,SDN,Sudan,Year,2022,false,,,,,,,,,,,,,25.75,,,,,,25.75,,,EN,2025-12-04T11:00:00.000Z
GHED_CHE_pc_US_SHA2011,Current health expenditure (CHE) per capita in US$,numeric,EMR,Eastern Mediterranean,Country,IRN,Iran (Islamic Republic of),Year,2022,false,,,,,,,,,,,,,250.2,,,,,,250.23,,,EN,2025-12-04T11:00:00.000Z
GHED_CHE_pc_US_SHA2011,Current health expenditure (CHE) per capita in US$,numeric,WPR,Western Pacific,Country,WSM,Samoa,Year,2022,false,,,,,,,,,,,,,260,,,,,,259.95,,,EN,2025-12-04T11:00:00.000Z
GHED_CHE_pc_US_SHA2011,Current health expenditure (CHE) per capita in US$,numeric,AFR,Africa,Country,NER,Niger,Year,2022,false,,,,,,,,,,,,,26.51,,,,,,26.51,,,EN,2025-12-04T11:00:00.000Z
GHED_CHE_pc_US_SHA2011,Current health expenditure (CHE) per capita in US$,numeric,AMR,Americas,Country,BOL,Bolivia (Plurinational State of),Year,2022,false,,,,,,,,,,,,,260.9,,,,,,260.88,,,EN,2025-12-04T11:00:00.000Z
GHED_CHE_pc_US_SHA2011,Current health expenditure (CHE) per capita in US$,numeric,EUR,Europe,Country,PRT,Portugal,Year,2022,false,,,,,,,,,,,,,2601,,,,,,2600.57,,,EN,2025-12-04T11:00:00.000Z
GHED_CHE_pc_US_SHA2011,Current health expenditure (CHE) per capita in US$,numeric,EUR,Europe,Country,AZE,Azerbaijan,Year,2022,false,,,,,,,,,,,,,261.4,,,,,,261.45,,,EN,2025-12-04T11:00:00.000Z
GHED_CHE_pc_US_SHA2011,Current health expenditure (CHE) per capita in US$,numeric,AFR,Africa,Country,ETH,Ethiopia,Year,2022,false,,,,,,,,,,,,,27.07,,,,,,27.07,,,EN,2025-12-04T11:00:00.000Z
GHED_CHE_pc_US_SHA2011,Current health expenditure (CHE) per capita in US$,numeric,AFR,Africa,Country,ERI,Eritrea,Year,2022,false,,,,,,,,,,,,,27.09,,,,,,27.09,,,EN,2025-12-04T11:00:00.000Z
GHED_CHE_pc_US_SHA2011,Current health expenditure (CHE) per capita in US$,numeric,EUR,Europe,Country,SVN,Slovenia,Year,2022,false,,,,,,,,,,,,,2738,,,,,,2737.85,,,EN,2025-12-04T11:00:00.000Z
GHED_CHE_pc_US_SHA2011,Current health expenditure (CHE) per capita in US$,numeric,EUR,Europe,Country,CYP,Cyprus,Year,2022,false,,,,,,,,,,,,,2749,,,,,,2748.62,,,EN,2025-12-04T11:00:00.000Z
GHED_CHE_pc_US_SHA2011,Current health expenditure (CHE) per capita in US$,numeric,EMR,Eastern Mediterranean,Country,TUN,Tunisia,Year,2022,false,,,,,,,,,,,,,276.5,,,,,,276.46,,,EN,2025-12-04T11:00:00.000Z
GHED_CHE_pc_US_SHA2011,Current health expenditure (CHE) per capita in US$,numeric,EMR,Eastern Mediterranean,Country,IRQ,Iraq,Year,2022,false,,,,,,,,,,,,,283.2,,,,,,283.17,,,EN,2025-12-04T11:00:00.000Z
GHED_CHE_pc_US_SHA2011,Current health expenditure (CHE) per capita in US$,numeric,EMR,Eastern Mediterranean,Country,LBY,Libya,Year,2022,false,,,,,,,,,,,,,284,,,,,,284.03,,,EN,2025-12-04T11:00:00.000Z
GHED_CHE_pc_US_SHA2011,Current health expenditure (CHE) per capita in US$,numeric,AFR,Africa,Country,SWZ,Eswatini,Year,2022,false,,,,,,,,,,,,,284.8,,,,,,284.76,,,EN,2025-12-04T11:00:00.000Z
GHED_CHE_pc_US_SHA2011,Current health expenditure (CHE) per capita in US$,numeric,AFR,Africa,Country,GMB,Gambia,Year,2022,false,,,,,,,,,,,,,29.58,,,,,,29.58,,,EN,2025-12-04T11:00:00.000Z
GHED_CHE_pc_US_SHA2011,Current health expenditure (CHE) per capita in US$,numeric,EUR,Europe,Country,ESP,Spain,Year,2022,false,,,,,,,,,,,,,2949,,,,,,2948.61,,,EN,2025-12-04T11:00:00.000Z
GHED_CHE_pc_US_SHA2011,Current health expenditure (CHE) per capita in US$,numeric,AFR,Africa,Country,CPV,Cabo Verde,Year,2022,false,,,,,,,,,,,,,297.1,,,,,,297.08,,,EN,2025-12-04T11:00:00.000Z
GHED_CHE_pc_US_SHA2011,Current health expenditure (CHE) per capita in US$,numeric,AMR,Americas,Country,BLZ,Belize,Year,2022,false,,,,,,,,,,,,,298,,,,,,298.02,,,EN,2025-12-04T11:00:00.000Z
GHED_CHE_pc_US_SHA2011,Current health expenditure (CHE) per capita in US$,numeric,WPR,Western Pacific,Country,KOR,Republic of Korea,Year,2022,false,,,,,,,,,,,,,3079,,,,,,3078.55,,,EN,2025-12-04T11:00:00.000Z
GHED_CHE_pc_US_SHA2011,Current health expenditure (CHE) per capita in US$,numeric,AFR,Africa,Country,MLI,Mali,Year,2022,false,,,,,,,,,,,,,31.09,,,,,,31.09,,,EN,2026-01-11T11:00:00.000Z
GHED_CHE_pc_US_SHA2011,Current health expenditure (CHE) per capita in US$,numeric,EUR,Europe,Country,ITA,Italy,Year,2022,false,,,,,,,,,,,,,3155,,,,,,3154.57,,,EN,2025-12-04T11:00:00.000Z
GHED_CHE_pc_US_SHA2011,Current health expenditure (CHE) per capita in US$,numeric,EUR,Europe,Country,AND,Andorra,Year,2022,false,,,,,,,,,,,,,3190,,,,,,3190.11,,,EN,2025-12-04T11:00:00.000Z
GHED_CHE_pc_US_SHA2011,Current health expenditure (CHE) per capita in US$,numeric,EMR,Eastern Mediterranean,Country,JOR,Jordan,Year,2022,false,,,,,,,,,,,,,334.4,,,,,,334.39,,,EN,2025-12-04T11:00:00.000Z
GHED_CHE_pc_US_SHA2011,Current health expenditure (CHE) per capita in US$,numeric,EUR,Europe,Country,MLT,Malta,Year,2022,false,,,,,,,,,,,,,3362,,,,,,3362.42,,,EN,2025-12-04T11:00:00.000Z
GHED_CHE_pc_US_SHA2011,Current health expenditure (CHE) per capita in US$,numeric,AMR,Americas,Country,SUR,Suriname,Year,2022,false,,,,,,,,,,,,,344.7,,,,,,344.75,,,EN,2025-12-04T11:00:00.000Z
GHED_CHE_pc_US_SHA2011,Current health expenditure (CHE) per capita in US$,numeric,AFR,Africa,Country,TZA,United Republic of Tanzania,Year,2022,false,,,,,,,,,,,,,35.93,,,,,,35.93,,,EN,2025-12-04T11:00:00.000Z
GHED_CHE_pc_US_SHA2011,Current health expenditure (CHE) per capita in US$,numeric,EMR,Eastern Mediterranean,Country,PSE,"occupied Palestinian territory, including east Jerusalem",Year,2022,false,,,,,,,,,,,,,350.6,,,,,,350.64,,,EN,2025-12-04T11:00:00.000Z
GHED_CHE_pc_US_SHA2011,Current health expenditure (CHE) per capita in US$,numeric,SEAR,South-East Asia,Country,THA,Thailand,Year,2022,false,,,,,,,,,,,,,370,,,,,,369.98,,,EN,2025-12-04T11:00:00.000Z
GHED_CHE_pc_US_SHA2011,Current health expenditure (CHE) per capita in US$,numeric,AFR,Africa,Country,BEN,Benin,Year,2022,false,,,,,,,,,,,,,37.76,,,,,,37.76,,,EN,2025-12-04T11:00:00.000Z
GHED_CHE_pc_US_SHA2011,Current health expenditure (CHE) per capita in US$,numeric,EMR,Eastern Mediterranean,Country,PAK,Pakistan,Year,2022,false,,,,,,,,,,,,,38.77,,,,,,38.77,,,EN,2025-12-04T11:00:00.000Z
GHED_CHE_pc_US_SHA2011,Current health expenditure (CHE) per capita in US$,numeric,WPR,Western Pacific,Country,TON,Tonga,Year,2022,false,,,,,,,,,,,,,382.8,,,,,,382.79,,,EN,2025-12-04T11:00:00.000Z
GHED_CHE_pc_US_SHA2011,Current health expenditure (CHE) per capita in US$,numeric,AMR,Americas,Country,GTM,Guatemala,Year,2022,false,,,,,,,,,,,,,384.1,,,,,,384.06,,,EN,2025-12-04T11:00:00.000Z
GHED_CHE_pc_US_SHA2011,Current health expenditure (CHE) per capita in US$,numeric,EUR,Europe,Country,TUR,Türkiye,Year,2022,false,,,,,,,,,,,,,385.9,,,,,,385.88,,,EN,2025-12-04T11:00:00.000Z
GHED_CHE_pc_US_SHA2011,Current health expenditure (CHE) per capita in US$,numeric,EUR,Europe,Country,SMR,San Marino,Year,2022,false,,,,,,,,,,,,,3875,,,,,,3874.99,,,EN,2025-12-04T11:00:00.000Z
GHED_CHE_pc_US_SHA2011,Current health expenditure (CHE) per capita in US$,numeric,WPR,Western Pacific,Country,SGP,Singapore,Year,2022,false,,,,,,,,,,,,,3902,,,,,,3902.14,,,EN,2025-12-04T11:00:00.000Z
GHED_CHE_pc_US_SHA2011,Current health expenditure (CHE) per capita in US$,numeric,EUR,Europe,Country,MDA,Republic of Moldova,Year,2022,false,,,,,,,,,,,,,394.4,,,,,,394.42,,,EN,2025-12-04T11:00:00.000Z
GHED_CHE_pc_US_SHA2011,Current health expenditure (CHE) per capita in US$,numeric,AFR,Africa,Country,MWI,Malawi,Year,2022,false,,,,,,,,,,,,,40.03,,,,,,40.03,,,EN,2025-12-04T11:00:00.000Z
GHED_CHE_pc_US_SHA2011,Current health expenditure (CHE) per capita in US$,numeric,AFR,Africa,Country,TCD,Chad,Year,2022,false,,,,,,,,,,,,,40.17,,,,,,40.17,,,EN,2025-12-04T11:00:00.000Z
GHED_CHE_pc_US_SHA2011,Current health expenditure (CHE) per capita in US$,numeric,AFR,Africa,Country,SLE,Sierra Leone,Year,2022,false,,,,,,,,,,,,,41.32,,,,,,41.32,,,EN,2025-12-04T11:00:00.000Z
GHED_CHE_pc_US_SHA2011,Current health expenditure (CHE) per capita in US$,numeric,WPR,Western Pacific,Country,LAO,Lao People's Democratic Republic,Year,2022,false,,,,,,,,,,,,,41.35,,,,,,41.35,,,EN,2025-12-04T11:00:00.000Z
GHED_CHE_pc_US_SHA2011,Current health expenditure (CHE) per capita in US$,numeric,EUR,Europe,Country,ISR,Israel,Year,2022,false,,,,,,,,,,,,,4108,,,,,,4107.73,,,EN,2025-12-04T11:00:00.000Z
GHED_CHE_pc_US_SHA2011,Current health expenditure (CHE) per capita in US$,numeric,AFR,Africa,Country,NAM,Namibia,Year,2022,false,,,,,,,,,,,,,418.5,,,,,,418.54,,,EN,2025-12-04T11:00:00.000Z
GHED_CHE_pc_US_SHA2011,Current health expenditure (CHE) per capita in US$,numeric,WPR,Western Pacific,Country,JPN,Japan,Year,2022,false,,,,,,,,,,,,,4202,,,,,,4201.79,,,EN,2025-12-04T11:00:00.000Z
GHED_CHE_pc_US_SHA2011,Current health expenditure (CHE) per capita in US$,numeric,EUR,Europe,Country,KAZ,Kazakhstan,Year,2022,false,,,,,,,,,,,,,421.6,,,,,,421.60,,,EN,2025-12-04T11:00:00.000Z
GHED_CHE_pc_US_SHA2011,Current health expenditure (CHE) per capita in US$,numeric,AMR,Americas,Country,VCT,Saint Vincent and the Grenadines,Year,2022,false,,,,,,,,,,,,,437.9,,,,,,437.94,,,EN,2025-12-04T11:00:00.000Z
GHED_CHE_pc_US_SHA2011,Current health expenditure (CHE) per capita in US$,numeric,AFR,Africa,Country,UGA,Uganda,Year,2022,false,,,,,,,,,,,,,44.47,,,,,,44.47,,,EN,2025-12-04T11:00:00.000Z
GHED_CHE_pc_US_SHA2011,Current health expenditure (CHE) per capita in US$,numeric,AMR,Americas,Country,PER,Peru,Year,2022,false,,,,,,,,,,,,,445.1,,,,,,445.10,,,EN,2025-12-04T11:00:00.000Z
GHED_CHE_pc_US_SHA2011,Current health expenditure (CHE) per capita in US$,numeric,WPR,Western Pacific,Country,MNG,Mongolia,Year,2022,false,,,,,,,,,,,,,448.2,,,,,,448.24,,,EN,2025-12-04T11:00:00.000Z
GHED_CHE_pc_US_SHA2011,Current health expenditure (CHE) per capita in US$,numeric,AMR,Americas,Country,GUY,Guyana,Year,2022,false,,,,,,,,,,,,,452.2,,,,,,452.24,,,EN,2025-12-04T11:00:00.000Z
GHED_CHE_pc_US_SHA2011,Current health expenditure (CHE) per capita in US$,numeric,WPR,Western Pacific,Country,MYS,Malaysia,Year,2022,false,,,,,,,,,,,,,458.2,,,,,,458.22,,,EN,2025-12-04T11:00:00.000Z
GHED_CHE_pc_US_SHA2011,Current health expenditure (CHE) per capita in US$,numeric,WPR,Western Pacific,Country,FSM,Micronesia (Federated States of),Year,2022,false,,,,,,,,,,,,,468.5,,,,,,468.54,,,EN,2025-12-04T11:00:00.000Z
GHED_CHE_pc_US_SHA2011,Current health expenditure (CHE) per capita in US$,numeric,AMR,Americas,Country,DOM,Dominican Republic,Year,2022,false,,,,,,,,,,,,,469.3,,,,,,469.35,,,EN,2025-12-04T11:00:00.000Z
GHED_CHE_pc_US_SHA2011,Current health expenditure (CHE) per capita in US$,numeric,AFR,Africa,Country,MOZ,Mozambique,Year,2022,false,,,,,,,,,,,,,47.7,,,,,,47.70,,,EN,2025-12-04T11:00:00.000Z
GHED_CHE_pc_US_SHA2011,Current health expenditure (CHE) per capita in US$,numeric,AFR,Africa,Country,CAF,Central African Republic,Year,2022,false,,,,,,,,,,,,,47.92,,,,,,47.92,,,EN,2025-12-04T11:00:00.000Z
GHED_CHE_pc_US_SHA2011,Current health expenditure (CHE) per capita in US$,numeric,AFR,Africa,Country,BWA,Botswana,Year,2022,false,,,,,,,,,,,,,477.8,,,,,,477.78,,,EN,2025-12-04T11:00:00.000Z
GHED_CHE_pc_US_SHA2011,Current health expenditure (CHE) per capita in US$,numeric,AFR,Africa,Country,SSD,South Sudan,Year,2022,false,,,,,,,,,,,,,48.03,,,,,,48.03,,,EN,2025-12-04T11:00:00.000Z
GHED_CHE_pc_US_SHA2011,Current health expenditure (CHE) per capita in US$,numeric,AMR,Americas,Country,PRY,Paraguay,Year,2022,false,,,,,,,,,,,,,480,,,,,,480.03,,,EN,2025-12-04T11:00:00.000Z
GHED_CHE_pc_US_SHA2011,Current health expenditure (CHE) per capita in US$,numeric,EUR,Europe,Country,FRA,France,Year,2022,false,,,,,,,,,,,,,4858,,,,,,4857.73,,,EN,2025-12-04T11:00:00.000Z
GHED_CHE_pc_US_SHA2011,Current health expenditure (CHE) per capita in US$,numeric,EUR,Europe,Country,FIN,Finland,Year,2022,false,,,,,,,,,,,,,4902,,,,,,4902.04,,,EN,2025-12-04T11:00:00.000Z
GHED_CHE_pc_US_SHA2011,Current health expenditure (CHE) per capita in US$,numeric,AMR,Americas,Country,ECU,Ecuador,Year,2022,false,,,,,,,,,,,,,495.3,,,,,,495.30,,,EN,2025-12-04T11:00:00.000Z
GHED_CHE_pc_US_SHA2011,Current health expenditure (CHE) per capita in US$,numeric,AMR,Americas,Country,SLV,El Salvador,Year,2022,false,,,,,,,,,,,,,500.2,,,,,,500.20,,,EN,2025-12-04T11:00:00.000Z
GHED_CHE_pc_US_SHA2011,Current health expenditure (CHE) per capita in US$,numeric,EUR,Europe,Country,ALB,Albania,Year,2022,false,,,,,,,,,,,,,506.9,,,,,,506.87,,,EN,2025-12-04T11:00:00.000Z
GHED_CHE_pc_US_SHA2011,Current health expenditure (CHE) per capita in US$,numeric,AMR,Americas,Country,COL,Colombia,Year,2022,false,,,,,,,,,,,,,507.1,,,,,,507.07,,,EN,2025-12-04T11:00:00.000Z
GHED_CHE_pc_US_SHA2011,Current health expenditure (CHE) per capita in US$,numeric,EUR,Europe,Country,GBR,United Kingdom of Great Britain and Northern Ireland,Year,2022,false,,,,,,,,,,,,,5112,,,,,,5111.82,,,EN,2025-12-04T11:00:00.000Z
GHED_CHE_pc_US_SHA2011,Current health expenditure (CHE) per capita in US$,numeric,WPR,Western Pacific,Country,NZL,New Zealand,Year,2022,false,,,,,,,,,,,,,5138,,,,,,5138.34,,,EN,2025-12-04T11:00:00.000Z
GHED_CHE_pc_US_SHA2011,Current health expenditure (CHE) per capita in US$,numeric,AMR,Americas,Country,HTI,Haiti,Year,2022,false,,,,,,,,,,,,,52.28,,,,,,52.28,,,EN,2025-12-04T11:00:00.000Z
GHED_CHE_pc_US_SHA2011,Current health expenditure (CHE) per capita in US$,numeric,AMR,Americas,Country,JAM,Jamaica,Year,2022,false,,,,,,,,,,,,,521.1,,,,,,521.12,,,EN,2025-12-04T11:00:00.000Z
GHED_CHE_pc_US_SHA2011,Current health expenditure (CHE) per capita in US$,numeric,AMR,Americas,Country,GRD,Grenada,Year,2022,false,,,,,,,,,,,,,526.4,,,,,,526.35,,,EN,2025-12-04T11:00:00.000Z
GHED_CHE_pc_US_SHA2011,Current health expenditure (CHE) per capita in US$,numeric,EUR,Europe,Country,BLR,Belarus,Year,2022,false,,,,,,,,,,,,,529,,,,,,529.02,,,EN,2025-12-04T11:00:00.000Z
GHED_CHE_pc_US_SHA2011,Current health expenditure (CHE) per capita in US$,numeric,AFR,Africa,Country,COG,Congo,Year,2022,false,,,,,,,,,,,,,53.12,,,,,,53.12,,,EN,2025-12-04T11:00:00.000Z
GHED_CHE_pc_US_SHA2011,Current health expenditure (CHE) per capita in US$,numeric,EMR,Eastern Mediterranean,Country,SYR,Syrian Arab Republic,Year,2022,false,,,,,,,,,,,,,53.26,,,,,,53.26,,,EN,2025-12-04T11:00:00.000Z
GHED_CHE_pc_US_SHA2011,Current health expenditure (CHE) per capita in US$,numeric,AFR,Africa,Country,GIN,Guinea,Year,2022,false,,,,,,,,,,,,,53.29,,,,,,53.29,,,EN,2025-12-04T11:00:00.000Z
GHED_CHE_pc_US_SHA2011,Current health expenditure (CHE) per capita in US$,numeric,EMR,Eastern Mediterranean,Country,YEM,Yemen,Year,2022,false,,,,,,,,,,,,,54.29,,,,,,54.29,,,EN,2025-12-04T11:00:00.000Z
GHED_CHE_pc_US_SHA2011,Current health expenditure (CHE) per capita in US$,numeric,AMR,Americas,Country,DMA,Dominica,Year,2022,false,,,,,,,,,,,,,542.5,,,,,,542.54,,,EN,2025-12-04T11:00:00.000Z
GHED_CHE_pc_US_SHA2011,Current health expenditure (CHE) per capita in US$,numeric,EUR,Europe,Country,GEO,Georgia,Year,2022,false,,,,,,,,,,,,,546.2,,,,,,546.23,,,EN,2025-12-04T11:00:00.000Z
GHED_CHE_pc_US_SHA2011,Current health expenditure (CHE) per capita in US$,numeric,EUR,Europe,Country,BEL,Belgium,Year,2022,false,,,,,,,,,,,,,5488,,,,,,5487.59,,,EN,2025-12-04T11:00:00.000Z
GHED_CHE_pc_US_SHA2011,Current health expenditure (CHE) per capita in US$,numeric,SEAR,South-East Asia,Country,BGD,Bangladesh,Year,2022,false,,,,,,,,,,,,,56.62,,,,,,56.62,,,EN,2025-12-04T11:00:00.000Z
GHED_CHE_pc_US_SHA2011,Current health expenditure (CHE) per capita in US$,numeric,EUR,Europe,Country,MKD,North Macedonia,Year,2022,false,,,,,,,,,,,,,561.7,,,,,,561.69,,,EN,2025-12-04T11:00:00.000Z
GHED_CHE_pc_US_SHA2011,Current health expenditure (CHE) per capita in US$,numeric,AFR,Africa,Country,RWA,Rwanda,Year,2022,false,,,,,,,,,,,,,57.83,,,,,,57.83,,,EN,2025-12-04T11:00:00.000Z
GHED_CHE_pc_US_SHA2011,Current health expenditure (CHE) per capita in US$,numeric,SEAR,South-East Asia,Country,MMR,Myanmar,Year,2022,false,,,,,,,,,,,,,57.97,,,,,,57.97,,,EN,2025-12-04T11:00:00.000Z
GHED_CHE_pc_US_SHA2011,Current health expenditure (CHE) per capita in US$,numeric,AFR,Africa,Country,ZAF,South Africa,Year,2022,false,,,,,,,,,,,,,570.5,,,,,,570.48,,,EN,2025-12-04T11:00:00.000Z
GHED_CHE_pc_US_SHA2011,Current health expenditure (CHE) per capita in US$,numeric,EUR,Europe,Country,TKM,Turkmenistan,Year,2022,false,,,,,,,,,,,,,579.2,,,,,,579.15,,,EN,2025-12-04T11:00:00.000Z
GHED_CHE_pc_US_SHA2011,Current health expenditure (CHE) per capita in US$,numeric,EUR,Europe,Country,AUT,Austria,Year,2022,false,,,,,,,,,,,,,5898,,,,,,5897.98,,,EN,2025-12-04T11:00:00.000Z
GHED_CHE_pc_US_SHA2011,Current health expenditure (CHE) per capita in US$,numeric,AFR,Africa,Country,MUS,Mauritius,Year,2022,false,,,,,,,,,,,,,590.9,,,,,,590.92,,,EN,2025-12-04T11:00:00.000Z
GHED_CHE_pc_US_SHA2011,Current health expenditure (CHE) per capita in US$,numeric,EUR,Europe,Country,NLD,Netherlands (Kingdom of the),Year,2022,false,,,,,,,,,,,,,5968,,,,,,5967.90,,,EN,2025-12-04T11:00:00.000Z
GHED_CHE_pc_US_SHA2011,Current health expenditure (CHE) per capita in US$,numeric,EUR,Europe,Country,SWE,Sweden,Year,2022,false,,,,,,,,,,,,,6022,,,,,,6022.39,,,EN,2025-12-04T11:00:00.000Z
GHED_CHE_pc_US_SHA2011,Current health expenditure (CHE) per capita in US$,numeric,AFR,Africa,Country,TGO,Togo,Year,2022,false,,,,,,,,,,,,,62.86,,,,,,62.86,,,EN,2026-04-09T12:00:00.000Z
GHED_CHE_pc_US_SHA2011,Current health expenditure (CHE) per capita in US$,numeric,AMR,Americas,Country,LCA,Saint Lucia,Year,2022,false,,,,,,,,,,,,,622.1,,,,,,622.07,,,EN,2025-12-04T11:00:00.000Z
GHED_CHE_pc_US_SHA2011,Current health expenditure (CHE) per capita in US$,numeric,EUR,Europe,Country,DEU,Germany,Year,2022,false,,,,,,,,,,,,,6226,,,,,,6226.14,,,EN,2025-12-04T11:00:00.000Z
GHED_CHE_pc_US_SHA2011,Current health expenditure (CHE) per capita in US$,numeric,AMR,Americas,Country,CAN,Canada,Year,2022,false,,,,,,,,,,,,,6252,,,,,,6252.34,,,EN,2025-12-04T11:00:00.000Z
GHED_CHE_pc_US_SHA2011,Current health expenditure (CHE) per capita in US$,numeric,AFR,Africa,Country,SEN,Senegal,Year,2022,false,,,,,,,,,,,,,63.45,,,,,,63.45,,,EN,2026-01-11T11:00:00.000Z
GHED_CHE_pc_US_SHA2011,Current health expenditure (CHE) per capita in US$,numeric,AFR,Africa,Country,BFA,Burkina Faso,Year,2022,false,,,,,,,,,,,,,64.38,,,,,,64.38,,,EN,2025-12-04T11:00:00.000Z
GHED_CHE_pc_US_SHA2011,Current health expenditure (CHE) per capita in US$,numeric,EUR,Europe,Country,IRL,Ireland,Year,2022,false,,,,,,,,,,,,,6408,,,,,,6407.92,,,EN,2025-12-04T11:00:00.000Z
GHED_CHE_pc_US_SHA2011,Current health expenditure (CHE) per capita in US$,numeric,EUR,Europe,Country,DNK,Denmark,Year,2022,false,,,,,,,,,,,,,6451,,,,,,6451.19,,,EN,2025-12-04T11:00:00.000Z
GHED_CHE_pc_US_SHA2011,Current health expenditure (CHE) per capita in US$,numeric,WPR,Western Pacific,Country,BRN,Brunei Darussalam,Year,2022,false,,,,,,,,,,,,,648.6,,,,,,648.55,,,EN,2025-12-04T11:00:00.000Z
GHED_CHE_pc_US_SHA2011,Current health expenditure (CHE) per capita in US$,numeric,AMR,Americas,Country,MEX,Mexico,Year,2022,false,,,,,,,,,,,,,651,,,,,,650.97,,,EN,2025-12-04T11:00:00.000Z
GHED_CHE_pc_US_SHA2011,Current health expenditure (CHE) per capita in US$,numeric,EUR,Europe,Country,BIH,Bosnia and Herzegovina,Year,2022,false,,,,,,,,,,,,,667.3,,,,,,667.30,,,EN,2025-12-04T11:00:00.000Z
GHED_CHE_pc_US_SHA2011,Current health expenditure (CHE) per capita in US$,numeric,WPR,Western Pacific,Country,AUS,Australia,Year,2022,false,,,,,,,,,,,,,6724,,,,,,6723.98,,,EN,2025-12-04T11:00:00.000Z
GHED_CHE_pc_US_SHA2011,Current health expenditure (CHE) per capita in US$,numeric,EUR,Europe,Country,ARM,Armenia,Year,2022,false,,,,,,,,,,,,,674.8,,,,,,674.79,,,EN,2025-12-04T11:00:00.000Z
GHED_CHE_pc_US_SHA2011,Current health expenditure (CHE) per capita in US$,numeric,AFR,Africa,Country,GNB,Guinea-Bissau,Year,2022,false,,,,,,,,,,,,,68.01,,,,,,68.01,,,EN,2025-12-04T11:00:00.000Z
GHED_CHE_pc_US_SHA2011,Current health expenditure (CHE) per capita in US$,numeric,AFR,Africa,Country,ZWE,Zimbabwe,Year,2022,false,,,,,,,,,,,,,68.91,,,,,,68.91,,,EN,2025-12-04T11:00:00.000Z
GHED_CHE_pc_US_SHA2011,Current health expenditure (CHE) per capita in US$,numeric,EUR,Europe,Country,ISL,Iceland,Year,2022,false,,,,,,,,,,,,,6852,,,,,,6851.63,,,EN,2025-12-04T11:00:00.000Z
GHED_CHE_pc_US_SHA2011,Current health expenditure (CHE) per capita in US$,numeric,EUR,Europe,Country,LUX,Luxembourg,Year,2022,false,,,,,,,,,,,,,7023,,,,,,7022.63,,,EN,2025-12-04T11:00:00.000Z
GHED_CHE_pc_US_SHA2011,Current health expenditure (CHE) per capita in US$,numeric,AFR,Africa,Country,SYC,Seychelles,Year,2022,false,,,,,,,,,,,,,707.3,,,,,,707.34,,,EN,2025-12-04T11:00:00.000Z
GHED_CHE_pc_US_SHA2011,Current health expenditure (CHE) per capita in US$,numeric,EMR,Eastern Mediterranean,Country,OMN,Oman,Year,2022,false,,,,,,,,,,,,,712.1,,,,,,712.06,,,EN,2025-12-04T11:00:00.000Z
GHED_CHE_pc_US_SHA2011,Current health expenditure (CHE) per capita in US$,numeric,AFR,Africa,Country,CMR,Cameroon,Year,2022,false,,,,,,,,,,,,,72.13,,,,,,72.13,,,EN,2025-12-04T11:00:00.000Z
GHED_CHE_pc_US_SHA2011,Current health expenditure (CHE) per capita in US$,numeric,AFR,Africa,Country,ZMB,Zambia,Year,2022,false,,,,,,,,,,,,,75.4,,,,,,75.40,,,EN,2025-12-04T11:00:00.000Z
GHED_CHE_pc_US_SHA2011,Current health expenditure (CHE) per capita in US$,numeric,WPR,Western Pacific,Country,CHN,China,Year,2022,false,,,,,,,,,,,,,755.4,,,,,,755.44,,,EN,2025-12-04T11:00:00.000Z
GHED_CHE_pc_US_SHA2011,Current health expenditure (CHE) per capita in US$,numeric,EUR,Europe,Country,MCO,Monaco,Year,2022,false,,,,,,,,,,,,,7674,,,,,,7674.10,,,EN,2025-12-04T11:00:00.000Z
GHED_CHE_pc_US_SHA2011,Current health expenditure (CHE) per capita in US$,numeric,EUR,Europe,Country,TJK,Tajikistan,Year,2022,false,,,,,,,,,,,,,78.61,,,,,,78.61,,,EN,2025-12-04T11:00:00.000Z
GHED_CHE_pc_US_SHA2011,Current health expenditure (CHE) per capita in US$,numeric,EMR,Eastern Mediterranean,Country,DJI,Djibouti,Year,2022,false,,,,,,,,,,,,,79.13,,,,,,79.13,,,EN,2025-12-04T11:00:00.000Z
GHED_CHE_pc_US_SHA2011,Current health expenditure (CHE) per capita in US$,numeric,EMR,Eastern Mediterranean,Country,AFG,Afghanistan,Year,2022,false,,,,,,,,,,,,,80.65,,,,,,80.65,,,EN,2025-12-04T11:00:00.000Z
GHED_CHE_pc_US_SHA2011,Current health expenditure (CHE) per capita in US$,numeric,WPR,Western Pacific,Country,PNG,Papua New Guinea,Year,2022,false,,,,,,,,,,,,,81.11,,,,,,81.11,,,EN,2025-12-04T11:00:00.000Z
GHED_CHE_pc_US_SHA2011,Current health expenditure (CHE) per capita in US$,numeric,SEAR,South-East Asia,Country,IND,India,Year,2022,false,,,,,,,,,,,,,81.51,,,,,,81.51,,,EN,2025-12-04T11:00:00.000Z
GHED_CHE_pc_US_SHA2011,Current health expenditure (CHE) per capita in US$,numeric,AFR,Africa,Country,GHA,Ghana,Year,2022,false,,,,,,,,,,,,,82.32,,,,,,82.32,,,EN,2025-12-04T11:00:00.000Z
GHED_CHE_pc_US_SHA2011,Current health expenditure (CHE) per capita in US$,numeric,AFR,Africa,Country,CIV,Cote d'Ivoire,Year,2022,false,,,,,,,,,,,,,84.9,,,,,,84.90,,,EN,2026-01-11T11:00:00.000Z
GHED_CHE_pc_US_SHA2011,Current health expenditure (CHE) per capita in US$,numeric,EUR,Europe,Country,SRB,Serbia,Year,2022,false,,,,,,,,,,,,,843.6,,,,,,843.58,,,EN,2025-12-04T11:00:00.000Z
GHED_CHE_pc_US_SHA2011,Current health expenditure (CHE) per capita in US$,numeric,WPR,Western Pacific,Country,MHL,Marshall Islands,Year,2022,false,,,,,,,,,,,,,859.1,,,,,,859.05,,,EN,2025-12-04T11:00:00.000Z
GHED_CHE_pc_US_SHA2011,Current health expenditure (CHE) per capita in US$,numeric,AFR,Africa,Country,NGA,Nigeria,Year,2022,false,,,,,,,,,,,,,86.06,,,,,,86.06,,,EN,2026-01-11T11:00:00.000Z
GHED_CHE_pc_US_SHA2011,Current health expenditure (CHE) per capita in US$,numeric,EUR,Europe,Country,NOR,Norway,Year,2022,false,,,,,,,,,,,,,8693,,,,,,8692.58,,,EN,2025-12-04T11:00:00.000Z
GHED_CHE_pc_US_SHA2011,Current health expenditure (CHE) per capita in US$,numeric,SEAR,South-East Asia,Country,NPL,Nepal,Year,2022,false,,,,,,,,,,,,,87.34,,,,,,87.34,,,EN,2025-12-04T11:00:00.000Z
GHED_CHE_pc_US_SHA2011,Current health expenditure (CHE) per capita in US$,numeric,AMR,Americas,Country,BRA,Brazil,Year,2022,false,,,,,,,,,,,,,871.3,,,,,,871.28,,,EN,2025-12-04T11:00:00.000Z
GHED_CHE_pc_US_SHA2011,Current health expenditure (CHE) per capita in US$,numeric,EUR,Europe,Country,KGZ,Kyrgyzstan,Year,2022,false,,,,,,,,,,,,,88.08,,,,,,88.08,,,EN,2025-12-04T11:00:00.000Z
GHED_CHE_pc_US_SHA2011,Current health expenditure (CHE) per capita in US$,numeric,SEAR,South-East Asia,Country,MDV,Maldives,Year,2022,false,,,,,,,,,,,,,883.9,,,,,,883.91,,,EN,2025-12-04T11:00:00.000Z
GHED_CHE_pc_US_SHA2011,Current health expenditure (CHE) per capita in US$,numeric,AMR,Americas,Country,ATG,Antigua and Barbuda,Year,2022,false,,,,,,,,,,,,,891,,,,,,891.00,,,EN,2025-12-04T11:00:00.000Z
GHED_CHE_pc_US_SHA2011,Current health expenditure (CHE) per capita in US$,numeric,EUR,Europe,Country,ROU,Romania,Year,2022,false,,,,,,,,,,,,,902.3,,,,,,902.27,,,EN,2025-12-04T11:00:00.000Z
GHED_CHE_pc_US_SHA2011,Current health expenditure (CHE) per capita in US$,numeric,AFR,Africa,Country,KEN,Kenya,Year,2022,false,,,,,,,,,,,,,91.18,,,,,,91.18,,,EN,2025-12-04T11:00:00.000Z
GHED_CHE_pc_US_SHA2011,Current health expenditure (CHE) per capita in US$,numeric,AFR,Africa,Country,MRT,Mauritania,Year,2022,false,,,,,,,,,,,,,91.54,,,,,,91.54,,,EN,2025-12-04T11:00:00.000Z
GHED_CHE_pc_US_SHA2011,Current health expenditure (CHE) per capita in US$,numeric,WPR,Western Pacific,Country,SLB,Solomon Islands,Year,2022,false,,,,,,,,,,,,,96.75,,,,,,96.75,,,EN,2025-12-04T11:00:00.000Z
GHED_CHE_pc_US_SHA2011,Current health expenditure (CHE) per capita in US$,numeric,AMR,Americas,Country,CRI,Costa Rica,Year,2022,false,,,,,,,,,,,,,978.8,,,,,,978.84,,,EN,2025-12-04T11:00:00.000Z
GHED_CHE_pc_US_SHA2011,Current health expenditure (CHE) per capita in US$,numeric,AFR,Africa,Country,COM,Comoros,Year,2021,false,,,,,,,,,,,,,100.5,,,,,,100.50,,,EN,2025-12-04T11:00:00.000Z
GHED_CHE_pc_US_SHA2011,Current health expenditure (CHE) per capita in US$,numeric,EUR,Europe,Country,MNE,Montenegro,Year,2021,false,,,,,,,,,,,,,1027,,,,,,1027.29,,,EN,2026-04-09T12:00:00.000Z
GHED_CHE_pc_US_SHA2011,Current health expenditure (CHE) per capita in US$,numeric,EUR,Europe,Country,LIE,Liechtenstein,Year,2021,false,,,,,,,,,,,,,10912,,,,,,10912.36,,,EN,2025-12-04T11:00:00.000Z
GHED_CHE_pc_US_SHA2011,Current health expenditure (CHE) per capita in US$,numeric,EUR,Europe,Country,BGR,Bulgaria,Year,2021,false,,,,,,,,,,,,,1109,,,,,,1109.10,,,EN,2025-12-04T11:00:00.000Z
GHED_CHE_pc_US_SHA2011,Current health expenditure (CHE) per capita in US$,numeric,EUR,Europe,Country,CHE,Switzerland,Year,2021,false,,,,,,,,,,,,,11198,,,,,,11197.76,,,EN,2025-12-04T11:00:00.000Z
GHED_CHE_pc_US_SHA2011,Current health expenditure (CHE) per capita in US$,numeric,WPR,Western Pacific,Country,TUV,Tuvalu,Year,2021,false,,,,,,,,,,,,,1122,,,,,,1122.40,,,EN,2025-12-04T11:00:00.000Z
GHED_CHE_pc_US_SHA2011,Current health expenditure (CHE) per capita in US$,numeric,AMR,Americas,Country,KNA,Saint Kitts and Nevis,Year,2021,false,,,,,,,,,,,,,1133,,,,,,1132.58,,,EN,2025-12-04T11:00:00.000Z
GHED_CHE_pc_US_SHA2011,Current health expenditure (CHE) per capita in US$,numeric,WPR,Western Pacific,Country,COK,Cook Islands,Year,2021,false,,,,,,,,,,,,,1139,,,,,,1139.29,,,EN,2025-12-04T11:00:00.000Z
GHED_CHE_pc_US_SHA2011,Current health expenditure (CHE) per capita in US$,numeric,AFR,Africa,Country,LSO,Lesotho,Year,2021,false,,,,,,,,,,,,,115.8,,,,,,115.81,,,EN,2025-12-04T11:00:00.000Z
GHED_CHE_pc_US_SHA2011,Current health expenditure (CHE) per capita in US$,numeric,AMR,Americas,Country,TTO,Trinidad and Tobago,Year,2021,false,,,,,,,,,,,,,1171,,,,,,1170.94,,,EN,2025-12-04T11:00:00.000Z
GHED_CHE_pc_US_SHA2011,Current health expenditure (CHE) per capita in US$,numeric,EMR,Eastern Mediterranean,Country,BHR,Bahrain,Year,2021,false,,,,,,,,,,,,,1177,,,,,,1176.92,,,EN,2025-12-04T11:00:00.000Z
GHED_CHE_pc_US_SHA2011,Current health expenditure (CHE) per capita in US$,numeric,AMR,Americas,Country,ARG,Argentina,Year,2021,false,,,,,,,,,,,,,1182,,,,,,1182.16,,,EN,2025-12-04T11:00:00.000Z
GHED_CHE_pc_US_SHA2011,Current health expenditure (CHE) per capita in US$,numeric,EUR,Europe,Country,POL,Poland,Year,2021,false,,,,,,,,,,,,,1183,,,,,,1183.30,,,EN,2025-12-04T11:00:00.000Z
GHED_CHE_pc_US_SHA2011,Current health expenditure (CHE) per capita in US$,numeric,AMR,Americas,Country,USA,United States of America,Year,2021,false,,,,,,,,,,,,,12080,,,,,,12080.07,,,EN,2025-12-04T11:00:00.000Z
GHED_CHE_pc_US_SHA2011,Current health expenditure (CHE) per capita in US$,numeric,SEAR,South-East Asia,Country,TLS,Timor-Leste,Year,2021,false,,,,,,,,,,,,,132.1,,,,,,132.08,,,EN,2025-12-04T11:00:00.000Z
GHED_CHE_pc_US_SHA2011,Current health expenditure (CHE) per capita in US$,numeric,WPR,Western Pacific,Country,KHM,Cambodia,Year,2021,false,,,,,,,,,,,,,137.4,,,,,,137.39,,,EN,2025-12-04T11:00:00.000Z
GHED_CHE_pc_US_SHA2011,Current health expenditure (CHE) per capita in US$,numeric,AMR,Americas,Country,BRB,Barbados,Year,2021,false,,,,,,,,,,,,,1391,,,,,,1391.50,,,EN,2025-12-04T11:00:00.000Z
GHED_CHE_pc_US_SHA2011,Current health expenditure (CHE) per capita in US$,numeric,EUR,Europe,Country,HUN,Hungary,Year,2021,false,,,,,,,,,,,,,1393,,,,,,1392.97,,,EN,2025-12-04T11:00:00.000Z
GHED_CHE_pc_US_SHA2011,Current health expenditure (CHE) per capita in US$,numeric,AMR,Americas,Country,PAN,Panama,Year,2021,false,,,,,,,,,,,,,1417,,,,,,1417.15,,,EN,2025-12-04T11:00:00.000Z
GHED_CHE_pc_US_SHA2011,Current health expenditure (CHE) per capita in US$,numeric,WPR,Western Pacific,Country,VUT,Vanuatu,Year,2021,false,,,,,,,,,,,,,142.6,,,,,,142.57,,,EN,2025-12-04T11:00:00.000Z
GHED_CHE_pc_US_SHA2011,Current health expenditure (CHE) per capita in US$,numeric,EUR,Europe,Country,HRV,Croatia,Year,2021,false,,,,,,,,,,,,,1424,,,,,,1423.53,,,EN,2025-12-04T11:00:00.000Z
GHED_CHE_pc_US_SHA2011,Current health expenditure (CHE) per capita in US$,numeric,EMR,Eastern Mediterranean,Country,SOM,Somalia,Year,2021,false,,,,,,,,,,,,,15.02,,,,,,15.02,,,EN,2025-12-04T11:00:00.000Z
GHED_CHE_pc_US_SHA2011,Current health expenditure (CHE) per capita in US$,numeric,EUR,Europe,Country,UZB,Uzbekistan,Year,2021,false,,,,,,,,,,,,,156.4,,,,,,156.45,,,EN,2025-12-04T11:00:00.000Z
GHED_CHE_pc_US_SHA2011,Current health expenditure (CHE) per capita in US$,numeric,AMR,Americas,Country,CHL,Chile,Year,2021,false,,,,,,,,,,,,,1577,,,,,,1576.69,,,EN,2025-12-04T11:00:00.000Z
GHED_CHE_pc_US_SHA2011,Current health expenditure (CHE) per capita in US$,numeric,WPR,Western Pacific,Country,IDN,Indonesia,Year,2021,false,,,,,,,,,,,,,158.9,,,,,,158.90,,,EN,2025-12-04T11:00:00.000Z
GHED_CHE_pc_US_SHA2011,Current health expenditure (CHE) per capita in US$,numeric,AMR,Americas,Country,URY,Uruguay,Year,2021,false,,,,,,,,,,,,,1595,,,,,,1594.98,,,EN,2025-12-04T11:00:00.000Z
GHED_CHE_pc_US_SHA2011,Current health expenditure (CHE) per capita in US$,numeric,SEAR,South-East Asia,Country,BTN,Bhutan,Year,2021,false,,,,,,,,,,,,,161.5,,,,,,161.47,,,EN,2025-12-04T11:00:00.000Z
GHED_CHE_pc_US_SHA2011,Current health expenditure (CHE) per capita in US$,numeric,AMR,Americas,Country,VEN,Venezuela (Bolivarian Republic of),Year,2021,false,,,,,,,,,,,,,162.4,,,,,,162.44,,,EN,2025-12-04T11:00:00.000Z
GHED_CHE_pc_US_SHA2011,Current health expenditure (CHE) per capita in US$,numeric,WPR,Western Pacific,Country,NRU,Naoero,Year,2021,false,,,,,,,,,,,,,1636,,,,,,1636.46,,,EN,2025-12-04T11:00:00.000Z
GHED_CHE_pc_US_SHA2011,Current health expenditure (CHE) per capita in US$,numeric,EMR,Eastern Mediterranean,Country,SAU,Saudi Arabia,Year,2021,false,,,,,,,,,,,,,1655,,,,,,1654.74,,,EN,2025-12-04T11:00:00.000Z
GHED_CHE_pc_US_SHA2011,Current health expenditure (CHE) per capita in US$,numeric,WPR,Western Pacific,Country,VNM,Viet Nam,Year,2021,false,,,,,,,,,,,,,168.1,,,,,,168.09,,,EN,2025-12-04T11:00:00.000Z
GHED_CHE_pc_US_SHA2011,Current health expenditure (CHE) per capita in US$,numeric,EUR,Europe,Country,SVK,Slovakia,Year,2021,false,,,,,,,,,,,,,1685,,,,,,1684.52,,,EN,2025-12-04T11:00:00.000Z
GHED_CHE_pc_US_SHA2011,Current health expenditure (CHE) per capita in US$,numeric,AFR,Africa,Country,MDG,Madagascar,Year,2021,false,,,,,,,,,,,,,17.18,,,,,,17.18,,,EN,2025-12-04T11:00:00.000Z
GHED_CHE_pc_US_SHA2011,Current health expenditure (CHE) per capita in US$,numeric,EMR,Eastern Mediterranean,Country,EGY,Egypt,Year,2021,false,,,,,,,,,,,,,176.9,,,,,,176.94,,,EN,2025-12-04T11:00:00.000Z
GHED_CHE_pc_US_SHA2011,Current health expenditure (CHE) per capita in US$,numeric,EMR,Eastern Mediterranean,Country,KWT,Kuwait,Year,2021,false,,,,,,,,,,,,,1829,,,,,,1829.13,,,EN,2025-12-04T11:00:00.000Z
GHED_CHE_pc_US_SHA2011,Current health expenditure (CHE) per capita in US$,numeric,EUR,Europe,Country,LTU,Lithuania,Year,2021,false,,,,,,,,,,,,,1844,,,,,,1844.33,,,EN,2025-12-04T11:00:00.000Z
GHED_CHE_pc_US_SHA2011,Current health expenditure (CHE) per capita in US$,numeric,EUR,Europe,Country,GRC,Greece,Year,2021,false,,,,,,,,,,,,,1846,,,,,,1846.37,,,EN,2025-12-04T11:00:00.000Z
GHED_CHE_pc_US_SHA2011,Current health expenditure (CHE) per capita in US$,numeric,EMR,Eastern Mediterranean,Country,QAT,Qatar,Year,2021,false,,,,,,,,,,,,,1847,,,,,,1847.00,,,EN,2025-12-04T11:00:00.000Z
GHED_CHE_pc_US_SHA2011,Current health expenditure (CHE) per capita in US$,numeric,AFR,Africa,Country,STP,Sao Tome and Principe,Year,2021,false,,,,,,,,,,,,,187.1,,,,,,187.07,,,EN,2025-12-04T11:00:00.000Z
GHED_CHE_pc_US_SHA2011,Current health expenditure (CHE) per capita in US$,numeric,EMR,Eastern Mediterranean,Country,LBN,Lebanon,Year,2021,false,,,,,,,,,,,,,189.9,,,,,,189.86,,,EN,2025-12-04T11:00:00.000Z
GHED_CHE_pc_US_SHA2011,Current health expenditure (CHE) per capita in US$,numeric,EUR,Europe,Country,LVA,Latvia,Year,2021,false,,,,,,,,,,,,,1898,,,,,,1897.95,,,EN,2025-12-04T11:00:00.000Z
GHED_CHE_pc_US_SHA2011,Current health expenditure (CHE) per capita in US$,numeric,WPR,Western Pacific,Country,PLW,Palau,Year,2021,false,,,,,,,,,,,,,1931,,,,,,1931.31,,,EN,2025-12-04T11:00:00.000Z
GHED_CHE_pc_US_SHA2011,Current health expenditure (CHE) per capita in US$,numeric,AMR,Americas,Country,BHS,Bahamas,Year,2021,false,,,,,,,,,,,,,1946,,,,,,1946.22,,,EN,2025-12-04T11:00:00.000Z
GHED_CHE_pc_US_SHA2011,Current health expenditure (CHE) per capita in US$,numeric,EMR,Eastern Mediterranean,Country,IRN,Iran (Islamic Republic of),Year,2021,false,,,,,,,,,,,,,196.7,,,,,,196.67,,,EN,2025-12-04T11:00:00.000Z
GHED_CHE_pc_US_SHA2011,Current health expenditure (CHE) per capita in US$,numeric,SEAR,South-East Asia,Country,LKA,Sri Lanka,Year,2021,false,,,,,,,,,,,,,202.8,,,,,,202.75,,,EN,2025-12-04T11:00:00.000Z
GHED_CHE_pc_US_SHA2011,Current health expenditure (CHE) per capita in US$,numeric,AMR,Americas,Country,NIC,Nicaragua,Year,2021,false,,,,,,,,,,,,,204.2,,,,,,204.21,,,EN,2025-12-04T11:00:00.000Z
GHED_CHE_pc_US_SHA2011,Current health expenditure (CHE) per capita in US$,numeric,WPR,Western Pacific,Country,PHL,Philippines,Year,2021,false,,,,,,,,,,,,,208.2,,,,,,208.19,,,EN,2025-12-04T11:00:00.000Z
GHED_CHE_pc_US_SHA2011,Current health expenditure (CHE) per capita in US$,numeric,AFR,Africa,Country,DZA,Algeria,Year,2021,false,,,,,,,,,,,,,208.9,,,,,,208.94,,,EN,2025-12-04T11:00:00.000Z
GHED_CHE_pc_US_SHA2011,Current health expenditure (CHE) per capita in US$,numeric,EMR,Eastern Mediterranean,Country,MAR,Morocco,Year,2021,false,,,,,,,,,,,,,209.6,,,,,,209.57,,,EN,2025-12-04T11:00:00.000Z
GHED_CHE_pc_US_SHA2011,Current health expenditure (CHE) per capita in US$,numeric,EUR,Europe,Country,EST,Estonia,Year,2021,false,,,,,,,,,,,,,2091,,,,,,2091.16,,,EN,2025-12-04T11:00:00.000Z
GHED_CHE_pc_US_SHA2011,Current health expenditure (CHE) per capita in US$,numeric,AFR,Africa,Country,COD,Democratic Republic of the Congo,Year,2021,false,,,,,,,,,,,,,21.59,,,,,,21.59,,,EN,2025-12-04T11:00:00.000Z
GHED_CHE_pc_US_SHA2011,Current health expenditure (CHE) per capita in US$,numeric,EMR,Eastern Mediterranean,Country,SDN,Sudan,Year,2021,false,,,,,,,,,,,,,21.69,,,,,,21.69,,,EN,2025-12-04T11:00:00.000Z
GHED_CHE_pc_US_SHA2011,Current health expenditure (CHE) per capita in US$,numeric,WPR,Western Pacific,Country,NIU,Niue,Year,2021,false,,,,,,,,,,,,,2239,,,,,,2238.81,,,EN,2025-12-04T11:00:00.000Z
GHED_CHE_pc_US_SHA2011,Current health expenditure (CHE) per capita in US$,numeric,EMR,Eastern Mediterranean,Country,ARE,United Arab Emirates,Year,2021,false,,,,,,,,,,,,,2250,,,,,,2249.96,,,EN,2025-12-04T11:00:00.000Z
GHED_CHE_pc_US_SHA2011,Current health expenditure (CHE) per capita in US$,numeric,AFR,Africa,Country,GAB,Gabon,Year,2021,false,,,,,,,,,,,,,228.5,,,,,,228.47,,,EN,2025-12-04T11:00:00.000Z
GHED_CHE_pc_US_SHA2011,Current health expenditure (CHE) per capita in US$,numeric,AFR,Africa,Country,BDI,Burundi,Year,2021,false,,,,,,,,,,,,,23.11,,,,,,23.11,,,EN,2025-12-04T11:00:00.000Z
GHED_CHE_pc_US_SHA2011,Current health expenditure (CHE) per capita in US$,numeric,AFR,Africa,Country,GNQ,Equatorial Guinea,Year,2021,false,,,,,,,,,,,,,243.8,,,,,,243.81,,,EN,2025-12-04T11:00:00.000Z
GHED_CHE_pc_US_SHA2011,Current health expenditure (CHE) per capita in US$,numeric,EUR,Europe,Country,AZE,Azerbaijan,Year,2021,false,,,,,,,,,,,,,251,,,,,,250.99,,,EN,2025-12-04T11:00:00.000Z
GHED_CHE_pc_US_SHA2011,Current health expenditure (CHE) per capita in US$,numeric,EMR,Eastern Mediterranean,Country,IRQ,Iraq,Year,2021,false,,,,,,,,,,,,,251.6,,,,,,251.60,,,EN,2025-12-04T11:00:00.000Z
GHED_CHE_pc_US_SHA2011,Current health expenditure (CHE) per capita in US$,numeric,AMR,Americas,Country,HND,Honduras,Year,2021,false,,,,,,,,,,,,,253.6,,,,,,253.63,,,EN,2025-12-04T11:00:00.000Z
GHED_CHE_pc_US_SHA2011,Current health expenditure (CHE) per capita in US$,numeric,EUR,Europe,Country,CZE,Czechia,Year,2021,false,,,,,,,,,,,,,2538,,,,,,2538.03,,,EN,2025-12-04T11:00:00.000Z
GHED_CHE_pc_US_SHA2011,Current health expenditure (CHE) per capita in US$,numeric,AFR,Africa,Country,ETH,Ethiopia,Year,2021,false,,,,,,,,,,,,,26.07,,,,,,26.07,,,EN,2025-12-04T11:00:00.000Z
GHED_CHE_pc_US_SHA2011,Current health expenditure (CHE) per capita in US$,numeric,AFR,Africa,Country,CPV,Cabo Verde,Year,2021,false,,,,,,,,,,,,,262.4,,,,,,262.42,,,EN,2025-12-04T11:00:00.000Z
GHED_CHE_pc_US_SHA2011,Current health expenditure (CHE) per capita in US$,numeric,WPR,Western Pacific,Country,KIR,Kiribati,Year,2021,false,,,,,,,,,,,,,263.1,,,,,,263.10,,,EN,2025-12-04T11:00:00.000Z
GHED_CHE_pc_US_SHA2011,Current health expenditure (CHE) per capita in US$,numeric,AFR,Africa,Country,ERI,Eritrea,Year,2021,false,,,,,,,,,,,,,27.59,,,,,,27.59,,,EN,2025-12-04T11:00:00.000Z
GHED_CHE_pc_US_SHA2011,Current health expenditure (CHE) per capita in US$,numeric,AMR,Americas,Country,SUR,Suriname,Year,2021,false,,,,,,,,,,,,,270.4,,,,,,270.38,,,EN,2025-12-04T11:00:00.000Z
GHED_CHE_pc_US_SHA2011,Current health expenditure (CHE) per capita in US$,numeric,AMR,Americas,Country,BOL,Bolivia (Plurinational State of),Year,2021,false,,,,,,,,,,,,,276.2,,,,,,276.21,,,EN,2025-12-04T11:00:00.000Z
GHED_CHE_pc_US_SHA2011,Current health expenditure (CHE) per capita in US$,numeric,EUR,Europe,Country,PRT,Portugal,Year,2021,false,,,,,,,,,,,,,2764,,,,,,2764.04,,,EN,2025-12-04T11:00:00.000Z
GHED_CHE_pc_US_SHA2011,Current health expenditure (CHE) per capita in US$,numeric,EUR,Europe,Country,SVN,Slovenia,Year,2021,false,,,,,,,,,,,,,2780,,,,,,2779.57,,,EN,2025-12-04T11:00:00.000Z
GHED_CHE_pc_US_SHA2011,Current health expenditure (CHE) per capita in US$,numeric,EMR,Eastern Mediterranean,Country,TUN,Tunisia,Year,2021,false,,,,,,,,,,,,,285.3,,,,,,285.25,,,EN,2025-12-04T11:00:00.000Z
GHED_CHE_pc_US_SHA2011,Current health expenditure (CHE) per capita in US$,numeric,WPR,Western Pacific,Country,WSM,Samoa,Year,2021,false,,,,,,,,,,,,,285.7,,,,,,285.65,,,EN,2025-12-04T11:00:00.000Z
GHED_CHE_pc_US_SHA2011,Current health expenditure (CHE) per capita in US$,numeric,AFR,Africa,Country,GMB,Gambia,Year,2021,false,,,,,,,,,,,,,29.77,,,,,,29.77,,,EN,2025-12-04T11:00:00.000Z
GHED_CHE_pc_US_SHA2011,Current health expenditure (CHE) per capita in US$,numeric,EUR,Europe,Country,CYP,Cyprus,Year,2021,false,,,,,,,,,,,,,2948,,,,,,2947.81,,,EN,2025-12-04T11:00:00.000Z
GHED_CHE_pc_US_SHA2011,Current health expenditure (CHE) per capita in US$,numeric,AFR,Africa,Country,SWZ,Eswatini,Year,2021,false,,,,,,,,,,,,,297.7,,,,,,297.72,,,EN,2025-12-04T11:00:00.000Z
GHED_CHE_pc_US_SHA2011,Current health expenditure (CHE) per capita in US$,numeric,EMR,Eastern Mediterranean,Country,LBY,Libya,Year,2021,false,,,,,,,,,,,,,298.8,,,,,,298.84,,,EN,2025-12-04T11:00:00.000Z
GHED_CHE_pc_US_SHA2011,Current health expenditure (CHE) per capita in US$,numeric,AFR,Africa,Country,MLI,Mali,Year,2021,false,,,,,,,,,,,,,30.56,,,,,,30.56,,,EN,2025-12-04T11:00:00.000Z
GHED_CHE_pc_US_SHA2011,Current health expenditure (CHE) per capita in US$,numeric,AMR,Americas,Country,BLZ,Belize,Year,2021,false,,,,,,,,,,,,,308.9,,,,,,308.94,,,EN,2025-12-04T11:00:00.000Z
GHED_CHE_pc_US_SHA2011,Current health expenditure (CHE) per capita in US$,numeric,WPR,Western Pacific,Country,KOR,Republic of Korea,Year,2021,false,,,,,,,,,,,,,3126,,,,,,3125.83,,,EN,2025-12-04T11:00:00.000Z
GHED_CHE_pc_US_SHA2011,Current health expenditure (CHE) per capita in US$,numeric,EUR,Europe,Country,ESP,Spain,Year,2021,false,,,,,,,,,,,,,3189,,,,,,3188.85,,,EN,2025-12-04T11:00:00.000Z
GHED_CHE_pc_US_SHA2011,Current health expenditure (CHE) per capita in US$,numeric,EMR,Eastern Mediterranean,Country,JOR,Jordan,Year,2021,false,,,,,,,,,,,,,322,,,,,,322.02,,,EN,2025-12-04T11:00:00.000Z
GHED_CHE_pc_US_SHA2011,Current health expenditure (CHE) per capita in US$,numeric,WPR,Western Pacific,Country,MNG,Mongolia,Year,2021,false,,,,,,,,,,,,,330,,,,,,330.04,,,EN,2025-12-04T11:00:00.000Z
GHED_CHE_pc_US_SHA2011,Current health expenditure (CHE) per capita in US$,numeric,WPR,Western Pacific,Country,FJI,Fiji,Year,2021,false,,,,,,,,,,,,,331.6,,,,,,331.58,,,EN,2025-12-04T11:00:00.000Z
GHED_CHE_pc_US_SHA2011,Current health expenditure (CHE) per capita in US$,numeric,AFR,Africa,Country,SSD,South Sudan,Year,2021,false,,,,,,,,,,,,,34.79,,,,,,34.79,,,EN,2025-12-04T11:00:00.000Z
GHED_CHE_pc_US_SHA2011,Current health expenditure (CHE) per capita in US$,numeric,EUR,Europe,Country,ITA,Italy,Year,2021,false,,,,,,,,,,,,,3415,,,,,,3414.57,,,EN,2025-12-04T11:00:00.000Z
GHED_CHE_pc_US_SHA2011,Current health expenditure (CHE) per capita in US$,numeric,WPR,Western Pacific,Country,TON,Tonga,Year,2021,false,,,,,,,,,,,,,348.8,,,,,,348.80,,,EN,2025-12-04T11:00:00.000Z
GHED_CHE_pc_US_SHA2011,Current health expenditure (CHE) per capita in US$,numeric,AFR,Africa,Country,NER,Niger,Year,2021,false,,,,,,,,,,,,,35.39,,,,,,35.39,,,EN,2025-12-04T11:00:00.000Z
GHED_CHE_pc_US_SHA2011,Current health expenditure (CHE) per capita in US$,numeric,AMR,Americas,Country,GTM,Guatemala,Year,2021,false,,,,,,,,,,,,,361.5,,,,,,361.52,,,EN,2025-12-04T11:00:00.000Z
GHED_CHE_pc_US_SHA2011,Current health expenditure (CHE) per capita in US$,numeric,SEAR,South-East Asia,Country,THA,Thailand,Year,2021,false,,,,,,,,,,,,,363.7,,,,,,363.73,,,EN,2025-12-04T11:00:00.000Z
GHED_CHE_pc_US_SHA2011,Current health expenditure (CHE) per capita in US$,numeric,EMR,Eastern Mediterranean,Country,PSE,"occupied Palestinian territory, including east Jerusalem",Year,2021,false,,,,,,,,,,,,,364.4,,,,,,364.42,,,EN,2025-12-04T11:00:00.000Z
GHED_CHE_pc_US_SHA2011,Current health expenditure (CHE) per capita in US$,numeric,EUR,Europe,Country,MLT,Malta,Year,2021,false,,,,,,,,,,,,,3641,,,,,,3641.04,,,EN,2025-12-04T11:00:00.000Z
GHED_CHE_pc_US_SHA2011,Current health expenditure (CHE) per capita in US$,numeric,EUR,Europe,Country,AND,Andorra,Year,2021,false,,,,,,,,,,,,,3668,,,,,,3668.45,,,EN,2025-12-04T11:00:00.000Z
GHED_CHE_pc_US_SHA2011,Current health expenditure (CHE) per capita in US$,numeric,EUR,Europe,Country,UKR,Ukraine,Year,2021,true,,,,,,,,,,,,,369.9,,,,,,369.90,,,EN,2025-12-04T11:00:00.000Z
GHED_CHE_pc_US_SHA2011,Current health expenditure (CHE) per capita in US$,numeric,AFR,Africa,Country,TZA,United Republic of Tanzania,Year,2021,false,,,,,,,,,,,,,37.53,,,,,,37.53,,,EN,2025-12-04T11:00:00.000Z
GHED_CHE_pc_US_SHA2011,Current health expenditure (CHE) per capita in US$,numeric,AFR,Africa,Country,TCD,Chad,Year,2021,false,,,,,,,,,,,,,37.59,,,,,,37.59,,,EN,2025-12-04T11:00:00.000Z
GHED_CHE_pc_US_SHA2011,Current health expenditure (CHE) per capita in US$,numeric,AFR,Africa,Country,BEN,Benin,Year,2021,false,,,,,,,,,,,,,38.45,,,,,,38.45,,,EN,2025-12-04T11:00:00.000Z
GHED_CHE_pc_US_SHA2011,Current health expenditure (CHE) per capita in US$,numeric,EUR,Europe,Country,KAZ,Kazakhstan,Year,2021,false,,,,,,,,,,,,,391.8,,,,,,391.82,,,EN,2025-12-04T11:00:00.000Z
GHED_CHE_pc_US_SHA2011,Current health expenditure (CHE) per capita in US$,numeric,WPR,Western Pacific,Country,FSM,Micronesia (Federated States of),Year,2021,false,,,,,,,,,,,,,399.4,,,,,,399.44,,,EN,2025-12-04T11:00:00.000Z
GHED_CHE_pc_US_SHA2011,Current health expenditure (CHE) per capita in US$,numeric,EUR,Europe,Country,MDA,Republic of Moldova,Year,2021,false,,,,,,,,,,,,,403.9,,,,,,403.88,,,EN,2025-12-04T11:00:00.000Z
GHED_CHE_pc_US_SHA2011,Current health expenditure (CHE) per capita in US$,numeric,EUR,Europe,Country,SMR,San Marino,Year,2021,false,,,,,,,,,,,,,4033,,,,,,4033.10,,,EN,2025-12-04T11:00:00.000Z
GHED_CHE_pc_US_SHA2011,Current health expenditure (CHE) per capita in US$,numeric,WPR,Western Pacific,Country,SGP,Singapore,Year,2021,false,,,,,,,,,,,,,4051,,,,,,4050.81,,,EN,2025-12-04T11:00:00.000Z
GHED_CHE_pc_US_SHA2011,Current health expenditure (CHE) per capita in US$,numeric,AMR,Americas,Country,JAM,Jamaica,Year,2021,false,,,,,,,,,,,,,413.4,,,,,,413.36,,,EN,2025-12-04T11:00:00.000Z
GHED_CHE_pc_US_SHA2011,Current health expenditure (CHE) per capita in US$,numeric,EMR,Eastern Mediterranean,Country,PAK,Pakistan,Year,2021,false,,,,,,,,,,,,,42.8,,,,,,42.80,,,EN,2025-12-04T11:00:00.000Z
GHED_CHE_pc_US_SHA2011,Current health expenditure (CHE) per capita in US$,numeric,EUR,Europe,Country,ISR,Israel,Year,2021,false,,,,,,,,,,,,,4294,,,,,,4294.19,,,EN,2025-12-04T11:00:00.000Z
GHED_CHE_pc_US_SHA2011,Current health expenditure (CHE) per capita in US$,numeric,EUR,Europe,Country,TUR,Türkiye,Year,2021,false,,,,,,,,,,,,,431.3,,,,,,431.34,,,EN,2025-12-04T11:00:00.000Z
GHED_CHE_pc_US_SHA2011,Current health expenditure (CHE) per capita in US$,numeric,AMR,Americas,Country,DOM,Dominican Republic,Year,2021,false,,,,,,,,,,,,,433.9,,,,,,433.89,,,EN,2025-12-04T11:00:00.000Z
GHED_CHE_pc_US_SHA2011,Current health expenditure (CHE) per capita in US$,numeric,AFR,Africa,Country,GIN,Guinea,Year,2021,false,,,,,,,,,,,,,44.1,,,,,,44.10,,,EN,2025-12-04T11:00:00.000Z
GHED_CHE_pc_US_SHA2011,Current health expenditure (CHE) per capita in US$,numeric,AFR,Africa,Country,MOZ,Mozambique,Year,2021,false,,,,,,,,,,,,,44.1,,,,,,44.10,,,EN,2025-12-04T11:00:00.000Z
GHED_CHE_pc_US_SHA2011,Current health expenditure (CHE) per capita in US$,numeric,AFR,Africa,Country,SLE,Sierra Leone,Year,2021,false,,,,,,,,,,,,,44.9,,,,,,44.90,,,EN,2025-12-04T11:00:00.000Z
GHED_CHE_pc_US_SHA2011,Current health expenditure (CHE) per capita in US$,numeric,AFR,Africa,Country,NAM,Namibia,Year,2021,false,,,,,,,,,,,,,450,,,,,,449.95,,,EN,2025-12-04T11:00:00.000Z
GHED_CHE_pc_US_SHA2011,Current health expenditure (CHE) per capita in US$,numeric,AMR,Americas,Country,VCT,Saint Vincent and the Grenadines,Year,2021,false,,,,,,,,,,,,,454.8,,,,,,454.78,,,EN,2025-12-04T11:00:00.000Z
GHED_CHE_pc_US_SHA2011,Current health expenditure (CHE) per capita in US$,numeric,AMR,Americas,Country,PER,Peru,Year,2021,false,,,,,,,,,,,,,455.4,,,,,,455.36,,,EN,2025-12-04T11:00:00.000Z
GHED_CHE_pc_US_SHA2011,Current health expenditure (CHE) per capita in US$,numeric,AMR,Americas,Country,GUY,Guyana,Year,2021,false,,,,,,,,,,,,,457.9,,,,,,457.87,,,EN,2025-12-04T11:00:00.000Z
GHED_CHE_pc_US_SHA2011,Current health expenditure (CHE) per capita in US$,numeric,AFR,Africa,Country,CAF,Central African Republic,Year,2021,false,,,,,,,,,,,,,46.25,,,,,,46.25,,,EN,2025-12-04T11:00:00.000Z
GHED_CHE_pc_US_SHA2011,Current health expenditure (CHE) per capita in US$,numeric,AFR,Africa,Country,MWI,Malawi,Year,2021,false,,,,,,,,,,,,,46.41,,,,,,46.41,,,EN,2025-12-04T11:00:00.000Z
GHED_CHE_pc_US_SHA2011,Current health expenditure (CHE) per capita in US$,numeric,EUR,Europe,Country,ALB,Albania,Year,2021,false,,,,,,,,,,,,,465.6,,,,,,465.57,,,EN,2025-12-04T11:00:00.000Z
GHED_CHE_pc_US_SHA2011,Current health expenditure (CHE) per capita in US$,numeric,AMR,Americas,Country,SLV,El Salvador,Year,2021,false,,,,,,,,,,,,,470.1,,,,,,470.14,,,EN,2025-12-04T11:00:00.000Z
GHED_CHE_pc_US_SHA2011,Current health expenditure (CHE) per capita in US$,numeric,EUR,Europe,Country,TKM,Turkmenistan,Year,2021,false,,,,,,,,,,,,,471.9,,,,,,471.86,,,EN,2025-12-04T11:00:00.000Z
GHED_CHE_pc_US_SHA2011,Current health expenditure (CHE) per capita in US$,numeric,WPR,Western Pacific,Country,NZL,New Zealand,Year,2021,false,,,,,,,,,,,,,4749,,,,,,4749.04,,,EN,2025-12-04T11:00:00.000Z
GHED_CHE_pc_US_SHA2011,Current health expenditure (CHE) per capita in US$,numeric,WPR,Western Pacific,Country,MYS,Malaysia,Year,2021,false,,,,,,,,,,,,,476.9,,,,,,476.94,,,EN,2025-12-04T11:00:00.000Z
GHED_CHE_pc_US_SHA2011,Current health expenditure (CHE) per capita in US$,numeric,AMR,Americas,Country,PRY,Paraguay,Year,2021,false,,,,,,,,,,,,,480.1,,,,,,480.11,,,EN,2025-12-04T11:00:00.000Z
GHED_CHE_pc_US_SHA2011,Current health expenditure (CHE) per capita in US$,numeric,EUR,Europe,Country,BLR,Belarus,Year,2021,false,,,,,,,,,,,,,484,,,,,,484.04,,,EN,2025-12-04T11:00:00.000Z
GHED_CHE_pc_US_SHA2011,Current health expenditure (CHE) per capita in US$,numeric,WPR,Western Pacific,Country,JPN,Japan,Year,2021,false,,,,,,,,,,,,,4844,,,,,,4843.94,,,EN,2025-12-04T11:00:00.000Z
GHED_CHE_pc_US_SHA2011,Current health expenditure (CHE) per capita in US$,numeric,EMR,Eastern Mediterranean,Country,YEM,Yemen,Year,2021,false,,,,,,,,,,,,,49.3,,,,,,49.30,,,EN,2025-12-04T11:00:00.000Z
GHED_CHE_pc_US_SHA2011,Current health expenditure (CHE) per capita in US$,numeric,AFR,Africa,Country,BWA,Botswana,Year,2021,false,,,,,,,,,,,,,492.1,,,,,,492.14,,,EN,2025-12-04T11:00:00.000Z
GHED_CHE_pc_US_SHA2011,Current health expenditure (CHE) per capita in US$,numeric,AMR,Americas,Country,ECU,Ecuador,Year,2021,false,,,,,,,,,,,,,507.7,,,,,,507.65,,,EN,2025-12-04T11:00:00.000Z
GHED_CHE_pc_US_SHA2011,Current health expenditure (CHE) per capita in US$,numeric,AMR,Americas,Country,GRD,Grenada,Year,2021,false,,,,,,,,,,,,,508.1,,,,,,508.10,,,EN,2025-12-04T11:00:00.000Z
GHED_CHE_pc_US_SHA2011,Current health expenditure (CHE) per capita in US$,numeric,AFR,Africa,Country,UGA,Uganda,Year,2021,false,,,,,,,,,,,,,51.03,,,,,,51.03,,,EN,2025-12-04T11:00:00.000Z
GHED_CHE_pc_US_SHA2011,Current health expenditure (CHE) per capita in US$,numeric,AFR,Africa,Country,RWA,Rwanda,Year,2021,false,,,,,,,,,,,,,51.65,,,,,,51.65,,,EN,2025-12-04T11:00:00.000Z
GHED_CHE_pc_US_SHA2011,Current health expenditure (CHE) per capita in US$,numeric,AMR,Americas,Country,DMA,Dominica,Year,2021,false,,,,,,,,,,,,,521.4,,,,,,521.41,,,EN,2025-12-04T11:00:00.000Z
GHED_CHE_pc_US_SHA2011,Current health expenditure (CHE) per capita in US$,numeric,EUR,Europe,Country,GEO,Georgia,Year,2021,false,,,,,,,,,,,,,524.3,,,,,,524.32,,,EN,2025-12-04T11:00:00.000Z
GHED_CHE_pc_US_SHA2011,Current health expenditure (CHE) per capita in US$,numeric,EUR,Europe,Country,FIN,Finland,Year,2021,false,,,,,,,,,,,,,5262,,,,,,5261.91,,,EN,2025-12-04T11:00:00.000Z
GHED_CHE_pc_US_SHA2011,Current health expenditure (CHE) per capita in US$,numeric,EMR,Eastern Mediterranean,Country,SYR,Syrian Arab Republic,Year,2021,false,,,,,,,,,,,,,53.47,,,,,,53.47,,,EN,2025-12-04T11:00:00.000Z
GHED_CHE_pc_US_SHA2011,Current health expenditure (CHE) per capita in US$,numeric,EUR,Europe,Country,FRA,France,Year,2021,false,,,,,,,,,,,,,5365,,,,,,5364.90,,,EN,2025-12-04T11:00:00.000Z
GHED_CHE_pc_US_SHA2011,Current health expenditure (CHE) per capita in US$,numeric,SEAR,South-East Asia,Country,BGD,Bangladesh,Year,2021,false,,,,,,,,,,,,,56.1,,,,,,56.10,,,EN,2025-12-04T11:00:00.000Z
GHED_CHE_pc_US_SHA2011,Current health expenditure (CHE) per capita in US$,numeric,EUR,Europe,Country,GBR,United Kingdom of Great Britain and Northern Ireland,Year,2021,false,,,,,,,,,,,,,5645,,,,,,5645.40,,,EN,2025-12-04T11:00:00.000Z
GHED_CHE_pc_US_SHA2011,Current health expenditure (CHE) per capita in US$,numeric,AMR,Americas,Country,COL,Colombia,Year,2021,false,,,,,,,,,,,,,568.8,,,,,,568.84,,,EN,2025-12-04T11:00:00.000Z
GHED_CHE_pc_US_SHA2011,Current health expenditure (CHE) per capita in US$,numeric,AFR,Africa,Country,TGO,Togo,Year,2021,false,,,,,,,,,,,,,58.98,,,,,,58.98,,,EN,2026-04-09T12:00:00.000Z
GHED_CHE_pc_US_SHA2011,Current health expenditure (CHE) per capita in US$,numeric,EUR,Europe,Country,BEL,Belgium,Year,2021,false,,,,,,,,,,,,,5847,,,,,,5847.17,,,EN,2025-12-04T11:00:00.000Z
GHED_CHE_pc_US_SHA2011,Current health expenditure (CHE) per capita in US$,numeric,AMR,Americas,Country,HTI,Haiti,Year,2021,false,,,,,,,,,,,,,59.89,,,,,,59.89,,,EN,2025-12-04T11:00:00.000Z
GHED_CHE_pc_US_SHA2011,Current health expenditure (CHE) per capita in US$,numeric,AFR,Africa,Country,ZAF,South Africa,Year,2021,false,,,,,,,,,,,,,592.9,,,,,,592.95,,,EN,2025-12-04T11:00:00.000Z
GHED_CHE_pc_US_SHA2011,Current health expenditure (CHE) per capita in US$,numeric,AFR,Africa,Country,MUS,Mauritius,Year,2021,false,,,,,,,,,,,,,593.8,,,,,,593.78,,,EN,2025-12-04T11:00:00.000Z
GHED_CHE_pc_US_SHA2011,Current health expenditure (CHE) per capita in US$,numeric,EUR,Europe,Country,ARM,Armenia,Year,2021,false,,,,,,,,,,,,,595.8,,,,,,595.84,,,EN,2025-12-04T11:00:00.000Z
GHED_CHE_pc_US_SHA2011,Current health expenditure (CHE) per capita in US$,numeric,AFR,Africa,Country,ZWE,Zimbabwe,Year,2021,false,,,,,,,,,,,,,60.9,,,,,,60.90,,,EN,2025-12-04T11:00:00.000Z
GHED_CHE_pc_US_SHA2011,Current health expenditure (CHE) per capita in US$,numeric,AMR,Americas,Country,MEX,Mexico,Year,2021,false,,,,,,,,,,,,,606.1,,,,,,606.13,,,EN,2025-12-04T11:00:00.000Z
GHED_CHE_pc_US_SHA2011,Current health expenditure (CHE) per capita in US$,numeric,WPR,Western Pacific,Country,PNG,Papua New Guinea,Year,2021,false,,,,,,,,,,,,,61.03,,,,,,61.03,,,EN,2025-12-04T11:00:00.000Z
GHED_CHE_pc_US_SHA2011,Current health expenditure (CHE) per capita in US$,numeric,AFR,Africa,Country,SYC,Seychelles,Year,2021,false,,,,,,,,,,,,,629.9,,,,,,629.86,,,EN,2025-12-04T11:00:00.000Z
GHED_CHE_pc_US_SHA2011,Current health expenditure (CHE) per capita in US$,numeric,AFR,Africa,Country,BFA,Burkina Faso,Year,2021,false,,,,,,,,,,,,,63.59,,,,,,63.59,,,EN,2025-12-04T11:00:00.000Z
GHED_CHE_pc_US_SHA2011,Current health expenditure (CHE) per capita in US$,numeric,EUR,Europe,Country,MKD,North Macedonia,Year,2021,false,,,,,,,,,,,,,636.7,,,,,,636.65,,,EN,2025-12-04T11:00:00.000Z
GHED_CHE_pc_US_SHA2011,Current health expenditure (CHE) per capita in US$,numeric,AMR,Americas,Country,CAN,Canada,Year,2021,false,,,,,,,,,,,,,6511,,,,,,6511.47,,,EN,2025-12-04T11:00:00.000Z
GHED_CHE_pc_US_SHA2011,Current health expenditure (CHE) per capita in US$,numeric,AMR,Americas,Country,LCA,Saint Lucia,Year,2021,false,,,,,,,,,,,,,654.9,,,,,,654.89,,,EN,2025-12-04T11:00:00.000Z
GHED_CHE_pc_US_SHA2011,Current health expenditure (CHE) per capita in US$,numeric,EUR,Europe,Country,AUT,Austria,Year,2021,false,,,,,,,,,,,,,6554,,,,,,6554.14,,,EN,2025-12-04T11:00:00.000Z
GHED_CHE_pc_US_SHA2011,Current health expenditure (CHE) per capita in US$,numeric,AFR,Africa,Country,AGO,Angola,Year,2021,false,,,,,,,,,,,,,66.94,,,,,,66.94,,,EN,2025-12-04T11:00:00.000Z
GHED_CHE_pc_US_SHA2011,Current health expenditure (CHE) per capita in US$,numeric,WPR,Western Pacific,Country,BRN,Brunei Darussalam,Year,2021,false,,,,,,,,,,,,,665.9,,,,,,665.87,,,EN,2025-12-04T11:00:00.000Z
GHED_CHE_pc_US_SHA2011,Current health expenditure (CHE) per capita in US$,numeric,EUR,Europe,Country,DEU,Germany,Year,2021,false,,,,,,,,,,,,,6654,,,,,,6653.58,,,EN,2025-12-04T11:00:00.000Z
GHED_CHE_pc_US_SHA2011,Current health expenditure (CHE) per capita in US$,numeric,WPR,Western Pacific,Country,CHN,China,Year,2021,false,,,,,,,,,,,,,670.3,,,,,,670.26,,,EN,2025-12-04T11:00:00.000Z
GHED_CHE_pc_US_SHA2011,Current health expenditure (CHE) per capita in US$,numeric,EUR,Europe,Country,NLD,Netherlands (Kingdom of the),Year,2021,false,,,,,,,,,,,,,6719,,,,,,6718.89,,,EN,2025-12-04T11:00:00.000Z
GHED_CHE_pc_US_SHA2011,Current health expenditure (CHE) per capita in US$,numeric,EUR,Europe,Country,ISL,Iceland,Year,2021,false,,,,,,,,,,,,,6722,,,,,,6722.42,,,EN,2025-12-04T11:00:00.000Z
GHED_CHE_pc_US_SHA2011,Current health expenditure (CHE) per capita in US$,numeric,EUR,Europe,Country,IRL,Ireland,Year,2021,false,,,,,,,,,,,,,6754,,,,,,6754.08,,,EN,2025-12-04T11:00:00.000Z
GHED_CHE_pc_US_SHA2011,Current health expenditure (CHE) per capita in US$,numeric,WPR,Western Pacific,Country,LAO,Lao People's Democratic Republic,Year,2021,false,,,,,,,,,,,,,68.62,,,,,,68.62,,,EN,2025-12-04T11:00:00.000Z
GHED_CHE_pc_US_SHA2011,Current health expenditure (CHE) per capita in US$,numeric,EUR,Europe,Country,SWE,Sweden,Year,2021,false,,,,,,,,,,,,,6894,,,,,,6894.20,,,EN,2025-12-04T11:00:00.000Z
GHED_CHE_pc_US_SHA2011,Current health expenditure (CHE) per capita in US$,numeric,SEAR,South-East Asia,Country,NPL,Nepal,Year,2021,false,,,,,,,,,,,,,69.19,,,,,,69.19,,,EN,2025-12-04T11:00:00.000Z
GHED_CHE_pc_US_SHA2011,Current health expenditure (CHE) per capita in US$,numeric,EUR,Europe,Country,BIH,Bosnia and Herzegovina,Year,2021,false,,,,,,,,,,,,,697.1,,,,,,697.07,,,EN,2025-12-04T11:00:00.000Z
GHED_CHE_pc_US_SHA2011,Current health expenditure (CHE) per capita in US$,numeric,AFR,Africa,Country,GNB,Guinea-Bissau,Year,2021,false,,,,,,,,,,,,,70.21,,,,,,70.21,,,EN,2025-12-04T11:00:00.000Z
GHED_CHE_pc_US_SHA2011,Current health expenditure (CHE) per capita in US$,numeric,WPR,Western Pacific,Country,AUS,Australia,Year,2021,false,,,,,,,,,,,,,7092,,,,,,7092.13,,,EN,2025-12-04T11:00:00.000Z
GHED_CHE_pc_US_SHA2011,Current health expenditure (CHE) per capita in US$,numeric,AFR,Africa,Country,SEN,Senegal,Year,2021,false,,,,,,,,,,,,,71.12,,,,,,71.12,,,EN,2025-12-04T11:00:00.000Z
GHED_CHE_pc_US_SHA2011,Current health expenditure (CHE) per capita in US$,numeric,EUR,Europe,Country,KGZ,Kyrgyzstan,Year,2021,false,,,,,,,,,,,,,72.59,,,,,,72.59,,,EN,2025-12-04T11:00:00.000Z
GHED_CHE_pc_US_SHA2011,Current health expenditure (CHE) per capita in US$,numeric,AFR,Africa,Country,CMR,Cameroon,Year,2021,false,,,,,,,,,,,,,72.6,,,,,,72.60,,,EN,2025-12-04T11:00:00.000Z
GHED_CHE_pc_US_SHA2011,Current health expenditure (CHE) per capita in US$,numeric,AFR,Africa,Country,MRT,Mauritania,Year,2021,false,,,,,,,,,,,,,73.63,,,,,,73.63,,,EN,2025-12-04T11:00:00.000Z
GHED_CHE_pc_US_SHA2011,Current health expenditure (CHE) per capita in US$,numeric,AFR,Africa,Country,ZMB,Zambia,Year,2021,false,,,,,,,,,,,,,74.84,,,,,,74.84,,,EN,2025-12-04T11:00:00.000Z
GHED_CHE_pc_US_SHA2011,Current health expenditure (CHE) per capita in US$,numeric,EUR,Europe,Country,DNK,Denmark,Year,2021,false,,,,,,,,,,,,,7430,,,,,,7429.99,,,EN,2025-12-04T11:00:00.000Z
GHED_CHE_pc_US_SHA2011,Current health expenditure (CHE) per capita in US$,numeric,EUR,Europe,Country,TJK,Tajikistan,Year,2021,false,,,,,,,,,,,,,75.1,,,,,,75.10,,,EN,2025-12-04T11:00:00.000Z
GHED_CHE_pc_US_SHA2011,Current health expenditure (CHE) per capita in US$,numeric,SEAR,South-East Asia,Country,IND,India,Year,2021,false,,,,,,,,,,,,,75.55,,,,,,75.55,,,EN,2025-12-04T11:00:00.000Z
GHED_CHE_pc_US_SHA2011,Current health expenditure (CHE) per capita in US$,numeric,EUR,Europe,Country,LUX,Luxembourg,Year,2021,false,,,,,,,,,,,,,7633,,,,,,7632.57,,,EN,2025-12-04T11:00:00.000Z
GHED_CHE_pc_US_SHA2011,Current health expenditure (CHE) per capita in US$,numeric,AMR,Americas,Country,BRA,Brazil,Year,2021,false,,,,,,,,,,,,,768.3,,,,,,768.27,,,EN,2025-12-04T11:00:00.000Z
GHED_CHE_pc_US_SHA2011,Current health expenditure (CHE) per capita in US$,numeric,AFR,Africa,Country,COG,Congo,Year,2021,false,,,,,,,,,,,,,78.6,,,,,,78.60,,,EN,2025-12-04T11:00:00.000Z
GHED_CHE_pc_US_SHA2011,Current health expenditure (CHE) per capita in US$,numeric,WPR,Western Pacific,Country,MHL,Marshall Islands,Year,2021,false,,,,,,,,,,,,,782.2,,,,,,782.16,,,EN,2025-12-04T11:00:00.000Z
GHED_CHE_pc_US_SHA2011,Current health expenditure (CHE) per capita in US$,numeric,EMR,Eastern Mediterranean,Country,AFG,Afghanistan,Year,2021,false,,,,,,,,,,,,,81.52,,,,,,81.52,,,EN,2025-12-04T11:00:00.000Z
GHED_CHE_pc_US_SHA2011,Current health expenditure (CHE) per capita in US$,numeric,AFR,Africa,Country,NGA,Nigeria,Year,2021,false,,,,,,,,,,,,,81.87,,,,,,81.87,,,EN,2025-12-04T11:00:00.000Z
GHED_CHE_pc_US_SHA2011,Current health expenditure (CHE) per capita in US$,numeric,EUR,Europe,Country,MCO,Monaco,Year,2021,false,,,,,,,,,,,,,8225,,,,,,8225.39,,,EN,2025-12-04T11:00:00.000Z
GHED_CHE_pc_US_SHA2011,Current health expenditure (CHE) per capita in US$,numeric,AMR,Americas,Country,ATG,Antigua and Barbuda,Year,2021,false,,,,,,,,,,,,,835.1,,,,,,835.07,,,EN,2025-12-04T11:00:00.000Z
GHED_CHE_pc_US_SHA2011,Current health expenditure (CHE) per capita in US$,numeric,EMR,Eastern Mediterranean,Country,OMN,Oman,Year,2021,false,,,,,,,,,,,,,843,,,,,,843.02,,,EN,2025-12-04T11:00:00.000Z
GHED_CHE_pc_US_SHA2011,Current health expenditure (CHE) per capita in US$,numeric,EMR,Eastern Mediterranean,Country,DJI,Djibouti,Year,2021,false,,,,,,,,,,,,,86.88,,,,,,86.88,,,EN,2025-12-04T11:00:00.000Z
GHED_CHE_pc_US_SHA2011,Current health expenditure (CHE) per capita in US$,numeric,AFR,Africa,Country,LBR,Liberia,Year,2021,false,,,,,,,,,,,,,88.55,,,,,,88.55,,,EN,2025-12-04T11:00:00.000Z
GHED_CHE_pc_US_SHA2011,Current health expenditure (CHE) per capita in US$,numeric,EUR,Europe,Country,RUS,Russian Federation,Year,2021,false,,,,,,,,,,,,,881.7,,,,,,881.74,,,EN,2025-12-04T11:00:00.000Z
GHED_CHE_pc_US_SHA2011,Current health expenditure (CHE) per capita in US$,numeric,EUR,Europe,Country,SRB,Serbia,Year,2021,false,,,,,,,,,,,,,889.1,,,,,,889.10,,,EN,2025-12-04T11:00:00.000Z
GHED_CHE_pc_US_SHA2011,Current health expenditure (CHE) per capita in US$,numeric,SEAR,South-East Asia,Country,MDV,Maldives,Year,2021,false,,,,,,,,,,,,,901.1,,,,,,901.09,,,EN,2025-12-04T11:00:00.000Z
GHED_CHE_pc_US_SHA2011,Current health expenditure (CHE) per capita in US$,numeric,EUR,Europe,Country,NOR,Norway,Year,2021,false,,,,,,,,,,,,,9163,,,,,,9163.14,,,EN,2025-12-04T11:00:00.000Z
GHED_CHE_pc_US_SHA2011,Current health expenditure (CHE) per capita in US$,numeric,AFR,Africa,Country,CIV,Cote d'Ivoire,Year,2021,false,,,,,,,,,,,,,92.4,,,,,,92.40,,,EN,2025-12-04T11:00:00.000Z
GHED_CHE_pc_US_SHA2011,Current health expenditure (CHE) per capita in US$,numeric,AFR,Africa,Country,KEN,Kenya,Year,2021,false,,,,,,,,,,,,,94.2,,,,,,94.20,,,EN,2025-12-04T11:00:00.000Z
GHED_CHE_pc_US_SHA2011,Current health expenditure (CHE) per capita in US$,numeric,AFR,Africa,Country,GHA,Ghana,Year,2021,false,,,,,,,,,,,,,94.4,,,,,,94.40,,,EN,2025-12-04T11:00:00.000Z
GHED_CHE_pc_US_SHA2011,Current health expenditure (CHE) per capita in US$,numeric,SEAR,South-East Asia,Country,MMR,Myanmar,Year,2021,false,,,,,,,,,,,,,96.86,,,,,,96.86,,,EN,2025-12-04T11:00:00.000Z
GHED_CHE_pc_US_SHA2011,Current health expenditure (CHE) per capita in US$,numeric,EUR,Europe,Country,ROU,Romania,Year,2021,false,,,,,,,,,,,,,963,,,,,,963.01,,,EN,2025-12-04T11:00:00.000Z
GHED_CHE_pc_US_SHA2011,Current health expenditure (CHE) per capita in US$,numeric,AMR,Americas,Country,CRI,Costa Rica,Year,2021,false,,,,,,,,,,,,,977.1,,,,,,977.15,,,EN,2025-12-04T11:00:00.000Z
GHED_CHE_pc_US_SHA2011,Current health expenditure (CHE) per capita in US$,numeric,WPR,Western Pacific,Country,SLB,Solomon Islands,Year,2021,false,,,,,,,,,,,,,98.8,,,,,,98.80,,,EN,2025-12-04T11:00:00.000Z
GHED_CHE_pc_US_SHA2011,Current health expenditure (CHE) per capita in US$,numeric,EUR,Europe,Country,LIE,Liechtenstein,Year,2020,false,,,,,,,,,,,,,10005,,,,,,10004.53,,,EN,2025-12-04T11:00:00.000Z
GHED_CHE_pc_US_SHA2011,Current health expenditure (CHE) per capita in US$,numeric,WPR,Western Pacific,Country,SLB,Solomon Islands,Year,2020,false,,,,,,,,,,,,,101,,,,,,101.00,,,EN,2025-12-04T11:00:00.000Z
GHED_CHE_pc_US_SHA2011,Current health expenditure (CHE) per capita in US$,numeric,EUR,Europe,Country,POL,Poland,Year,2020,false,,,,,,,,,,,,,1026,,,,,,1025.98,,,EN,2025-12-04T11:00:00.000Z
GHED_CHE_pc_US_SHA2011,Current health expenditure (CHE) per capita in US$,numeric,EUR,Europe,Country,CHE,Switzerland,Year,2020,false,,,,,,,,,,,,,10295,,,,,,10294.58,,,EN,2025-12-04T11:00:00.000Z
GHED_CHE_pc_US_SHA2011,Current health expenditure (CHE) per capita in US$,numeric,WPR,Western Pacific,Country,COK,Cook Islands,Year,2020,false,,,,,,,,,,,,,1056,,,,,,1056.17,,,EN,2025-12-04T11:00:00.000Z
GHED_CHE_pc_US_SHA2011,Current health expenditure (CHE) per capita in US$,numeric,AMR,Americas,Country,TTO,Trinidad and Tobago,Year,2020,false,,,,,,,,,,,,,1060,,,,,,1059.73,,,EN,2025-12-04T11:00:00.000Z
GHED_CHE_pc_US_SHA2011,Current health expenditure (CHE) per capita in US$,numeric,WPR,Western Pacific,Country,KHM,Cambodia,Year,2020,false,,,,,,,,,,,,,106.8,,,,,,106.80,,,EN,2025-12-04T11:00:00.000Z
GHED_CHE_pc_US_SHA2011,Current health expenditure (CHE) per capita in US$,numeric,AMR,Americas,Country,KNA,Saint Kitts and Nevis,Year,2020,false,,,,,,,,,,,,,1068,,,,,,1067.85,,,EN,2025-12-04T11:00:00.000Z
GHED_CHE_pc_US_SHA2011,Current health expenditure (CHE) per capita in US$,numeric,EMR,Eastern Mediterranean,Country,BHR,Bahrain,Year,2020,false,,,,,,,,,,,,,1101,,,,,,1101.14,,,EN,2025-12-04T11:00:00.000Z
GHED_CHE_pc_US_SHA2011,Current health expenditure (CHE) per capita in US$,numeric,EUR,Europe,Country,HRV,Croatia,Year,2020,false,,,,,,,,,,,,,1123,,,,,,1123.38,,,EN,2025-12-04T11:00:00.000Z
GHED_CHE_pc_US_SHA2011,Current health expenditure (CHE) per capita in US$,numeric,AMR,Americas,Country,USA,United States of America,Year,2020,false,,,,,,,,,,,,,11648,,,,,,11648.50,,,EN,2025-12-04T11:00:00.000Z
GHED_CHE_pc_US_SHA2011,Current health expenditure (CHE) per capita in US$,numeric,SEAR,South-East Asia,Country,TLS,Timor-Leste,Year,2020,false,,,,,,,,,,,,,118.5,,,,,,118.49,,,EN,2025-12-04T11:00:00.000Z
GHED_CHE_pc_US_SHA2011,Current health expenditure (CHE) per capita in US$,numeric,EUR,Europe,Country,HUN,Hungary,Year,2020,false,,,,,,,,,,,,,1183,,,,,,1182.54,,,EN,2025-12-04T11:00:00.000Z
GHED_CHE_pc_US_SHA2011,Current health expenditure (CHE) per capita in US$,numeric,AMR,Americas,Country,CUB,Cuba,Year,2020,true,,,,,,,,,,,,,1199,,,,,,1199.35,,,EN,2025-12-04T11:00:00.000Z
GHED_CHE_pc_US_SHA2011,Current health expenditure (CHE) per capita in US$,numeric,EMR,Eastern Mediterranean,Country,SOM,Somalia,Year,2020,false,,,,,,,,,,,,,12.8,,,,,,12.80,,,EN,2025-12-04T11:00:00.000Z
GHED_CHE_pc_US_SHA2011,Current health expenditure (CHE) per capita in US$,numeric,EUR,Europe,Country,UZB,Uzbekistan,Year,2020,false,,,,,,,,,,,,,120.3,,,,,,120.29,,,EN,2025-12-04T11:00:00.000Z
GHED_CHE_pc_US_SHA2011,Current health expenditure (CHE) per capita in US$,numeric,AMR,Americas,Country,BRB,Barbados,Year,2020,false,,,,,,,,,,,,,1234,,,,,,1234.30,,,EN,2025-12-04T11:00:00.000Z
GHED_CHE_pc_US_SHA2011,Current health expenditure (CHE) per capita in US$,numeric,WPR,Western Pacific,Country,VUT,Vanuatu,Year,2020,false,,,,,,,,,,,,,125.4,,,,,,125.41,,,EN,2025-12-04T11:00:00.000Z
GHED_CHE_pc_US_SHA2011,Current health expenditure (CHE) per capita in US$,numeric,WPR,Western Pacific,Country,NRU,Naoero,Year,2020,false,,,,,,,,,,,,,1271,,,,,,1270.53,,,EN,2025-12-04T11:00:00.000Z
GHED_CHE_pc_US_SHA2011,Current health expenditure (CHE) per capita in US$,numeric,AMR,Americas,Country,CHL,Chile,Year,2020,false,,,,,,,,,,,,,1271,,,,,,1270.98,,,EN,2025-12-04T11:00:00.000Z
GHED_CHE_pc_US_SHA2011,Current health expenditure (CHE) per capita in US$,numeric,WPR,Western Pacific,Country,IDN,Indonesia,Year,2020,false,,,,,,,,,,,,,131.8,,,,,,131.82,,,EN,2025-12-04T11:00:00.000Z
GHED_CHE_pc_US_SHA2011,Current health expenditure (CHE) per capita in US$,numeric,EUR,Europe,Country,LVA,Latvia,Year,2020,false,,,,,,,,,,,,,1313,,,,,,1313.35,,,EN,2025-12-04T11:00:00.000Z
GHED_CHE_pc_US_SHA2011,Current health expenditure (CHE) per capita in US$,numeric,SEAR,South-East Asia,Country,BTN,Bhutan,Year,2020,false,,,,,,,,,,,,,134.1,,,,,,134.14,,,EN,2025-12-04T11:00:00.000Z
GHED_CHE_pc_US_SHA2011,Current health expenditure (CHE) per capita in US$,numeric,AMR,Americas,Country,PAN,Panama,Year,2020,false,,,,,,,,,,,,,1358,,,,,,1358.45,,,EN,2025-12-04T11:00:00.000Z
GHED_CHE_pc_US_SHA2011,Current health expenditure (CHE) per capita in US$,numeric,EUR,Europe,Country,SVK,Slovakia,Year,2020,false,,,,,,,,,,,,,1394,,,,,,1393.62,,,EN,2025-12-04T11:00:00.000Z
GHED_CHE_pc_US_SHA2011,Current health expenditure (CHE) per capita in US$,numeric,AMR,Americas,Country,URY,Uruguay,Year,2020,false,,,,,,,,,,,,,1432,,,,,,1432.00,,,EN,2025-12-04T11:00:00.000Z
GHED_CHE_pc_US_SHA2011,Current health expenditure (CHE) per capita in US$,numeric,WPR,Western Pacific,Country,NIU,Niue,Year,2020,false,,,,,,,,,,,,,1451,,,,,,1450.74,,,EN,2025-12-04T11:00:00.000Z
GHED_CHE_pc_US_SHA2011,Current health expenditure (CHE) per capita in US$,numeric,EMR,Eastern Mediterranean,Country,EGY,Egypt,Year,2020,false,,,,,,,,,,,,,148.4,,,,,,148.35,,,EN,2025-12-04T11:00:00.000Z
GHED_CHE_pc_US_SHA2011,Current health expenditure (CHE) per capita in US$,numeric,EUR,Europe,Country,LTU,Lithuania,Year,2020,false,,,,,,,,,,,,,1512,,,,,,1511.80,,,EN,2025-12-04T11:00:00.000Z
GHED_CHE_pc_US_SHA2011,Current health expenditure (CHE) per capita in US$,numeric,WPR,Western Pacific,Country,VNM,Viet Nam,Year,2020,false,,,,,,,,,,,,,153.1,,,,,,153.10,,,EN,2025-12-04T11:00:00.000Z
GHED_CHE_pc_US_SHA2011,Current health expenditure (CHE) per capita in US$,numeric,AMR,Americas,Country,VEN,Venezuela (Bolivarian Republic of),Year,2020,false,,,,,,,,,,,,,153.2,,,,,,153.22,,,EN,2025-12-04T11:00:00.000Z
GHED_CHE_pc_US_SHA2011,Current health expenditure (CHE) per capita in US$,numeric,EMR,Eastern Mediterranean,Country,KWT,Kuwait,Year,2020,false,,,,,,,,,,,,,1543,,,,,,1542.72,,,EN,2025-12-04T11:00:00.000Z
GHED_CHE_pc_US_SHA2011,Current health expenditure (CHE) per capita in US$,numeric,EMR,Eastern Mediterranean,Country,SAU,Saudi Arabia,Year,2020,false,,,,,,,,,,,,,1575,,,,,,1574.70,,,EN,2025-12-04T11:00:00.000Z
GHED_CHE_pc_US_SHA2011,Current health expenditure (CHE) per capita in US$,numeric,SEAR,South-East Asia,Country,LKA,Sri Lanka,Year,2020,false,,,,,,,,,,,,,159.7,,,,,,159.71,,,EN,2025-12-04T11:00:00.000Z
GHED_CHE_pc_US_SHA2011,Current health expenditure (CHE) per capita in US$,numeric,AFR,Africa,Country,STP,Sao Tome and Principe,Year,2020,false,,,,,,,,,,,,,159.8,,,,,,159.84,,,EN,2025-12-04T11:00:00.000Z
GHED_CHE_pc_US_SHA2011,Current health expenditure (CHE) per capita in US$,numeric,AFR,Africa,Country,MDG,Madagascar,Year,2020,false,,,,,,,,,,,,,16.78,,,,,,16.78,,,EN,2025-12-04T11:00:00.000Z
GHED_CHE_pc_US_SHA2011,Current health expenditure (CHE) per capita in US$,numeric,AMR,Americas,Country,NIC,Nicaragua,Year,2020,false,,,,,,,,,,,,,165.9,,,,,,165.88,,,EN,2025-12-04T11:00:00.000Z
GHED_CHE_pc_US_SHA2011,Current health expenditure (CHE) per capita in US$,numeric,WPR,Western Pacific,Country,PHL,Philippines,Year,2020,false,,,,,,,,,,,,,166.6,,,,,,166.61,,,EN,2025-12-04T11:00:00.000Z
GHED_CHE_pc_US_SHA2011,Current health expenditure (CHE) per capita in US$,numeric,EUR,Europe,Country,GRC,Greece,Year,2020,false,,,,,,,,,,,,,1675,,,,,,1674.78,,,EN,2025-12-04T11:00:00.000Z
GHED_CHE_pc_US_SHA2011,Current health expenditure (CHE) per capita in US$,numeric,EUR,Europe,Country,EST,Estonia,Year,2020,false,,,,,,,,,,,,,1789,,,,,,1789.03,,,EN,2025-12-04T11:00:00.000Z
GHED_CHE_pc_US_SHA2011,Current health expenditure (CHE) per capita in US$,numeric,EMR,Eastern Mediterranean,Country,IRN,Iran (Islamic Republic of),Year,2020,false,,,,,,,,,,,,,184.9,,,,,,184.91,,,EN,2025-12-04T11:00:00.000Z
GHED_CHE_pc_US_SHA2011,Current health expenditure (CHE) per capita in US$,numeric,AMR,Americas,Country,BHS,Bahamas,Year,2020,false,,,,,,,,,,,,,1861,,,,,,1861.06,,,EN,2025-12-04T11:00:00.000Z
GHED_CHE_pc_US_SHA2011,Current health expenditure (CHE) per capita in US$,numeric,WPR,Western Pacific,Country,MNG,Mongolia,Year,2020,false,,,,,,,,,,,,,188.8,,,,,,188.77,,,EN,2025-12-04T11:00:00.000Z
GHED_CHE_pc_US_SHA2011,Current health expenditure (CHE) per capita in US$,numeric,EMR,Eastern Mediterranean,Country,MAR,Morocco,Year,2020,false,,,,,,,,,,,,,192,,,,,,192.04,,,EN,2025-12-04T11:00:00.000Z
GHED_CHE_pc_US_SHA2011,Current health expenditure (CHE) per capita in US$,numeric,WPR,Western Pacific,Country,PLW,Palau,Year,2020,false,,,,,,,,,,,,,1938,,,,,,1938.34,,,EN,2025-12-04T11:00:00.000Z
GHED_CHE_pc_US_SHA2011,Current health expenditure (CHE) per capita in US$,numeric,EMR,Eastern Mediterranean,Country,QAT,Qatar,Year,2020,false,,,,,,,,,,,,,1967,,,,,,1967.15,,,EN,2025-12-04T11:00:00.000Z
GHED_CHE_pc_US_SHA2011,Current health expenditure (CHE) per capita in US$,numeric,AFR,Africa,Country,COD,Democratic Republic of the Congo,Year,2020,false,,,,,,,,,,,,,20.56,,,,,,20.56,,,EN,2025-12-04T11:00:00.000Z
GHED_CHE_pc_US_SHA2011,Current health expenditure (CHE) per capita in US$,numeric,EUR,Europe,Country,CZE,Czechia,Year,2020,false,,,,,,,,,,,,,2106,,,,,,2106.28,,,EN,2025-12-04T11:00:00.000Z
GHED_CHE_pc_US_SHA2011,Current health expenditure (CHE) per capita in US$,numeric,AFR,Africa,Country,DZA,Algeria,Year,2020,false,,,,,,,,,,,,,211.1,,,,,,211.07,,,EN,2025-12-04T11:00:00.000Z
GHED_CHE_pc_US_SHA2011,Current health expenditure (CHE) per capita in US$,numeric,AMR,Americas,Country,HND,Honduras,Year,2020,false,,,,,,,,,,,,,212.7,,,,,,212.74,,,EN,2025-12-04T11:00:00.000Z
GHED_CHE_pc_US_SHA2011,Current health expenditure (CHE) per capita in US$,numeric,AFR,Africa,Country,GNQ,Equatorial Guinea,Year,2020,false,,,,,,,,,,,,,213.6,,,,,,213.59,,,EN,2025-12-04T11:00:00.000Z
GHED_CHE_pc_US_SHA2011,Current health expenditure (CHE) per capita in US$,numeric,EMR,Eastern Mediterranean,Country,ARE,United Arab Emirates,Year,2020,false,,,,,,,,,,,,,2154,,,,,,2154.41,,,EN,2025-12-04T11:00:00.000Z
GHED_CHE_pc_US_SHA2011,Current health expenditure (CHE) per capita in US$,numeric,EMR,Eastern Mediterranean,Country,SDN,Sudan,Year,2020,false,,,,,,,,,,,,,22.92,,,,,,22.92,,,EN,2025-12-04T11:00:00.000Z
GHED_CHE_pc_US_SHA2011,Current health expenditure (CHE) per capita in US$,numeric,AFR,Africa,Country,GAB,Gabon,Year,2020,false,,,,,,,,,,,,,227.2,,,,,,227.25,,,EN,2025-12-04T11:00:00.000Z
GHED_CHE_pc_US_SHA2011,Current health expenditure (CHE) per capita in US$,numeric,EUR,Europe,Country,PRT,Portugal,Year,2020,false,,,,,,,,,,,,,2328,,,,,,2328.36,,,EN,2025-12-04T11:00:00.000Z
GHED_CHE_pc_US_SHA2011,Current health expenditure (CHE) per capita in US$,numeric,AFR,Africa,Country,SWZ,Eswatini,Year,2020,false,,,,,,,,,,,,,237,,,,,,237.00,,,EN,2025-12-04T11:00:00.000Z
GHED_CHE_pc_US_SHA2011,Current health expenditure (CHE) per capita in US$,numeric,WPR,Western Pacific,Country,KIR,Kiribati,Year,2020,false,,,,,,,,,,,,,239.2,,,,,,239.24,,,EN,2025-12-04T11:00:00.000Z
GHED_CHE_pc_US_SHA2011,Current health expenditure (CHE) per capita in US$,numeric,EUR,Europe,Country,SVN,Slovenia,Year,2020,false,,,,,,,,,,,,,2417,,,,,,2417.21,,,EN,2025-12-04T11:00:00.000Z
GHED_CHE_pc_US_SHA2011,Current health expenditure (CHE) per capita in US$,numeric,EUR,Europe,Country,CYP,Cyprus,Year,2020,false,,,,,,,,,,,,,2443,,,,,,2443.37,,,EN,2025-12-04T11:00:00.000Z
GHED_CHE_pc_US_SHA2011,Current health expenditure (CHE) per capita in US$,numeric,EUR,Europe,Country,AZE,Azerbaijan,Year,2020,false,,,,,,,,,,,,,245.2,,,,,,245.22,,,EN,2025-12-04T11:00:00.000Z
GHED_CHE_pc_US_SHA2011,Current health expenditure (CHE) per capita in US$,numeric,EMR,Eastern Mediterranean,Country,IRQ,Iraq,Year,2020,false,,,,,,,,,,,,,248,,,,,,248.05,,,EN,2025-12-04T11:00:00.000Z
GHED_CHE_pc_US_SHA2011,Current health expenditure (CHE) per capita in US$,numeric,AMR,Americas,Country,BOL,Bolivia (Plurinational State of),Year,2020,false,,,,,,,,,,,,,248.7,,,,,,248.70,,,EN,2025-12-04T11:00:00.000Z
GHED_CHE_pc_US_SHA2011,Current health expenditure (CHE) per capita in US$,numeric,AFR,Africa,Country,CPV,Cabo Verde,Year,2020,false,,,,,,,,,,,,,249.7,,,,,,249.72,,,EN,2025-12-04T11:00:00.000Z
GHED_CHE_pc_US_SHA2011,Current health expenditure (CHE) per capita in US$,numeric,EMR,Eastern Mediterranean,Country,TUN,Tunisia,Year,2020,false,,,,,,,,,,,,,250.4,,,,,,250.40,,,EN,2025-12-04T11:00:00.000Z
GHED_CHE_pc_US_SHA2011,Current health expenditure (CHE) per capita in US$,numeric,WPR,Western Pacific,Country,WSM,Samoa,Year,2020,false,,,,,,,,,,,,,252.8,,,,,,252.78,,,EN,2025-12-04T11:00:00.000Z
GHED_CHE_pc_US_SHA2011,Current health expenditure (CHE) per capita in US$,numeric,WPR,Western Pacific,Country,FJI,Fiji,Year,2020,false,,,,,,,,,,,,,256.3,,,,,,256.26,,,EN,2025-12-04T11:00:00.000Z
GHED_CHE_pc_US_SHA2011,Current health expenditure (CHE) per capita in US$,numeric,AFR,Africa,Country,BDI,Burundi,Year,2020,false,,,,,,,,,,,,,26.22,,,,,,26.22,,,EN,2025-12-04T11:00:00.000Z
GHED_CHE_pc_US_SHA2011,Current health expenditure (CHE) per capita in US$,numeric,WPR,Western Pacific,Country,TON,Tonga,Year,2020,false,,,,,,,,,,,,,262.6,,,,,,262.55,,,EN,2025-12-04T11:00:00.000Z
GHED_CHE_pc_US_SHA2011,Current health expenditure (CHE) per capita in US$,numeric,EUR,Europe,Country,UKR,Ukraine,Year,2020,false,,,,,,,,,,,,,265.1,,,,,,265.08,,,EN,2025-12-04T11:00:00.000Z
GHED_CHE_pc_US_SHA2011,Current health expenditure (CHE) per capita in US$,numeric,WPR,Western Pacific,Country,KOR,Republic of Korea,Year,2020,false,,,,,,,,,,,,,2700,,,,,,2699.66,,,EN,2025-12-04T11:00:00.000Z
GHED_CHE_pc_US_SHA2011,Current health expenditure (CHE) per capita in US$,numeric,AFR,Africa,Country,ERI,Eritrea,Year,2020,false,,,,,,,,,,,,,27.67,,,,,,27.67,,,EN,2025-12-04T11:00:00.000Z
GHED_CHE_pc_US_SHA2011,Current health expenditure (CHE) per capita in US$,numeric,AMR,Americas,Country,BLZ,Belize,Year,2020,false,,,,,,,,,,,,,279.1,,,,,,279.10,,,EN,2025-12-04T11:00:00.000Z
GHED_CHE_pc_US_SHA2011,Current health expenditure (CHE) per capita in US$,numeric,AFR,Africa,Country,MLI,Mali,Year,2020,false,,,,,,,,,,,,,28.2,,,,,,28.20,,,EN,2025-12-04T11:00:00.000Z
GHED_CHE_pc_US_SHA2011,Current health expenditure (CHE) per capita in US$,numeric,AFR,Africa,Country,ETH,Ethiopia,Year,2020,false,,,,,,,,,,,,,28.28,,,,,,28.28,,,EN,2025-12-04T11:00:00.000Z
GHED_CHE_pc_US_SHA2011,Current health expenditure (CHE) per capita in US$,numeric,AFR,Africa,Country,GMB,Gambia,Year,2020,false,,,,,,,,,,,,,28.92,,,,,,28.92,,,EN,2025-12-04T11:00:00.000Z
GHED_CHE_pc_US_SHA2011,Current health expenditure (CHE) per capita in US$,numeric,AMR,Americas,Country,GTM,Guatemala,Year,2020,false,,,,,,,,,,,,,289.2,,,,,,289.22,,,EN,2025-12-04T11:00:00.000Z
GHED_CHE_pc_US_SHA2011,Current health expenditure (CHE) per capita in US$,numeric,EUR,Europe,Country,ESP,Spain,Year,2020,false,,,,,,,,,,,,,2942,,,,,,2942.42,,,EN,2025-12-04T11:00:00.000Z
GHED_CHE_pc_US_SHA2011,Current health expenditure (CHE) per capita in US$,numeric,EMR,Eastern Mediterranean,Country,JOR,Jordan,Year,2020,false,,,,,,,,,,,,,303.5,,,,,,303.48,,,EN,2025-12-04T11:00:00.000Z
GHED_CHE_pc_US_SHA2011,Current health expenditure (CHE) per capita in US$,numeric,EMR,Eastern Mediterranean,Country,LBN,Lebanon,Year,2020,false,,,,,,,,,,,,,303.5,,,,,,303.49,,,EN,2025-12-04T11:00:00.000Z
GHED_CHE_pc_US_SHA2011,Current health expenditure (CHE) per capita in US$,numeric,SEAR,South-East Asia,Country,THA,Thailand,Year,2020,false,,,,,,,,,,,,,304.4,,,,,,304.38,,,EN,2025-12-04T11:00:00.000Z
GHED_CHE_pc_US_SHA2011,Current health expenditure (CHE) per capita in US$,numeric,EUR,Europe,Country,MDA,Republic of Moldova,Year,2020,false,,,,,,,,,,,,,305.5,,,,,,305.49,,,EN,2025-12-04T11:00:00.000Z
GHED_CHE_pc_US_SHA2011,Current health expenditure (CHE) per capita in US$,numeric,EUR,Europe,Country,ITA,Italy,Year,2020,false,,,,,,,,,,,,,3059,,,,,,3058.90,,,EN,2025-12-04T11:00:00.000Z
GHED_CHE_pc_US_SHA2011,Current health expenditure (CHE) per capita in US$,numeric,AFR,Africa,Country,TZA,United Republic of Tanzania,Year,2020,false,,,,,,,,,,,,,31.7,,,,,,31.70,,,EN,2025-12-04T11:00:00.000Z
GHED_CHE_pc_US_SHA2011,Current health expenditure (CHE) per capita in US$,numeric,EMR,Eastern Mediterranean,Country,PSE,"occupied Palestinian territory, including east Jerusalem",Year,2020,false,,,,,,,,,,,,,314.8,,,,,,314.82,,,EN,2025-12-04T11:00:00.000Z
GHED_CHE_pc_US_SHA2011,Current health expenditure (CHE) per capita in US$,numeric,EUR,Europe,Country,MLT,Malta,Year,2020,false,,,,,,,,,,,,,3141,,,,,,3140.77,,,EN,2025-12-04T11:00:00.000Z
GHED_CHE_pc_US_SHA2011,Current health expenditure (CHE) per capita in US$,numeric,EUR,Europe,Country,AND,Andorra,Year,2020,false,,,,,,,,,,,,,3282,,,,,,3282.03,,,EN,2025-12-04T11:00:00.000Z
GHED_CHE_pc_US_SHA2011,Current health expenditure (CHE) per capita in US$,numeric,EUR,Europe,Country,KAZ,Kazakhstan,Year,2020,false,,,,,,,,,,,,,329.6,,,,,,329.57,,,EN,2025-12-04T11:00:00.000Z
GHED_CHE_pc_US_SHA2011,Current health expenditure (CHE) per capita in US$,numeric,AFR,Africa,Country,MOZ,Mozambique,Year,2020,false,,,,,,,,,,,,,34.92,,,,,,34.92,,,EN,2025-12-04T11:00:00.000Z
GHED_CHE_pc_US_SHA2011,Current health expenditure (CHE) per capita in US$,numeric,AFR,Africa,Country,NER,Niger,Year,2020,false,,,,,,,,,,,,,35.76,,,,,,35.76,,,EN,2025-12-04T11:00:00.000Z
GHED_CHE_pc_US_SHA2011,Current health expenditure (CHE) per capita in US$,numeric,AMR,Americas,Country,DOM,Dominican Republic,Year,2020,false,,,,,,,,,,,,,354.3,,,,,,354.26,,,EN,2025-12-04T11:00:00.000Z
GHED_CHE_pc_US_SHA2011,Current health expenditure (CHE) per capita in US$,numeric,WPR,Western Pacific,Country,SGP,Singapore,Year,2020,false,,,,,,,,,,,,,3541,,,,,,3541.36,,,EN,2025-12-04T11:00:00.000Z
GHED_CHE_pc_US_SHA2011,Current health expenditure (CHE) per capita in US$,numeric,AMR,Americas,Country,SLV,El Salvador,Year,2020,false,,,,,,,,,,,,,357.8,,,,,,357.79,,,EN,2025-12-04T11:00:00.000Z
GHED_CHE_pc_US_SHA2011,Current health expenditure (CHE) per capita in US$,numeric,AFR,Africa,Country,BEN,Benin,Year,2020,false,,,,,,,,,,,,,36.62,,,,,,36.62,,,EN,2025-12-04T11:00:00.000Z
GHED_CHE_pc_US_SHA2011,Current health expenditure (CHE) per capita in US$,numeric,EMR,Eastern Mediterranean,Country,PAK,Pakistan,Year,2020,false,,,,,,,,,,,,,36.91,,,,,,36.91,,,EN,2025-12-04T11:00:00.000Z
GHED_CHE_pc_US_SHA2011,Current health expenditure (CHE) per capita in US$,numeric,EUR,Europe,Country,ISR,Israel,Year,2020,false,,,,,,,,,,,,,3617,,,,,,3616.50,,,EN,2025-12-04T11:00:00.000Z
GHED_CHE_pc_US_SHA2011,Current health expenditure (CHE) per capita in US$,numeric,AMR,Americas,Country,GUY,Guyana,Year,2020,false,,,,,,,,,,,,,364.2,,,,,,364.20,,,EN,2025-12-04T11:00:00.000Z
GHED_CHE_pc_US_SHA2011,Current health expenditure (CHE) per capita in US$,numeric,AMR,Americas,Country,JAM,Jamaica,Year,2020,false,,,,,,,,,,,,,364.8,,,,,,364.77,,,EN,2025-12-04T11:00:00.000Z
GHED_CHE_pc_US_SHA2011,Current health expenditure (CHE) per capita in US$,numeric,EMR,Eastern Mediterranean,Country,SYR,Syrian Arab Republic,Year,2020,false,,,,,,,,,,,,,37.03,,,,,,37.03,,,EN,2025-12-04T11:00:00.000Z
GHED_CHE_pc_US_SHA2011,Current health expenditure (CHE) per capita in US$,numeric,AFR,Africa,Country,TCD,Chad,Year,2020,false,,,,,,,,,,,,,37.73,,,,,,37.73,,,EN,2025-12-04T11:00:00.000Z
GHED_CHE_pc_US_SHA2011,Current health expenditure (CHE) per capita in US$,numeric,AFR,Africa,Country,NAM,Namibia,Year,2020,false,,,,,,,,,,,,,370.8,,,,,,370.82,,,EN,2025-12-04T11:00:00.000Z
GHED_CHE_pc_US_SHA2011,Current health expenditure (CHE) per capita in US$,numeric,EUR,Europe,Country,SMR,San Marino,Year,2020,false,,,,,,,,,,,,,3759,,,,,,3758.61,,,EN,2025-12-04T11:00:00.000Z
GHED_CHE_pc_US_SHA2011,Current health expenditure (CHE) per capita in US$,numeric,EUR,Europe,Country,TUR,Türkiye,Year,2020,false,,,,,,,,,,,,,386.3,,,,,,386.26,,,EN,2025-12-04T11:00:00.000Z
GHED_CHE_pc_US_SHA2011,Current health expenditure (CHE) per capita in US$,numeric,AFR,Africa,Country,BWA,Botswana,Year,2020,false,,,,,,,,,,,,,386.3,,,,,,386.29,,,EN,2025-12-04T11:00:00.000Z
GHED_CHE_pc_US_SHA2011,Current health expenditure (CHE) per capita in US$,numeric,WPR,Western Pacific,Country,NZL,New Zealand,Year,2020,false,,,,,,,,,,,,,3888,,,,,,3887.71,,,EN,2025-12-04T11:00:00.000Z
GHED_CHE_pc_US_SHA2011,Current health expenditure (CHE) per capita in US$,numeric,EUR,Europe,Country,GEO,Georgia,Year,2020,false,,,,,,,,,,,,,389.4,,,,,,389.42,,,EN,2025-12-04T11:00:00.000Z
GHED_CHE_pc_US_SHA2011,Current health expenditure (CHE) per capita in US$,numeric,EUR,Europe,Country,ALB,Albania,Year,2020,false,,,,,,,,,,,,,396.2,,,,,,396.17,,,EN,2025-12-04T11:00:00.000Z
GHED_CHE_pc_US_SHA2011,Current health expenditure (CHE) per capita in US$,numeric,AMR,Americas,Country,PER,Peru,Year,2020,false,,,,,,,,,,,,,399.1,,,,,,399.14,,,EN,2025-12-04T11:00:00.000Z
GHED_CHE_pc_US_SHA2011,Current health expenditure (CHE) per capita in US$,numeric,WPR,Western Pacific,Country,FSM,Micronesia (Federated States of),Year,2020,false,,,,,,,,,,,,,403,,,,,,403.04,,,EN,2025-12-04T11:00:00.000Z
GHED_CHE_pc_US_SHA2011,Current health expenditure (CHE) per capita in US$,numeric,AMR,Americas,Country,VCT,Saint Vincent and the Grenadines,Year,2020,false,,,,,,,,,,,,,406.4,,,,,,406.36,,,EN,2025-12-04T11:00:00.000Z
GHED_CHE_pc_US_SHA2011,Current health expenditure (CHE) per capita in US$,numeric,WPR,Western Pacific,Country,MYS,Malaysia,Year,2020,false,,,,,,,,,,,,,406.5,,,,,,406.52,,,EN,2025-12-04T11:00:00.000Z
GHED_CHE_pc_US_SHA2011,Current health expenditure (CHE) per capita in US$,numeric,AMR,Americas,Country,SUR,Suriname,Year,2020,false,,,,,,,,,,,,,409.9,,,,,,409.87,,,EN,2025-12-04T11:00:00.000Z
GHED_CHE_pc_US_SHA2011,Current health expenditure (CHE) per capita in US$,numeric,AFR,Africa,Country,GIN,Guinea,Year,2020,false,,,,,,,,,,,,,41.1,,,,,,41.10,,,EN,2025-12-04T11:00:00.000Z
GHED_CHE_pc_US_SHA2011,Current health expenditure (CHE) per capita in US$,numeric,AMR,Americas,Country,PRY,Paraguay,Year,2020,false,,,,,,,,,,,,,411.8,,,,,,411.82,,,EN,2025-12-04T11:00:00.000Z
GHED_CHE_pc_US_SHA2011,Current health expenditure (CHE) per capita in US$,numeric,AFR,Africa,Country,MWI,Malawi,Year,2020,false,,,,,,,,,,,,,42.38,,,,,,42.38,,,EN,2025-12-04T11:00:00.000Z
GHED_CHE_pc_US_SHA2011,Current health expenditure (CHE) per capita in US$,numeric,AFR,Africa,Country,CAF,Central African Republic,Year,2020,false,,,,,,,,,,,,,42.63,,,,,,42.63,,,EN,2025-12-04T11:00:00.000Z
GHED_CHE_pc_US_SHA2011,Current health expenditure (CHE) per capita in US$,numeric,EUR,Europe,Country,TKM,Turkmenistan,Year,2020,false,,,,,,,,,,,,,420,,,,,,420.01,,,EN,2025-12-04T11:00:00.000Z
GHED_CHE_pc_US_SHA2011,Current health expenditure (CHE) per capita in US$,numeric,EUR,Europe,Country,BLR,Belarus,Year,2020,false,,,,,,,,,,,,,420.4,,,,,,420.44,,,EN,2025-12-04T11:00:00.000Z
GHED_CHE_pc_US_SHA2011,Current health expenditure (CHE) per capita in US$,numeric,AFR,Africa,Country,UGA,Uganda,Year,2020,false,,,,,,,,,,,,,44.73,,,,,,44.73,,,EN,2025-12-04T11:00:00.000Z
GHED_CHE_pc_US_SHA2011,Current health expenditure (CHE) per capita in US$,numeric,AFR,Africa,Country,RWA,Rwanda,Year,2020,false,,,,,,,,,,,,,45.15,,,,,,45.15,,,EN,2025-12-04T11:00:00.000Z
GHED_CHE_pc_US_SHA2011,Current health expenditure (CHE) per capita in US$,numeric,AMR,Americas,Country,DMA,Dominica,Year,2020,false,,,,,,,,,,,,,452.7,,,,,,452.66,,,EN,2025-12-04T11:00:00.000Z
GHED_CHE_pc_US_SHA2011,Current health expenditure (CHE) per capita in US$,numeric,WPR,Western Pacific,Country,JPN,Japan,Year,2020,false,,,,,,,,,,,,,4582,,,,,,4581.61,,,EN,2025-12-04T11:00:00.000Z
GHED_CHE_pc_US_SHA2011,Current health expenditure (CHE) per capita in US$,numeric,AMR,Americas,Country,COL,Colombia,Year,2020,false,,,,,,,,,,,,,464.4,,,,,,464.42,,,EN,2025-12-04T11:00:00.000Z
GHED_CHE_pc_US_SHA2011,Current health expenditure (CHE) per capita in US$,numeric,AFR,Africa,Country,SSD,South Sudan,Year,2020,false,,,,,,,,,,,,,47.4,,,,,,47.40,,,EN,2025-12-04T11:00:00.000Z
GHED_CHE_pc_US_SHA2011,Current health expenditure (CHE) per capita in US$,numeric,AFR,Africa,Country,SLE,Sierra Leone,Year,2020,false,,,,,,,,,,,,,47.89,,,,,,47.89,,,EN,2025-12-04T11:00:00.000Z
GHED_CHE_pc_US_SHA2011,Current health expenditure (CHE) per capita in US$,numeric,AMR,Americas,Country,ECU,Ecuador,Year,2020,false,,,,,,,,,,,,,470.2,,,,,,470.20,,,EN,2025-12-04T11:00:00.000Z
GHED_CHE_pc_US_SHA2011,Current health expenditure (CHE) per capita in US$,numeric,EMR,Eastern Mediterranean,Country,LBY,Libya,Year,2020,false,,,,,,,,,,,,,472.6,,,,,,472.62,,,EN,2025-12-04T11:00:00.000Z
GHED_CHE_pc_US_SHA2011,Current health expenditure (CHE) per capita in US$,numeric,EUR,Europe,Country,FIN,Finland,Year,2020,false,,,,,,,,,,,,,4736,,,,,,4736.21,,,EN,2025-12-04T11:00:00.000Z
GHED_CHE_pc_US_SHA2011,Current health expenditure (CHE) per capita in US$,numeric,AMR,Americas,Country,GRD,Grenada,Year,2020,false,,,,,,,,,,,,,475.8,,,,,,475.84,,,EN,2025-12-04T11:00:00.000Z
GHED_CHE_pc_US_SHA2011,Current health expenditure (CHE) per capita in US$,numeric,EUR,Europe,Country,FRA,France,Year,2020,false,,,,,,,,,,,,,4760,,,,,,4760.08,,,EN,2025-12-04T11:00:00.000Z
GHED_CHE_pc_US_SHA2011,Current health expenditure (CHE) per capita in US$,numeric,EUR,Europe,Country,GBR,United Kingdom of Great Britain and Northern Ireland,Year,2020,false,,,,,,,,,,,,,4866,,,,,,4865.98,,,EN,2025-12-04T11:00:00.000Z
GHED_CHE_pc_US_SHA2011,Current health expenditure (CHE) per capita in US$,numeric,SEAR,South-East Asia,Country,BGD,Bangladesh,Year,2020,false,,,,,,,,,,,,,49.03,,,,,,49.03,,,EN,2025-12-04T11:00:00.000Z
GHED_CHE_pc_US_SHA2011,Current health expenditure (CHE) per capita in US$,numeric,AFR,Africa,Country,ZAF,South Africa,Year,2020,false,,,,,,,,,,,,,503.5,,,,,,503.47,,,EN,2025-12-04T11:00:00.000Z
GHED_CHE_pc_US_SHA2011,Current health expenditure (CHE) per capita in US$,numeric,AFR,Africa,Country,ZWE,Zimbabwe,Year,2020,false,,,,,,,,,,,,,51.14,,,,,,51.14,,,EN,2025-12-04T11:00:00.000Z
GHED_CHE_pc_US_SHA2011,Current health expenditure (CHE) per capita in US$,numeric,WPR,Western Pacific,Country,LAO,Lao People's Democratic Republic,Year,2020,false,,,,,,,,,,,,,51.97,,,,,,51.97,,,EN,2025-12-04T11:00:00.000Z
GHED_CHE_pc_US_SHA2011,Current health expenditure (CHE) per capita in US$,numeric,EUR,Europe,Country,MKD,North Macedonia,Year,2020,false,,,,,,,,,,,,,510.8,,,,,,510.81,,,EN,2025-12-04T11:00:00.000Z
GHED_CHE_pc_US_SHA2011,Current health expenditure (CHE) per capita in US$,numeric,AMR,Americas,Country,HTI,Haiti,Year,2020,false,,,,,,,,,,,,,52.22,,,,,,52.22,,,EN,2025-12-04T11:00:00.000Z
GHED_CHE_pc_US_SHA2011,Current health expenditure (CHE) per capita in US$,numeric,EUR,Europe,Country,BEL,Belgium,Year,2020,false,,,,,,,,,,,,,5269,,,,,,5269.41,,,EN,2025-12-04T11:00:00.000Z
GHED_CHE_pc_US_SHA2011,Current health expenditure (CHE) per capita in US$,numeric,AFR,Africa,Country,MRT,Mauritania,Year,2020,false,,,,,,,,,,,,,53.9,,,,,,53.90,,,EN,2025-12-04T11:00:00.000Z
GHED_CHE_pc_US_SHA2011,Current health expenditure (CHE) per capita in US$,numeric,AMR,Americas,Country,MEX,Mexico,Year,2020,false,,,,,,,,,,,,,535.1,,,,,,535.12,,,EN,2025-12-04T11:00:00.000Z
GHED_CHE_pc_US_SHA2011,Current health expenditure (CHE) per capita in US$,numeric,EUR,Europe,Country,ARM,Armenia,Year,2020,false,,,,,,,,,,,,,535.3,,,,,,535.27,,,EN,2025-12-04T11:00:00.000Z
GHED_CHE_pc_US_SHA2011,Current health expenditure (CHE) per capita in US$,numeric,AFR,Africa,Country,MUS,Mauritius,Year,2020,false,,,,,,,,,,,,,542,,,,,,541.95,,,EN,2025-12-04T11:00:00.000Z
GHED_CHE_pc_US_SHA2011,Current health expenditure (CHE) per capita in US$,numeric,WPR,Western Pacific,Country,PNG,Papua New Guinea,Year,2020,false,,,,,,,,,,,,,55.93,,,,,,55.93,,,EN,2025-12-04T11:00:00.000Z
GHED_CHE_pc_US_SHA2011,Current health expenditure (CHE) per capita in US$,numeric,EUR,Europe,Country,AUT,Austria,Year,2020,false,,,,,,,,,,,,,5570,,,,,,5569.84,,,EN,2025-12-04T11:00:00.000Z
GHED_CHE_pc_US_SHA2011,Current health expenditure (CHE) per capita in US$,numeric,AFR,Africa,Country,AGO,Angola,Year,2020,false,,,,,,,,,,,,,56.02,,,,,,56.02,,,EN,2025-12-04T11:00:00.000Z
GHED_CHE_pc_US_SHA2011,Current health expenditure (CHE) per capita in US$,numeric,AMR,Americas,Country,CAN,Canada,Year,2020,false,,,,,,,,,,,,,5646,,,,,,5646.19,,,EN,2025-12-04T11:00:00.000Z
GHED_CHE_pc_US_SHA2011,Current health expenditure (CHE) per capita in US$,numeric,EUR,Europe,Country,ISL,Iceland,Year,2020,false,,,,,,,,,,,,,5693,,,,,,5692.89,,,EN,2025-12-04T11:00:00.000Z
GHED_CHE_pc_US_SHA2011,Current health expenditure (CHE) per capita in US$,numeric,AFR,Africa,Country,BFA,Burkina Faso,Year,2020,false,,,,,,,,,,,,,57.18,,,,,,57.18,,,EN,2025-12-04T11:00:00.000Z
GHED_CHE_pc_US_SHA2011,Current health expenditure (CHE) per capita in US$,numeric,AFR,Africa,Country,TGO,Togo,Year,2020,false,,,,,,,,,,,,,58.72,,,,,,58.72,,,EN,2026-04-09T12:00:00.000Z
GHED_CHE_pc_US_SHA2011,Current health expenditure (CHE) per capita in US$,numeric,WPR,Western Pacific,Country,CHN,China,Year,2020,false,,,,,,,,,,,,,583,,,,,,582.95,,,EN,2025-12-04T11:00:00.000Z
GHED_CHE_pc_US_SHA2011,Current health expenditure (CHE) per capita in US$,numeric,EUR,Europe,Country,NLD,Netherlands (Kingdom of the),Year,2020,false,,,,,,,,,,,,,5866,,,,,,5865.91,,,EN,2025-12-04T11:00:00.000Z
GHED_CHE_pc_US_SHA2011,Current health expenditure (CHE) per capita in US$,numeric,AMR,Americas,Country,LCA,Saint Lucia,Year,2020,false,,,,,,,,,,,,,589.6,,,,,,589.64,,,EN,2025-12-04T11:00:00.000Z
GHED_CHE_pc_US_SHA2011,Current health expenditure (CHE) per capita in US$,numeric,SEAR,South-East Asia,Country,NPL,Nepal,Year,2020,false,,,,,,,,,,,,,59.08,,,,,,59.08,,,EN,2025-12-04T11:00:00.000Z
GHED_CHE_pc_US_SHA2011,Current health expenditure (CHE) per capita in US$,numeric,EUR,Europe,Country,DEU,Germany,Year,2020,false,,,,,,,,,,,,,5907,,,,,,5906.81,,,EN,2025-12-04T11:00:00.000Z
GHED_CHE_pc_US_SHA2011,Current health expenditure (CHE) per capita in US$,numeric,EUR,Europe,Country,BIH,Bosnia and Herzegovina,Year,2020,false,,,,,,,,,,,,,594.8,,,,,,594.82,,,EN,2025-12-04T11:00:00.000Z
GHED_CHE_pc_US_SHA2011,Current health expenditure (CHE) per capita in US$,numeric,WPR,Western Pacific,Country,AUS,Australia,Year,2020,false,,,,,,,,,,,,,5968,,,,,,5968.00,,,EN,2025-12-04T11:00:00.000Z
GHED_CHE_pc_US_SHA2011,Current health expenditure (CHE) per capita in US$,numeric,AFR,Africa,Country,ZMB,Zambia,Year,2020,false,,,,,,,,,,,,,60.02,,,,,,60.02,,,EN,2025-12-04T11:00:00.000Z
GHED_CHE_pc_US_SHA2011,Current health expenditure (CHE) per capita in US$,numeric,EUR,Europe,Country,SWE,Sweden,Year,2020,false,,,,,,,,,,,,,6031,,,,,,6030.53,,,EN,2025-12-04T11:00:00.000Z
GHED_CHE_pc_US_SHA2011,Current health expenditure (CHE) per capita in US$,numeric,EUR,Europe,Country,IRL,Ireland,Year,2020,false,,,,,,,,,,,,,6073,,,,,,6073.11,,,EN,2025-12-04T11:00:00.000Z
GHED_CHE_pc_US_SHA2011,Current health expenditure (CHE) per capita in US$,numeric,EUR,Europe,Country,KGZ,Kyrgyzstan,Year,2020,false,,,,,,,,,,,,,61.25,,,,,,61.25,,,EN,2025-12-04T11:00:00.000Z
GHED_CHE_pc_US_SHA2011,Current health expenditure (CHE) per capita in US$,numeric,SEAR,South-East Asia,Country,IND,India,Year,2020,false,,,,,,,,,,,,,63.83,,,,,,63.83,,,EN,2025-12-04T11:00:00.000Z
GHED_CHE_pc_US_SHA2011,Current health expenditure (CHE) per capita in US$,numeric,EMR,Eastern Mediterranean,Country,YEM,Yemen,Year,2020,false,,,,,,,,,,,,,65.18,,,,,,65.18,,,EN,2025-12-04T11:00:00.000Z
GHED_CHE_pc_US_SHA2011,Current health expenditure (CHE) per capita in US$,numeric,EUR,Europe,Country,DNK,Denmark,Year,2020,false,,,,,,,,,,,,,6521,,,,,,6520.66,,,EN,2025-12-04T11:00:00.000Z
GHED_CHE_pc_US_SHA2011,Current health expenditure (CHE) per capita in US$,numeric,WPR,Western Pacific,Country,BRN,Brunei Darussalam,Year,2020,false,,,,,,,,,,,,,658.4,,,,,,658.39,,,EN,2025-12-04T11:00:00.000Z
GHED_CHE_pc_US_SHA2011,Current health expenditure (CHE) per capita in US$,numeric,SEAR,South-East Asia,Country,MMR,Myanmar,Year,2020,false,,,,,,,,,,,,,66.02,,,,,,66.02,,,EN,2025-12-04T11:00:00.000Z
GHED_CHE_pc_US_SHA2011,Current health expenditure (CHE) per capita in US$,numeric,AFR,Africa,Country,CMR,Cameroon,Year,2020,false,,,,,,,,,,,,,66.17,,,,,,66.17,,,EN,2025-12-04T11:00:00.000Z
GHED_CHE_pc_US_SHA2011,Current health expenditure (CHE) per capita in US$,numeric,EMR,Eastern Mediterranean,Country,DJI,Djibouti,Year,2020,false,,,,,,,,,,,,,66.53,,,,,,66.53,,,EN,2025-12-04T11:00:00.000Z
GHED_CHE_pc_US_SHA2011,Current health expenditure (CHE) per capita in US$,numeric,AFR,Africa,Country,GNB,Guinea-Bissau,Year,2020,false,,,,,,,,,,,,,67.89,,,,,,67.89,,,EN,2025-12-04T11:00:00.000Z
GHED_CHE_pc_US_SHA2011,Current health expenditure (CHE) per capita in US$,numeric,AFR,Africa,Country,NGA,Nigeria,Year,2020,false,,,,,,,,,,,,,67.91,,,,,,67.91,,,EN,2025-12-04T11:00:00.000Z
GHED_CHE_pc_US_SHA2011,Current health expenditure (CHE) per capita in US$,numeric,EUR,Europe,Country,SRB,Serbia,Year,2020,false,,,,,,,,,,,,,670,,,,,,670.04,,,EN,2025-12-04T11:00:00.000Z
GHED_CHE_pc_US_SHA2011,Current health expenditure (CHE) per capita in US$,numeric,AFR,Africa,Country,SYC,Seychelles,Year,2020,false,,,,,,,,,,,,,670.9,,,,,,670.89,,,EN,2025-12-04T11:00:00.000Z
GHED_CHE_pc_US_SHA2011,Current health expenditure (CHE) per capita in US$,numeric,EUR,Europe,Country,LUX,Luxembourg,Year,2020,false,,,,,,,,,,,,,6786,,,,,,6785.86,,,EN,2025-12-04T11:00:00.000Z
GHED_CHE_pc_US_SHA2011,Current health expenditure (CHE) per capita in US$,numeric,AMR,Americas,Country,BRA,Brazil,Year,2020,false,,,,,,,,,,,,,680.8,,,,,,680.77,,,EN,2025-12-04T11:00:00.000Z
GHED_CHE_pc_US_SHA2011,Current health expenditure (CHE) per capita in US$,numeric,WPR,Western Pacific,Country,MHL,Marshall Islands,Year,2020,false,,,,,,,,,,,,,687,,,,,,687.02,,,EN,2025-12-04T11:00:00.000Z
GHED_CHE_pc_US_SHA2011,Current health expenditure (CHE) per capita in US$,numeric,EUR,Europe,Country,TJK,Tajikistan,Year,2020,false,,,,,,,,,,,,,74.17,,,,,,74.17,,,EN,2025-12-04T11:00:00.000Z
GHED_CHE_pc_US_SHA2011,Current health expenditure (CHE) per capita in US$,numeric,AFR,Africa,Country,SEN,Senegal,Year,2020,false,,,,,,,,,,,,,75.17,,,,,,75.17,,,EN,2025-12-04T11:00:00.000Z
GHED_CHE_pc_US_SHA2011,Current health expenditure (CHE) per capita in US$,numeric,EUR,Europe,Country,MCO,Monaco,Year,2020,false,,,,,,,,,,,,,7582,,,,,,7582.42,,,EN,2025-12-04T11:00:00.000Z
GHED_CHE_pc_US_SHA2011,Current health expenditure (CHE) per capita in US$,numeric,AFR,Africa,Country,LBR,Liberia,Year,2020,false,,,,,,,,,,,,,76.11,,,,,,76.11,,,EN,2025-12-04T11:00:00.000Z
GHED_CHE_pc_US_SHA2011,Current health expenditure (CHE) per capita in US$,numeric,AFR,Africa,Country,CIV,Cote d'Ivoire,Year,2020,false,,,,,,,,,,,,,78.98,,,,,,78.98,,,EN,2025-12-04T11:00:00.000Z
GHED_CHE_pc_US_SHA2011,Current health expenditure (CHE) per capita in US$,numeric,EUR,Europe,Country,NOR,Norway,Year,2020,false,,,,,,,,,,,,,7825,,,,,,7824.58,,,EN,2025-12-04T11:00:00.000Z
GHED_CHE_pc_US_SHA2011,Current health expenditure (CHE) per capita in US$,numeric,EMR,Eastern Mediterranean,Country,AFG,Afghanistan,Year,2020,false,,,,,,,,,,,,,80.09,,,,,,80.09,,,EN,2025-12-04T11:00:00.000Z
GHED_CHE_pc_US_SHA2011,Current health expenditure (CHE) per capita in US$,numeric,AFR,Africa,Country,COG,Congo,Year,2020,false,,,,,,,,,,,,,80.1,,,,,,80.10,,,EN,2025-12-04T11:00:00.000Z
GHED_CHE_pc_US_SHA2011,Current health expenditure (CHE) per capita in US$,numeric,EUR,Europe,Country,ROU,Romania,Year,2020,false,,,,,,,,,,,,,809.6,,,,,,809.59,,,EN,2025-12-04T11:00:00.000Z
GHED_CHE_pc_US_SHA2011,Current health expenditure (CHE) per capita in US$,numeric,EUR,Europe,Country,RUS,Russian Federation,Year,2020,false,,,,,,,,,,,,,814.9,,,,,,814.94,,,EN,2025-12-04T11:00:00.000Z
GHED_CHE_pc_US_SHA2011,Current health expenditure (CHE) per capita in US$,numeric,SEAR,South-East Asia,Country,MDV,Maldives,Year,2020,false,,,,,,,,,,,,,845.8,,,,,,845.82,,,EN,2025-12-04T11:00:00.000Z
GHED_CHE_pc_US_SHA2011,Current health expenditure (CHE) per capita in US$,numeric,EMR,Eastern Mediterranean,Country,OMN,Oman,Year,2020,false,,,,,,,,,,,,,859.2,,,,,,859.25,,,EN,2025-12-04T11:00:00.000Z
GHED_CHE_pc_US_SHA2011,Current health expenditure (CHE) per capita in US$,numeric,AFR,Africa,Country,KEN,Kenya,Year,2020,false,,,,,,,,,,,,,86.59,,,,,,86.59,,,EN,2025-12-04T11:00:00.000Z
GHED_CHE_pc_US_SHA2011,Current health expenditure (CHE) per capita in US$,numeric,AMR,Americas,Country,ATG,Antigua and Barbuda,Year,2020,false,,,,,,,,,,,,,873.5,,,,,,873.52,,,EN,2025-12-04T11:00:00.000Z
GHED_CHE_pc_US_SHA2011,Current health expenditure (CHE) per capita in US$,numeric,AFR,Africa,Country,COM,Comoros,Year,2020,false,,,,,,,,,,,,,89.68,,,,,,89.68,,,EN,2025-12-04T11:00:00.000Z
GHED_CHE_pc_US_SHA2011,Current health expenditure (CHE) per capita in US$,numeric,EUR,Europe,Country,MNE,Montenegro,Year,2020,false,,,,,,,,,,,,,896.2,,,,,,896.25,,,EN,2025-12-04T11:00:00.000Z
GHED_CHE_pc_US_SHA2011,Current health expenditure (CHE) per capita in US$,numeric,WPR,Western Pacific,Country,TUV,Tuvalu,Year,2020,false,,,,,,,,,,,,,899.6,,,,,,899.59,,,EN,2025-12-04T11:00:00.000Z
GHED_CHE_pc_US_SHA2011,Current health expenditure (CHE) per capita in US$,numeric,EUR,Europe,Country,BGR,Bulgaria,Year,2020,false,,,,,,,,,,,,,906.5,,,,,,906.55,,,EN,2025-12-04T11:00:00.000Z
GHED_CHE_pc_US_SHA2011,Current health expenditure (CHE) per capita in US$,numeric,AMR,Americas,Country,ARG,Argentina,Year,2020,false,,,,,,,,,,,,,911,,,,,,910.96,,,EN,2025-12-04T11:00:00.000Z
GHED_CHE_pc_US_SHA2011,Current health expenditure (CHE) per capita in US$,numeric,AFR,Africa,Country,LSO,Lesotho,Year,2020,false,,,,,,,,,,,,,96.85,,,,,,96.85,,,EN,2025-12-04T11:00:00.000Z
GHED_CHE_pc_US_SHA2011,Current health expenditure (CHE) per capita in US$,numeric,AMR,Americas,Country,CRI,Costa Rica,Year,2020,false,,,,,,,,,,,,,969.9,,,,,,969.89,,,EN,2025-12-04T11:00:00.000Z
GHED_CHE_pc_US_SHA2011,Current health expenditure (CHE) per capita in US$,numeric,AFR,Africa,Country,GHA,Ghana,Year,2020,false,,,,,,,,,,,,,97.38,,,,,,97.38,,,EN,2025-12-04T11:00:00.000Z
GHED_CHE_pc_US_SHA2011,Current health expenditure (CHE) per capita in US$,numeric,AMR,Americas,Country,ARG,Argentina,Year,2019,false,,,,,,,,,,,,,1007,,,,,,1007.46,,,EN,2025-12-04T11:00:00.000Z
GHED_CHE_pc_US_SHA2011,Current health expenditure (CHE) per capita in US$,numeric,EUR,Europe,Country,POL,Poland,Year,2019,false,,,,,,,,,,,,,1014,,,,,,1014.04,,,EN,2025-12-04T11:00:00.000Z
GHED_CHE_pc_US_SHA2011,Current health expenditure (CHE) per capita in US$,numeric,AMR,Americas,Country,CUB,Cuba,Year,2019,false,,,,,,,,,,,,,1023,,,,,,1023.40,,,EN,2025-12-04T11:00:00.000Z
GHED_CHE_pc_US_SHA2011,Current health expenditure (CHE) per capita in US$,numeric,EMR,Eastern Mediterranean,Country,BHR,Bahrain,Year,2019,false,,,,,,,,,,,,,1030,,,,,,1030.26,,,EN,2025-12-04T11:00:00.000Z
GHED_CHE_pc_US_SHA2011,Current health expenditure (CHE) per capita in US$,numeric,AMR,Americas,Country,USA,United States of America,Year,2019,false,,,,,,,,,,,,,10550,,,,,,10550.22,,,EN,2025-12-04T11:00:00.000Z
GHED_CHE_pc_US_SHA2011,Current health expenditure (CHE) per capita in US$,numeric,AFR,Africa,Country,STP,Sao Tome and Principe,Year,2019,false,,,,,,,,,,,,,106.9,,,,,,106.87,,,EN,2025-12-04T11:00:00.000Z
GHED_CHE_pc_US_SHA2011,Current health expenditure (CHE) per capita in US$,numeric,EUR,Europe,Country,HUN,Hungary,Year,2019,false,,,,,,,,,,,,,1062,,,,,,1062.16,,,EN,2025-12-04T11:00:00.000Z
GHED_CHE_pc_US_SHA2011,Current health expenditure (CHE) per capita in US$,numeric,EUR,Europe,Country,HRV,Croatia,Year,2019,false,,,,,,,,,,,,,1064,,,,,,1063.54,,,EN,2025-12-04T11:00:00.000Z
GHED_CHE_pc_US_SHA2011,Current health expenditure (CHE) per capita in US$,numeric,AMR,Americas,Country,TTO,Trinidad and Tobago,Year,2019,false,,,,,,,,,,,,,1097,,,,,,1097.21,,,EN,2025-12-04T11:00:00.000Z
GHED_CHE_pc_US_SHA2011,Current health expenditure (CHE) per capita in US$,numeric,WPR,Western Pacific,Country,VUT,Vanuatu,Year,2019,false,,,,,,,,,,,,,112.1,,,,,,112.14,,,EN,2025-12-04T11:00:00.000Z
GHED_CHE_pc_US_SHA2011,Current health expenditure (CHE) per capita in US$,numeric,WPR,Western Pacific,Country,KHM,Cambodia,Year,2019,false,,,,,,,,,,,,,112.6,,,,,,112.59,,,EN,2025-12-04T11:00:00.000Z
GHED_CHE_pc_US_SHA2011,Current health expenditure (CHE) per capita in US$,numeric,AMR,Americas,Country,VEN,Venezuela (Bolivarian Republic of),Year,2019,false,,,,,,,,,,,,,112.7,,,,,,112.73,,,EN,2025-12-04T11:00:00.000Z
GHED_CHE_pc_US_SHA2011,Current health expenditure (CHE) per capita in US$,numeric,WPR,Western Pacific,Country,TUV,Tuvalu,Year,2019,false,,,,,,,,,,,,,1139,,,,,,1138.83,,,EN,2025-12-04T11:00:00.000Z
GHED_CHE_pc_US_SHA2011,Current health expenditure (CHE) per capita in US$,numeric,SEAR,South-East Asia,Country,BTN,Bhutan,Year,2019,false,,,,,,,,,,,,,115.7,,,,,,115.72,,,EN,2025-12-04T11:00:00.000Z
GHED_CHE_pc_US_SHA2011,Current health expenditure (CHE) per capita in US$,numeric,AMR,Americas,Country,BRB,Barbados,Year,2019,false,,,,,,,,,,,,,1168,,,,,,1168.12,,,EN,2025-12-04T11:00:00.000Z
GHED_CHE_pc_US_SHA2011,Current health expenditure (CHE) per capita in US$,numeric,WPR,Western Pacific,Country,IDN,Indonesia,Year,2019,false,,,,,,,,,,,,,118.2,,,,,,118.22,,,EN,2025-12-04T11:00:00.000Z
GHED_CHE_pc_US_SHA2011,Current health expenditure (CHE) per capita in US$,numeric,EUR,Europe,Country,LVA,Latvia,Year,2019,false,,,,,,,,,,,,,1183,,,,,,1183.12,,,EN,2025-12-04T11:00:00.000Z
GHED_CHE_pc_US_SHA2011,Current health expenditure (CHE) per capita in US$,numeric,EMR,Eastern Mediterranean,Country,SOM,Somalia,Year,2019,false,,,,,,,,,,,,,12.99,,,,,,12.99,,,EN,2025-12-04T11:00:00.000Z
GHED_CHE_pc_US_SHA2011,Current health expenditure (CHE) per capita in US$,numeric,WPR,Western Pacific,Country,NRU,Naoero,Year,2019,false,,,,,,,,,,,,,1214,,,,,,1213.87,,,EN,2025-12-04T11:00:00.000Z
GHED_CHE_pc_US_SHA2011,Current health expenditure (CHE) per capita in US$,numeric,AMR,Americas,Country,KNA,Saint Kitts and Nevis,Year,2019,false,,,,,,,,,,,,,1224,,,,,,1224.19,,,EN,2025-12-04T11:00:00.000Z
GHED_CHE_pc_US_SHA2011,Current health expenditure (CHE) per capita in US$,numeric,WPR,Western Pacific,Country,NIU,Niue,Year,2019,false,,,,,,,,,,,,,1232,,,,,,1232.45,,,EN,2025-12-04T11:00:00.000Z
GHED_CHE_pc_US_SHA2011,Current health expenditure (CHE) per capita in US$,numeric,AMR,Americas,Country,PAN,Panama,Year,2019,false,,,,,,,,,,,,,1339,,,,,,1339.45,,,EN,2025-12-04T11:00:00.000Z
GHED_CHE_pc_US_SHA2011,Current health expenditure (CHE) per capita in US$,numeric,EUR,Europe,Country,SVK,Slovakia,Year,2019,false,,,,,,,,,,,,,1342,,,,,,1342.08,,,EN,2025-12-04T11:00:00.000Z
GHED_CHE_pc_US_SHA2011,Current health expenditure (CHE) per capita in US$,numeric,AMR,Americas,Country,CHL,Chile,Year,2019,false,,,,,,,,,,,,,1349,,,,,,1348.99,,,EN,2025-12-04T11:00:00.000Z
GHED_CHE_pc_US_SHA2011,Current health expenditure (CHE) per capita in US$,numeric,EUR,Europe,Country,LTU,Lithuania,Year,2019,false,,,,,,,,,,,,,1361,,,,,,1361.20,,,EN,2025-12-04T11:00:00.000Z
GHED_CHE_pc_US_SHA2011,Current health expenditure (CHE) per capita in US$,numeric,WPR,Western Pacific,Country,PHL,Philippines,Year,2019,false,,,,,,,,,,,,,141.7,,,,,,141.69,,,EN,2025-12-04T11:00:00.000Z
GHED_CHE_pc_US_SHA2011,Current health expenditure (CHE) per capita in US$,numeric,EMR,Eastern Mediterranean,Country,EGY,Egypt,Year,2019,false,,,,,,,,,,,,,142.7,,,,,,142.70,,,EN,2025-12-04T11:00:00.000Z
GHED_CHE_pc_US_SHA2011,Current health expenditure (CHE) per capita in US$,numeric,SEAR,South-East Asia,Country,LKA,Sri Lanka,Year,2019,false,,,,,,,,,,,,,147,,,,,,147.01,,,EN,2025-12-04T11:00:00.000Z
GHED_CHE_pc_US_SHA2011,Current health expenditure (CHE) per capita in US$,numeric,AFR,Africa,Country,MDG,Madagascar,Year,2019,false,,,,,,,,,,,,,15.5,,,,,,15.50,,,EN,2025-12-04T11:00:00.000Z
GHED_CHE_pc_US_SHA2011,Current health expenditure (CHE) per capita in US$,numeric,EMR,Eastern Mediterranean,Country,SAU,Saudi Arabia,Year,2019,false,,,,,,,,,,,,,1505,,,,,,1504.55,,,EN,2025-12-04T11:00:00.000Z
GHED_CHE_pc_US_SHA2011,Current health expenditure (CHE) per capita in US$,numeric,EUR,Europe,Country,GRC,Greece,Year,2019,false,,,,,,,,,,,,,1569,,,,,,1569.03,,,EN,2025-12-04T11:00:00.000Z
GHED_CHE_pc_US_SHA2011,Current health expenditure (CHE) per capita in US$,numeric,EUR,Europe,Country,EST,Estonia,Year,2019,false,,,,,,,,,,,,,1599,,,,,,1599.35,,,EN,2025-12-04T11:00:00.000Z
GHED_CHE_pc_US_SHA2011,Current health expenditure (CHE) per capita in US$,numeric,EMR,Eastern Mediterranean,Country,KWT,Kuwait,Year,2019,false,,,,,,,,,,,,,1643,,,,,,1643.16,,,EN,2025-12-04T11:00:00.000Z
GHED_CHE_pc_US_SHA2011,Current health expenditure (CHE) per capita in US$,numeric,AMR,Americas,Country,NIC,Nicaragua,Year,2019,false,,,,,,,,,,,,,166.5,,,,,,166.49,,,EN,2025-12-04T11:00:00.000Z
GHED_CHE_pc_US_SHA2011,Current health expenditure (CHE) per capita in US$,numeric,AMR,Americas,Country,URY,Uruguay,Year,2019,false,,,,,,,,,,,,,1693,,,,,,1692.50,,,EN,2025-12-04T11:00:00.000Z
GHED_CHE_pc_US_SHA2011,Current health expenditure (CHE) per capita in US$,numeric,WPR,Western Pacific,Country,VNM,Viet Nam,Year,2019,false,,,,,,,,,,,,,171.2,,,,,,171.15,,,EN,2025-12-04T11:00:00.000Z
GHED_CHE_pc_US_SHA2011,Current health expenditure (CHE) per capita in US$,numeric,WPR,Western Pacific,Country,KIR,Kiribati,Year,2019,false,,,,,,,,,,,,,177.9,,,,,,177.93,,,EN,2025-12-04T11:00:00.000Z
GHED_CHE_pc_US_SHA2011,Current health expenditure (CHE) per capita in US$,numeric,EMR,Eastern Mediterranean,Country,MAR,Morocco,Year,2019,false,,,,,,,,,,,,,178.7,,,,,,178.74,,,EN,2025-12-04T11:00:00.000Z
GHED_CHE_pc_US_SHA2011,Current health expenditure (CHE) per capita in US$,numeric,EUR,Europe,Country,CZE,Czechia,Year,2019,false,,,,,,,,,,,,,1805,,,,,,1805.44,,,EN,2025-12-04T11:00:00.000Z
GHED_CHE_pc_US_SHA2011,Current health expenditure (CHE) per capita in US$,numeric,AMR,Americas,Country,HND,Honduras,Year,2019,false,,,,,,,,,,,,,183.8,,,,,,183.75,,,EN,2025-12-04T11:00:00.000Z
GHED_CHE_pc_US_SHA2011,Current health expenditure (CHE) per capita in US$,numeric,AMR,Americas,Country,BHS,Bahamas,Year,2019,false,,,,,,,,,,,,,1881,,,,,,1881.40,,,EN,2025-12-04T11:00:00.000Z
GHED_CHE_pc_US_SHA2011,Current health expenditure (CHE) per capita in US$,numeric,AFR,Africa,Country,COD,Democratic Republic of the Congo,Year,2019,false,,,,,,,,,,,,,19.21,,,,,,19.21,,,EN,2025-12-04T11:00:00.000Z
GHED_CHE_pc_US_SHA2011,Current health expenditure (CHE) per capita in US$,numeric,WPR,Western Pacific,Country,PLW,Palau,Year,2019,false,,,,,,,,,,,,,1929,,,,,,1928.92,,,EN,2025-12-04T11:00:00.000Z
GHED_CHE_pc_US_SHA2011,Current health expenditure (CHE) per capita in US$,numeric,EMR,Eastern Mediterranean,Country,ARE,United Arab Emirates,Year,2019,false,,,,,,,,,,,,,1962,,,,,,1962.47,,,EN,2025-12-04T11:00:00.000Z
GHED_CHE_pc_US_SHA2011,Current health expenditure (CHE) per capita in US$,numeric,WPR,Western Pacific,Country,MNG,Mongolia,Year,2019,false,,,,,,,,,,,,,197.6,,,,,,197.57,,,EN,2025-12-04T11:00:00.000Z
GHED_CHE_pc_US_SHA2011,Current health expenditure (CHE) per capita in US$,numeric,EUR,Europe,Country,AZE,Azerbaijan,Year,2019,false,,,,,,,,,,,,,199.3,,,,,,199.26,,,EN,2025-12-04T11:00:00.000Z
GHED_CHE_pc_US_SHA2011,Current health expenditure (CHE) per capita in US$,numeric,EMR,Eastern Mediterranean,Country,QAT,Qatar,Year,2019,false,,,,,,,,,,,,,2008,,,,,,2007.52,,,EN,2025-12-04T11:00:00.000Z
GHED_CHE_pc_US_SHA2011,Current health expenditure (CHE) per capita in US$,numeric,EUR,Europe,Country,CYP,Cyprus,Year,2019,false,,,,,,,,,,,,,2059,,,,,,2059.45,,,EN,2025-12-04T11:00:00.000Z
GHED_CHE_pc_US_SHA2011,Current health expenditure (CHE) per capita in US$,numeric,AFR,Africa,Country,GAB,Gabon,Year,2019,false,,,,,,,,,,,,,206,,,,,,206.00,,,EN,2025-12-04T11:00:00.000Z
GHED_CHE_pc_US_SHA2011,Current health expenditure (CHE) per capita in US$,numeric,AFR,Africa,Country,CPV,Cabo Verde,Year,2019,false,,,,,,,,,,,,,211.2,,,,,,211.25,,,EN,2025-12-04T11:00:00.000Z
GHED_CHE_pc_US_SHA2011,Current health expenditure (CHE) per capita in US$,numeric,EMR,Eastern Mediterranean,Country,TUN,Tunisia,Year,2019,false,,,,,,,,,,,,,212.6,,,,,,212.60,,,EN,2025-12-04T11:00:00.000Z
GHED_CHE_pc_US_SHA2011,Current health expenditure (CHE) per capita in US$,numeric,AFR,Africa,Country,BDI,Burundi,Year,2019,false,,,,,,,,,,,,,22.24,,,,,,22.24,,,EN,2025-12-04T11:00:00.000Z
GHED_CHE_pc_US_SHA2011,Current health expenditure (CHE) per capita in US$,numeric,EUR,Europe,Country,PRT,Portugal,Year,2019,false,,,,,,,,,,,,,2210,,,,,,2209.50,,,EN,2025-12-04T11:00:00.000Z
GHED_CHE_pc_US_SHA2011,Current health expenditure (CHE) per capita in US$,numeric,EUR,Europe,Country,SVN,Slovenia,Year,2019,false,,,,,,,,,,,,,2219,,,,,,2219.10,,,EN,2025-12-04T11:00:00.000Z
GHED_CHE_pc_US_SHA2011,Current health expenditure (CHE) per capita in US$,numeric,AFR,Africa,Country,GNQ,Equatorial Guinea,Year,2019,false,,,,,,,,,,,,,223.1,,,,,,223.14,,,EN,2025-12-04T11:00:00.000Z
GHED_CHE_pc_US_SHA2011,Current health expenditure (CHE) per capita in US$,numeric,EMR,Eastern Mediterranean,Country,IRN,Iran (Islamic Republic of),Year,2019,false,,,,,,,,,,,,,223.6,,,,,,223.64,,,EN,2025-12-04T11:00:00.000Z
GHED_CHE_pc_US_SHA2011,Current health expenditure (CHE) per capita in US$,numeric,AFR,Africa,Country,GMB,Gambia,Year,2019,false,,,,,,,,,,,,,23.22,,,,,,23.22,,,EN,2025-12-04T11:00:00.000Z
GHED_CHE_pc_US_SHA2011,Current health expenditure (CHE) per capita in US$,numeric,AFR,Africa,Country,LSO,Lesotho,Year,2019,false,,,,,,,,,,,,,235.9,,,,,,235.94,,,EN,2025-12-04T11:00:00.000Z
GHED_CHE_pc_US_SHA2011,Current health expenditure (CHE) per capita in US$,numeric,AMR,Americas,Country,BOL,Bolivia (Plurinational State of),Year,2019,false,,,,,,,,,,,,,241.3,,,,,,241.35,,,EN,2025-12-04T11:00:00.000Z
GHED_CHE_pc_US_SHA2011,Current health expenditure (CHE) per capita in US$,numeric,EMR,Eastern Mediterranean,Country,IRQ,Iraq,Year,2019,false,,,,,,,,,,,,,241.7,,,,,,241.74,,,EN,2025-12-04T11:00:00.000Z
GHED_CHE_pc_US_SHA2011,Current health expenditure (CHE) per capita in US$,numeric,AFR,Africa,Country,DZA,Algeria,Year,2019,false,,,,,,,,,,,,,242.1,,,,,,242.07,,,EN,2025-12-04T11:00:00.000Z
GHED_CHE_pc_US_SHA2011,Current health expenditure (CHE) per capita in US$,numeric,EUR,Europe,Country,UKR,Ukraine,Year,2019,false,,,,,,,,,,,,,242.8,,,,,,242.81,,,EN,2025-12-04T11:00:00.000Z
GHED_CHE_pc_US_SHA2011,Current health expenditure (CHE) per capita in US$,numeric,WPR,Western Pacific,Country,WSM,Samoa,Year,2019,false,,,,,,,,,,,,,242.9,,,,,,242.91,,,EN,2025-12-04T11:00:00.000Z
GHED_CHE_pc_US_SHA2011,Current health expenditure (CHE) per capita in US$,numeric,AFR,Africa,Country,ETH,Ethiopia,Year,2019,false,,,,,,,,,,,,,25.94,,,,,,25.94,,,EN,2025-12-04T11:00:00.000Z
GHED_CHE_pc_US_SHA2011,Current health expenditure (CHE) per capita in US$,numeric,WPR,Western Pacific,Country,FJI,Fiji,Year,2019,false,,,,,,,,,,,,,254.8,,,,,,254.83,,,EN,2025-12-04T11:00:00.000Z
GHED_CHE_pc_US_SHA2011,Current health expenditure (CHE) per capita in US$,numeric,WPR,Western Pacific,Country,KOR,Republic of Korea,Year,2019,false,,,,,,,,,,,,,2602,,,,,,2602.48,,,EN,2025-12-04T11:00:00.000Z
GHED_CHE_pc_US_SHA2011,Current health expenditure (CHE) per capita in US$,numeric,EUR,Europe,Country,KAZ,Kazakhstan,Year,2019,false,,,,,,,,,,,,,263.6,,,,,,263.61,,,EN,2025-12-04T11:00:00.000Z
GHED_CHE_pc_US_SHA2011,Current health expenditure (CHE) per capita in US$,numeric,WPR,Western Pacific,Country,TON,Tonga,Year,2019,false,,,,,,,,,,,,,266.7,,,,,,266.69,,,EN,2025-12-04T11:00:00.000Z
GHED_CHE_pc_US_SHA2011,Current health expenditure (CHE) per capita in US$,numeric,EUR,Europe,Country,ESP,Spain,Year,2019,false,,,,,,,,,,,,,2757,,,,,,2756.62,,,EN,2025-12-04T11:00:00.000Z
GHED_CHE_pc_US_SHA2011,Current health expenditure (CHE) per capita in US$,numeric,AMR,Americas,Country,GTM,Guatemala,Year,2019,false,,,,,,,,,,,,,278.6,,,,,,278.59,,,EN,2025-12-04T11:00:00.000Z
GHED_CHE_pc_US_SHA2011,Current health expenditure (CHE) per capita in US$,numeric,AFR,Africa,Country,ERI,Eritrea,Year,2019,false,,,,,,,,,,,,,28.43,,,,,,28.43,,,EN,2025-12-04T11:00:00.000Z
GHED_CHE_pc_US_SHA2011,Current health expenditure (CHE) per capita in US$,numeric,EUR,Europe,Country,MDA,Republic of Moldova,Year,2019,false,,,,,,,,,,,,,284,,,,,,283.98,,,EN,2025-12-04T11:00:00.000Z
GHED_CHE_pc_US_SHA2011,Current health expenditure (CHE) per capita in US$,numeric,SEAR,South-East Asia,Country,THA,Thailand,Year,2019,false,,,,,,,,,,,,,288.3,,,,,,288.31,,,EN,2025-12-04T11:00:00.000Z
GHED_CHE_pc_US_SHA2011,Current health expenditure (CHE) per capita in US$,numeric,EUR,Europe,Country,ITA,Italy,Year,2019,false,,,,,,,,,,,,,2909,,,,,,2908.83,,,EN,2025-12-04T11:00:00.000Z
GHED_CHE_pc_US_SHA2011,Current health expenditure (CHE) per capita in US$,numeric,WPR,Western Pacific,Country,SGP,Singapore,Year,2019,false,,,,,,,,,,,,,2924,,,,,,2924.25,,,EN,2025-12-04T11:00:00.000Z
GHED_CHE_pc_US_SHA2011,Current health expenditure (CHE) per capita in US$,numeric,EMR,Eastern Mediterranean,Country,JOR,Jordan,Year,2019,false,,,,,,,,,,,,,294.9,,,,,,294.93,,,EN,2025-12-04T11:00:00.000Z
GHED_CHE_pc_US_SHA2011,Current health expenditure (CHE) per capita in US$,numeric,EUR,Europe,Country,MLT,Malta,Year,2019,false,,,,,,,,,,,,,2947,,,,,,2947.24,,,EN,2025-12-04T11:00:00.000Z
GHED_CHE_pc_US_SHA2011,Current health expenditure (CHE) per capita in US$,numeric,AMR,Americas,Country,BLZ,Belize,Year,2019,false,,,,,,,,,,,,,298.1,,,,,,298.14,,,EN,2025-12-04T11:00:00.000Z
GHED_CHE_pc_US_SHA2011,Current health expenditure (CHE) per capita in US$,numeric,AFR,Africa,Country,TCD,Chad,Year,2019,false,,,,,,,,,,,,,30.24,,,,,,30.24,,,EN,2025-12-04T11:00:00.000Z
GHED_CHE_pc_US_SHA2011,Current health expenditure (CHE) per capita in US$,numeric,EUR,Europe,Country,AND,Andorra,Year,2019,false,,,,,,,,,,,,,3021,,,,,,3021.08,,,EN,2025-12-04T11:00:00.000Z
GHED_CHE_pc_US_SHA2011,Current health expenditure (CHE) per capita in US$,numeric,AFR,Africa,Country,MLI,Mali,Year,2019,false,,,,,,,,,,,,,31.41,,,,,,31.41,,,EN,2025-12-04T11:00:00.000Z
GHED_CHE_pc_US_SHA2011,Current health expenditure (CHE) per capita in US$,numeric,EMR,Eastern Mediterranean,Country,SDN,Sudan,Year,2019,false,,,,,,,,,,,,,31.79,,,,,,31.79,,,EN,2025-12-04T11:00:00.000Z
GHED_CHE_pc_US_SHA2011,Current health expenditure (CHE) per capita in US$,numeric,AFR,Africa,Country,NER,Niger,Year,2019,false,,,,,,,,,,,,,31.89,,,,,,31.89,,,EN,2025-12-04T11:00:00.000Z
GHED_CHE_pc_US_SHA2011,Current health expenditure (CHE) per capita in US$,numeric,AMR,Americas,Country,GUY,Guyana,Year,2019,false,,,,,,,,,,,,,314.1,,,,,,314.10,,,EN,2025-12-04T11:00:00.000Z
GHED_CHE_pc_US_SHA2011,Current health expenditure (CHE) per capita in US$,numeric,EMR,Eastern Mediterranean,Country,PSE,"occupied Palestinian territory, including east Jerusalem",Year,2019,false,,,,,,,,,,,,,317.5,,,,,,317.45,,,EN,2025-12-04T11:00:00.000Z
GHED_CHE_pc_US_SHA2011,Current health expenditure (CHE) per capita in US$,numeric,AFR,Africa,Country,SWZ,Eswatini,Year,2019,false,,,,,,,,,,,,,320.1,,,,,,320.05,,,EN,2025-12-04T11:00:00.000Z
GHED_CHE_pc_US_SHA2011,Current health expenditure (CHE) per capita in US$,numeric,AFR,Africa,Country,UGA,Uganda,Year,2019,false,,,,,,,,,,,,,33.37,,,,,,33.37,,,EN,2025-12-04T11:00:00.000Z
GHED_CHE_pc_US_SHA2011,Current health expenditure (CHE) per capita in US$,numeric,AFR,Africa,Country,BEN,Benin,Year,2019,false,,,,,,,,,,,,,33.95,,,,,,33.95,,,EN,2025-12-04T11:00:00.000Z
GHED_CHE_pc_US_SHA2011,Current health expenditure (CHE) per capita in US$,numeric,EUR,Europe,Country,ISR,Israel,Year,2019,false,,,,,,,,,,,,,3335,,,,,,3335.25,,,EN,2025-12-04T11:00:00.000Z
GHED_CHE_pc_US_SHA2011,Current health expenditure (CHE) per capita in US$,numeric,EUR,Europe,Country,GEO,Georgia,Year,2019,false,,,,,,,,,,,,,339.9,,,,,,339.87,,,EN,2025-12-04T11:00:00.000Z
GHED_CHE_pc_US_SHA2011,Current health expenditure (CHE) per capita in US$,numeric,AFR,Africa,Country,SSD,South Sudan,Year,2019,false,,,,,,,,,,,,,35.18,,,,,,35.18,,,EN,2025-12-04T11:00:00.000Z
GHED_CHE_pc_US_SHA2011,Current health expenditure (CHE) per capita in US$,numeric,AFR,Africa,Country,CAF,Central African Republic,Year,2019,false,,,,,,,,,,,,,35.76,,,,,,35.76,,,EN,2025-12-04T11:00:00.000Z
GHED_CHE_pc_US_SHA2011,Current health expenditure (CHE) per capita in US$,numeric,AMR,Americas,Country,DOM,Dominican Republic,Year,2019,false,,,,,,,,,,,,,357.4,,,,,,357.44,,,EN,2025-12-04T11:00:00.000Z
GHED_CHE_pc_US_SHA2011,Current health expenditure (CHE) per capita in US$,numeric,EMR,Eastern Mediterranean,Country,PAK,Pakistan,Year,2019,false,,,,,,,,,,,,,36.01,,,,,,36.01,,,EN,2025-12-04T11:00:00.000Z
GHED_CHE_pc_US_SHA2011,Current health expenditure (CHE) per capita in US$,numeric,AFR,Africa,Country,MWI,Malawi,Year,2019,false,,,,,,,,,,,,,36.92,,,,,,36.92,,,EN,2025-12-04T11:00:00.000Z
GHED_CHE_pc_US_SHA2011,Current health expenditure (CHE) per capita in US$,numeric,EUR,Europe,Country,ALB,Albania,Year,2019,false,,,,,,,,,,,,,366.3,,,,,,366.34,,,EN,2025-12-04T11:00:00.000Z
GHED_CHE_pc_US_SHA2011,Current health expenditure (CHE) per capita in US$,numeric,AMR,Americas,Country,PER,Peru,Year,2019,false,,,,,,,,,,,,,368,,,,,,367.99,,,EN,2025-12-04T11:00:00.000Z
GHED_CHE_pc_US_SHA2011,Current health expenditure (CHE) per capita in US$,numeric,WPR,Western Pacific,Country,NZL,New Zealand,Year,2019,false,,,,,,,,,,,,,3680,,,,,,3679.60,,,EN,2025-12-04T11:00:00.000Z
GHED_CHE_pc_US_SHA2011,Current health expenditure (CHE) per capita in US$,numeric,AMR,Americas,Country,VCT,Saint Vincent and the Grenadines,Year,2019,false,,,,,,,,,,,,,372.1,,,,,,372.06,,,EN,2025-12-04T11:00:00.000Z
GHED_CHE_pc_US_SHA2011,Current health expenditure (CHE) per capita in US$,numeric,AMR,Americas,Country,SLV,El Salvador,Year,2019,false,,,,,,,,,,,,,380.5,,,,,,380.53,,,EN,2025-12-04T11:00:00.000Z
GHED_CHE_pc_US_SHA2011,Current health expenditure (CHE) per capita in US$,numeric,EUR,Europe,Country,SMR,San Marino,Year,2019,false,,,,,,,,,,,,,3801,,,,,,3801.21,,,EN,2025-12-04T11:00:00.000Z
GHED_CHE_pc_US_SHA2011,Current health expenditure (CHE) per capita in US$,numeric,EUR,Europe,Country,TUR,Türkiye,Year,2019,false,,,,,,,,,,,,,388.7,,,,,,388.67,,,EN,2025-12-04T11:00:00.000Z
GHED_CHE_pc_US_SHA2011,Current health expenditure (CHE) per capita in US$,numeric,AFR,Africa,Country,RWA,Rwanda,Year,2019,false,,,,,,,,,,,,,39.81,,,,,,39.81,,,EN,2025-12-04T11:00:00.000Z
GHED_CHE_pc_US_SHA2011,Current health expenditure (CHE) per capita in US$,numeric,AFR,Africa,Country,TZA,United Republic of Tanzania,Year,2019,false,,,,,,,,,,,,,39.98,,,,,,39.98,,,EN,2025-12-04T11:00:00.000Z
GHED_CHE_pc_US_SHA2011,Current health expenditure (CHE) per capita in US$,numeric,AMR,Americas,Country,JAM,Jamaica,Year,2019,false,,,,,,,,,,,,,390.8,,,,,,390.79,,,EN,2025-12-04T11:00:00.000Z
GHED_CHE_pc_US_SHA2011,Current health expenditure (CHE) per capita in US$,numeric,EUR,Europe,Country,BLR,Belarus,Year,2019,false,,,,,,,,,,,,,400.1,,,,,,400.12,,,EN,2025-12-04T11:00:00.000Z
GHED_CHE_pc_US_SHA2011,Current health expenditure (CHE) per capita in US$,numeric,AFR,Africa,Country,MOZ,Mozambique,Year,2019,false,,,,,,,,,,,,,41.02,,,,,,41.02,,,EN,2025-12-04T11:00:00.000Z
GHED_CHE_pc_US_SHA2011,Current health expenditure (CHE) per capita in US$,numeric,AFR,Africa,Country,BFA,Burkina Faso,Year,2019,false,,,,,,,,,,,,,41.07,,,,,,41.07,,,EN,2025-12-04T11:00:00.000Z
GHED_CHE_pc_US_SHA2011,Current health expenditure (CHE) per capita in US$,numeric,AMR,Americas,Country,PRY,Paraguay,Year,2019,false,,,,,,,,,,,,,416.8,,,,,,416.84,,,EN,2025-12-04T11:00:00.000Z
GHED_CHE_pc_US_SHA2011,Current health expenditure (CHE) per capita in US$,numeric,AFR,Africa,Country,NAM,Namibia,Year,2019,false,,,,,,,,,,,,,419.1,,,,,,419.15,,,EN,2025-12-04T11:00:00.000Z
GHED_CHE_pc_US_SHA2011,Current health expenditure (CHE) per capita in US$,numeric,WPR,Western Pacific,Country,MYS,Malaysia,Year,2019,false,,,,,,,,,,,,,419.3,,,,,,419.33,,,EN,2025-12-04T11:00:00.000Z
GHED_CHE_pc_US_SHA2011,Current health expenditure (CHE) per capita in US$,numeric,AFR,Africa,Country,GIN,Guinea,Year,2019,false,,,,,,,,,,,,,42.17,,,,,,42.17,,,EN,2025-12-04T11:00:00.000Z
GHED_CHE_pc_US_SHA2011,Current health expenditure (CHE) per capita in US$,numeric,WPR,Western Pacific,Country,FSM,Micronesia (Federated States of),Year,2019,false,,,,,,,,,,,,,425.3,,,,,,425.28,,,EN,2025-12-04T11:00:00.000Z
GHED_CHE_pc_US_SHA2011,Current health expenditure (CHE) per capita in US$,numeric,EUR,Europe,Country,GBR,United Kingdom of Great Britain and Northern Ireland,Year,2019,false,,,,,,,,,,,,,4260,,,,,,4260.03,,,EN,2025-12-04T11:00:00.000Z
GHED_CHE_pc_US_SHA2011,Current health expenditure (CHE) per capita in US$,numeric,EUR,Europe,Country,TKM,Turkmenistan,Year,2019,false,,,,,,,,,,,,,432.8,,,,,,432.78,,,EN,2025-12-04T11:00:00.000Z
GHED_CHE_pc_US_SHA2011,Current health expenditure (CHE) per capita in US$,numeric,AFR,Africa,Country,BWA,Botswana,Year,2019,false,,,,,,,,,,,,,438.3,,,,,,438.29,,,EN,2025-12-04T11:00:00.000Z
GHED_CHE_pc_US_SHA2011,Current health expenditure (CHE) per capita in US$,numeric,WPR,Western Pacific,Country,JPN,Japan,Year,2019,false,,,,,,,,,,,,,4431,,,,,,4431.30,,,EN,2025-12-04T11:00:00.000Z
GHED_CHE_pc_US_SHA2011,Current health expenditure (CHE) per capita in US$,numeric,EUR,Europe,Country,FIN,Finland,Year,2019,false,,,,,,,,,,,,,4460,,,,,,4459.93,,,EN,2025-12-04T11:00:00.000Z
GHED_CHE_pc_US_SHA2011,Current health expenditure (CHE) per capita in US$,numeric,SEAR,South-East Asia,Country,BGD,Bangladesh,Year,2019,false,,,,,,,,,,,,,45.08,,,,,,45.08,,,EN,2025-12-04T11:00:00.000Z
GHED_CHE_pc_US_SHA2011,Current health expenditure (CHE) per capita in US$,numeric,EUR,Europe,Country,FRA,France,Year,2019,false,,,,,,,,,,,,,4520,,,,,,4519.99,,,EN,2025-12-04T11:00:00.000Z
GHED_CHE_pc_US_SHA2011,Current health expenditure (CHE) per capita in US$,numeric,AMR,Americas,Country,DMA,Dominica,Year,2019,false,,,,,,,,,,,,,465.6,,,,,,465.64,,,EN,2025-12-04T11:00:00.000Z
GHED_CHE_pc_US_SHA2011,Current health expenditure (CHE) per capita in US$,numeric,EUR,Europe,Country,MKD,North Macedonia,Year,2019,false,,,,,,,,,,,,,469.5,,,,,,469.47,,,EN,2025-12-04T11:00:00.000Z
GHED_CHE_pc_US_SHA2011,Current health expenditure (CHE) per capita in US$,numeric,AFR,Africa,Country,SLE,Sierra Leone,Year,2019,false,,,,,,,,,,,,,48.14,,,,,,48.14,,,EN,2025-12-04T11:00:00.000Z
GHED_CHE_pc_US_SHA2011,Current health expenditure (CHE) per capita in US$,numeric,AMR,Americas,Country,ECU,Ecuador,Year,2019,false,,,,,,,,,,,,,484.5,,,,,,484.54,,,EN,2025-12-04T11:00:00.000Z
GHED_CHE_pc_US_SHA2011,Current health expenditure (CHE) per capita in US$,numeric,AMR,Americas,Country,HTI,Haiti,Year,2019,false,,,,,,,,,,,,,49.33,,,,,,49.33,,,EN,2025-12-04T11:00:00.000Z
GHED_CHE_pc_US_SHA2011,Current health expenditure (CHE) per capita in US$,numeric,AMR,Americas,Country,LCA,Saint Lucia,Year,2019,false,,,,,,,,,,,,,506,,,,,,506.03,,,EN,2025-12-04T11:00:00.000Z
GHED_CHE_pc_US_SHA2011,Current health expenditure (CHE) per capita in US$,numeric,AMR,Americas,Country,COL,Colombia,Year,2019,false,,,,,,,,,,,,,507.1,,,,,,507.06,,,EN,2025-12-04T11:00:00.000Z
GHED_CHE_pc_US_SHA2011,Current health expenditure (CHE) per capita in US$,numeric,EUR,Europe,Country,BEL,Belgium,Year,2019,false,,,,,,,,,,,,,5087,,,,,,5087.46,,,EN,2025-12-04T11:00:00.000Z
GHED_CHE_pc_US_SHA2011,Current health expenditure (CHE) per capita in US$,numeric,AMR,Americas,Country,CAN,Canada,Year,2019,false,,,,,,,,,,,,,5099,,,,,,5098.89,,,EN,2025-12-04T11:00:00.000Z
GHED_CHE_pc_US_SHA2011,Current health expenditure (CHE) per capita in US$,numeric,AFR,Africa,Country,LBR,Liberia,Year,2019,false,,,,,,,,,,,,,51.19,,,,,,51.19,,,EN,2025-12-04T11:00:00.000Z
GHED_CHE_pc_US_SHA2011,Current health expenditure (CHE) per capita in US$,numeric,AMR,Americas,Country,GRD,Grenada,Year,2019,false,,,,,,,,,,,,,515.9,,,,,,515.95,,,EN,2025-12-04T11:00:00.000Z
GHED_CHE_pc_US_SHA2011,Current health expenditure (CHE) per capita in US$,numeric,SEAR,South-East Asia,Country,NPL,Nepal,Year,2019,false,,,,,,,,,,,,,53.61,,,,,,53.61,,,EN,2025-12-04T11:00:00.000Z
GHED_CHE_pc_US_SHA2011,Current health expenditure (CHE) per capita in US$,numeric,SEAR,South-East Asia,Country,MMR,Myanmar,Year,2019,false,,,,,,,,,,,,,53.72,,,,,,53.72,,,EN,2025-12-04T11:00:00.000Z
GHED_CHE_pc_US_SHA2011,Current health expenditure (CHE) per capita in US$,numeric,AFR,Africa,Country,GNB,Guinea-Bissau,Year,2019,false,,,,,,,,,,,,,53.98,,,,,,53.98,,,EN,2025-12-04T11:00:00.000Z
GHED_CHE_pc_US_SHA2011,Current health expenditure (CHE) per capita in US$,numeric,EUR,Europe,Country,AUT,Austria,Year,2019,false,,,,,,,,,,,,,5313,,,,,,5313.19,,,EN,2025-12-04T11:00:00.000Z
GHED_CHE_pc_US_SHA2011,Current health expenditure (CHE) per capita in US$,numeric,EUR,Europe,Country,ARM,Armenia,Year,2019,false,,,,,,,,,,,,,533.7,,,,,,533.70,,,EN,2025-12-04T11:00:00.000Z
GHED_CHE_pc_US_SHA2011,Current health expenditure (CHE) per capita in US$,numeric,EUR,Europe,Country,NLD,Netherlands (Kingdom of the),Year,2019,false,,,,,,,,,,,,,5341,,,,,,5340.61,,,EN,2025-12-04T11:00:00.000Z
GHED_CHE_pc_US_SHA2011,Current health expenditure (CHE) per capita in US$,numeric,AFR,Africa,Country,ZAF,South Africa,Year,2019,false,,,,,,,,,,,,,538.8,,,,,,538.80,,,EN,2025-12-04T11:00:00.000Z
GHED_CHE_pc_US_SHA2011,Current health expenditure (CHE) per capita in US$,numeric,WPR,Western Pacific,Country,CHN,China,Year,2019,false,,,,,,,,,,,,,539,,,,,,538.99,,,EN,2025-12-04T11:00:00.000Z
GHED_CHE_pc_US_SHA2011,Current health expenditure (CHE) per capita in US$,numeric,AFR,Africa,Country,TGO,Togo,Year,2019,false,,,,,,,,,,,,,54.26,,,,,,54.26,,,EN,2026-04-09T12:00:00.000Z
GHED_CHE_pc_US_SHA2011,Current health expenditure (CHE) per capita in US$,numeric,AFR,Africa,Country,MRT,Mauritania,Year,2019,false,,,,,,,,,,,,,54.63,,,,,,54.63,,,EN,2025-12-04T11:00:00.000Z
GHED_CHE_pc_US_SHA2011,Current health expenditure (CHE) per capita in US$,numeric,EUR,Europe,Country,DEU,Germany,Year,2019,false,,,,,,,,,,,,,5447,,,,,,5447.32,,,EN,2025-12-04T11:00:00.000Z
GHED_CHE_pc_US_SHA2011,Current health expenditure (CHE) per capita in US$,numeric,EUR,Europe,Country,IRL,Ireland,Year,2019,false,,,,,,,,,,,,,5454,,,,,,5454.31,,,EN,2025-12-04T11:00:00.000Z
GHED_CHE_pc_US_SHA2011,Current health expenditure (CHE) per capita in US$,numeric,EUR,Europe,Country,BIH,Bosnia and Herzegovina,Year,2019,false,,,,,,,,,,,,,546.5,,,,,,546.45,,,EN,2025-12-04T11:00:00.000Z
GHED_CHE_pc_US_SHA2011,Current health expenditure (CHE) per capita in US$,numeric,AMR,Americas,Country,MEX,Mexico,Year,2019,false,,,,,,,,,,,,,549.7,,,,,,549.73,,,EN,2025-12-04T11:00:00.000Z
GHED_CHE_pc_US_SHA2011,Current health expenditure (CHE) per capita in US$,numeric,AFR,Africa,Country,ZWE,Zimbabwe,Year,2019,false,,,,,,,,,,,,,55.11,,,,,,55.11,,,EN,2025-12-04T11:00:00.000Z
GHED_CHE_pc_US_SHA2011,Current health expenditure (CHE) per capita in US$,numeric,EMR,Eastern Mediterranean,Country,SYR,Syrian Arab Republic,Year,2019,false,,,,,,,,,,,,,55.22,,,,,,55.22,,,EN,2025-12-04T11:00:00.000Z
GHED_CHE_pc_US_SHA2011,Current health expenditure (CHE) per capita in US$,numeric,EMR,Eastern Mediterranean,Country,LBY,Libya,Year,2019,false,,,,,,,,,,,,,552.7,,,,,,552.73,,,EN,2025-12-04T11:00:00.000Z
GHED_CHE_pc_US_SHA2011,Current health expenditure (CHE) per capita in US$,numeric,WPR,Western Pacific,Country,AUS,Australia,Year,2019,false,,,,,,,,,,,,,5543,,,,,,5543.38,,,EN,2025-12-04T11:00:00.000Z
GHED_CHE_pc_US_SHA2011,Current health expenditure (CHE) per capita in US$,numeric,AFR,Africa,Country,CMR,Cameroon,Year,2019,false,,,,,,,,,,,,,56.79,,,,,,56.79,,,EN,2025-12-04T11:00:00.000Z
GHED_CHE_pc_US_SHA2011,Current health expenditure (CHE) per capita in US$,numeric,EUR,Europe,Country,SWE,Sweden,Year,2019,false,,,,,,,,,,,,,5688,,,,,,5688.04,,,EN,2025-12-04T11:00:00.000Z
GHED_CHE_pc_US_SHA2011,Current health expenditure (CHE) per capita in US$,numeric,AFR,Africa,Country,COG,Congo,Year,2019,false,,,,,,,,,,,,,58.42,,,,,,58.42,,,EN,2025-12-04T11:00:00.000Z
GHED_CHE_pc_US_SHA2011,Current health expenditure (CHE) per capita in US$,numeric,AMR,Americas,Country,SUR,Suriname,Year,2019,false,,,,,,,,,,,,,588.8,,,,,,588.84,,,EN,2025-12-04T11:00:00.000Z
GHED_CHE_pc_US_SHA2011,Current health expenditure (CHE) per capita in US$,numeric,WPR,Western Pacific,Country,PNG,Papua New Guinea,Year,2019,false,,,,,,,,,,,,,59.9,,,,,,59.90,,,EN,2025-12-04T11:00:00.000Z
GHED_CHE_pc_US_SHA2011,Current health expenditure (CHE) per capita in US$,numeric,EUR,Europe,Country,ISL,Iceland,Year,2019,false,,,,,,,,,,,,,5912,,,,,,5912.01,,,EN,2025-12-04T11:00:00.000Z
GHED_CHE_pc_US_SHA2011,Current health expenditure (CHE) per capita in US$,numeric,EUR,Europe,Country,TJK,Tajikistan,Year,2019,false,,,,,,,,,,,,,60.52,,,,,,60.52,,,EN,2025-12-04T11:00:00.000Z
GHED_CHE_pc_US_SHA2011,Current health expenditure (CHE) per capita in US$,numeric,SEAR,South-East Asia,Country,IND,India,Year,2019,false,,,,,,,,,,,,,60.69,,,,,,60.69,,,EN,2025-12-04T11:00:00.000Z
GHED_CHE_pc_US_SHA2011,Current health expenditure (CHE) per capita in US$,numeric,EUR,Europe,Country,DNK,Denmark,Year,2019,false,,,,,,,,,,,,,6050,,,,,,6049.93,,,EN,2025-12-04T11:00:00.000Z
GHED_CHE_pc_US_SHA2011,Current health expenditure (CHE) per capita in US$,numeric,EUR,Europe,Country,KGZ,Kyrgyzstan,Year,2019,false,,,,,,,,,,,,,61.4,,,,,,61.40,,,EN,2025-12-04T11:00:00.000Z
GHED_CHE_pc_US_SHA2011,Current health expenditure (CHE) per capita in US$,numeric,EUR,Europe,Country,LUX,Luxembourg,Year,2019,false,,,,,,,,,,,,,6222,,,,,,6221.74,,,EN,2025-12-04T11:00:00.000Z
GHED_CHE_pc_US_SHA2011,Current health expenditure (CHE) per capita in US$,numeric,AFR,Africa,Country,MUS,Mauritius,Year,2019,false,,,,,,,,,,,,,639.2,,,,,,639.18,,,EN,2025-12-04T11:00:00.000Z
GHED_CHE_pc_US_SHA2011,Current health expenditure (CHE) per capita in US$,numeric,AFR,Africa,Country,SEN,Senegal,Year,2019,false,,,,,,,,,,,,,64.34,,,,,,64.34,,,EN,2025-12-04T11:00:00.000Z
GHED_CHE_pc_US_SHA2011,Current health expenditure (CHE) per capita in US$,numeric,AFR,Africa,Country,AGO,Angola,Year,2019,false,,,,,,,,,,,,,64.45,,,,,,64.45,,,EN,2025-12-04T11:00:00.000Z
GHED_CHE_pc_US_SHA2011,Current health expenditure (CHE) per capita in US$,numeric,EUR,Europe,Country,SRB,Serbia,Year,2019,false,,,,,,,,,,,,,641,,,,,,641.05,,,EN,2025-12-04T11:00:00.000Z
GHED_CHE_pc_US_SHA2011,Current health expenditure (CHE) per capita in US$,numeric,EUR,Europe,Country,RUS,Russian Federation,Year,2019,false,,,,,,,,,,,,,650.5,,,,,,650.47,,,EN,2025-12-04T11:00:00.000Z
GHED_CHE_pc_US_SHA2011,Current health expenditure (CHE) per capita in US$,numeric,WPR,Western Pacific,Country,LAO,Lao People's Democratic Republic,Year,2019,false,,,,,,,,,,,,,67.58,,,,,,67.58,,,EN,2025-12-04T11:00:00.000Z
GHED_CHE_pc_US_SHA2011,Current health expenditure (CHE) per capita in US$,numeric,AFR,Africa,Country,NGA,Nigeria,Year,2019,false,,,,,,,,,,,,,67.63,,,,,,67.63,,,EN,2025-12-04T11:00:00.000Z
GHED_CHE_pc_US_SHA2011,Current health expenditure (CHE) per capita in US$,numeric,AFR,Africa,Country,SYC,Seychelles,Year,2019,false,,,,,,,,,,,,,675.5,,,,,,675.48,,,EN,2025-12-04T11:00:00.000Z
GHED_CHE_pc_US_SHA2011,Current health expenditure (CHE) per capita in US$,numeric,WPR,Western Pacific,Country,BRN,Brunei Darussalam,Year,2019,false,,,,,,,,,,,,,678.8,,,,,,678.82,,,EN,2025-12-04T11:00:00.000Z
GHED_CHE_pc_US_SHA2011,Current health expenditure (CHE) per capita in US$,numeric,AFR,Africa,Country,CIV,Cote d'Ivoire,Year,2019,false,,,,,,,,,,,,,68.3,,,,,,68.30,,,EN,2025-12-04T11:00:00.000Z
GHED_CHE_pc_US_SHA2011,Current health expenditure (CHE) per capita in US$,numeric,EMR,Eastern Mediterranean,Country,DJI,Djibouti,Year,2019,false,,,,,,,,,,,,,68.47,,,,,,68.47,,,EN,2025-12-04T11:00:00.000Z
GHED_CHE_pc_US_SHA2011,Current health expenditure (CHE) per capita in US$,numeric,WPR,Western Pacific,Country,COK,Cook Islands,Year,2019,false,,,,,,,,,,,,,686.7,,,,,,686.73,,,EN,2025-12-04T11:00:00.000Z
GHED_CHE_pc_US_SHA2011,Current health expenditure (CHE) per capita in US$,numeric,AFR,Africa,Country,GHA,Ghana,Year,2019,false,,,,,,,,,,,,,71.15,,,,,,71.15,,,EN,2025-12-04T11:00:00.000Z
GHED_CHE_pc_US_SHA2011,Current health expenditure (CHE) per capita in US$,numeric,EMR,Eastern Mediterranean,Country,OMN,Oman,Year,2019,false,,,,,,,,,,,,,730.1,,,,,,730.08,,,EN,2025-12-04T11:00:00.000Z
GHED_CHE_pc_US_SHA2011,Current health expenditure (CHE) per capita in US$,numeric,EUR,Europe,Country,BGR,Bulgaria,Year,2019,false,,,,,,,,,,,,,733.1,,,,,,733.07,,,EN,2025-12-04T11:00:00.000Z
GHED_CHE_pc_US_SHA2011,Current health expenditure (CHE) per capita in US$,numeric,EUR,Europe,Country,ROU,Romania,Year,2019,false,,,,,,,,,,,,,738.6,,,,,,738.56,,,EN,2025-12-04T11:00:00.000Z
GHED_CHE_pc_US_SHA2011,Current health expenditure (CHE) per capita in US$,numeric,EMR,Eastern Mediterranean,Country,AFG,Afghanistan,Year,2019,false,,,,,,,,,,,,,74.06,,,,,,74.06,,,EN,2025-12-04T11:00:00.000Z
GHED_CHE_pc_US_SHA2011,Current health expenditure (CHE) per capita in US$,numeric,EUR,Europe,Country,MCO,Monaco,Year,2019,false,,,,,,,,,,,,,7517,,,,,,7517.25,,,EN,2025-12-04T11:00:00.000Z
GHED_CHE_pc_US_SHA2011,Current health expenditure (CHE) per capita in US$,numeric,EUR,Europe,Country,MNE,Montenegro,Year,2019,false,,,,,,,,,,,,,754.8,,,,,,754.77,,,EN,2025-12-04T11:00:00.000Z
GHED_CHE_pc_US_SHA2011,Current health expenditure (CHE) per capita in US$,numeric,SEAR,South-East Asia,Country,TLS,Timor-Leste,Year,2019,false,,,,,,,,,,,,,78.01,,,,,,78.01,,,EN,2025-12-04T11:00:00.000Z
GHED_CHE_pc_US_SHA2011,Current health expenditure (CHE) per capita in US$,numeric,AFR,Africa,Country,COM,Comoros,Year,2019,false,,,,,,,,,,,,,78.24,,,,,,78.24,,,EN,2025-12-04T11:00:00.000Z
GHED_CHE_pc_US_SHA2011,Current health expenditure (CHE) per capita in US$,numeric,WPR,Western Pacific,Country,MHL,Marshall Islands,Year,2019,false,,,,,,,,,,,,,793.7,,,,,,793.67,,,EN,2025-12-04T11:00:00.000Z
GHED_CHE_pc_US_SHA2011,Current health expenditure (CHE) per capita in US$,numeric,EMR,Eastern Mediterranean,Country,LBN,Lebanon,Year,2019,false,,,,,,,,,,,,,798.1,,,,,,798.13,,,EN,2025-12-04T11:00:00.000Z
GHED_CHE_pc_US_SHA2011,Current health expenditure (CHE) per capita in US$,numeric,EMR,Eastern Mediterranean,Country,YEM,Yemen,Year,2019,false,,,,,,,,,,,,,80.95,,,,,,80.95,,,EN,2025-12-04T11:00:00.000Z
GHED_CHE_pc_US_SHA2011,Current health expenditure (CHE) per capita in US$,numeric,EUR,Europe,Country,NOR,Norway,Year,2019,false,,,,,,,,,,,,,8007,,,,,,8007.36,,,EN,2025-12-04T11:00:00.000Z
GHED_CHE_pc_US_SHA2011,Current health expenditure (CHE) per capita in US$,numeric,AMR,Americas,Country,ATG,Antigua and Barbuda,Year,2019,false,,,,,,,,,,,,,808.1,,,,,,808.15,,,EN,2025-12-04T11:00:00.000Z
GHED_CHE_pc_US_SHA2011,Current health expenditure (CHE) per capita in US$,numeric,AFR,Africa,Country,ZMB,Zambia,Year,2019,false,,,,,,,,,,,,,85.02,,,,,,85.02,,,EN,2025-12-04T11:00:00.000Z
GHED_CHE_pc_US_SHA2011,Current health expenditure (CHE) per capita in US$,numeric,AFR,Africa,Country,KEN,Kenya,Year,2019,false,,,,,,,,,,,,,85.65,,,,,,85.65,,,EN,2025-12-04T11:00:00.000Z
GHED_CHE_pc_US_SHA2011,Current health expenditure (CHE) per capita in US$,numeric,AMR,Americas,Country,BRA,Brazil,Year,2019,false,,,,,,,,,,,,,868.2,,,,,,868.17,,,EN,2025-12-04T11:00:00.000Z
GHED_CHE_pc_US_SHA2011,Current health expenditure (CHE) per capita in US$,numeric,SEAR,South-East Asia,Country,MDV,Maldives,Year,2019,false,,,,,,,,,,,,,880.8,,,,,,880.80,,,EN,2025-12-04T11:00:00.000Z
GHED_CHE_pc_US_SHA2011,Current health expenditure (CHE) per capita in US$,numeric,AMR,Americas,Country,CRI,Costa Rica,Year,2019,false,,,,,,,,,,,,,930.4,,,,,,930.44,,,EN,2025-12-04T11:00:00.000Z
GHED_CHE_pc_US_SHA2011,Current health expenditure (CHE) per capita in US$,numeric,EUR,Europe,Country,CHE,Switzerland,Year,2019,false,,,,,,,,,,,,,9610,,,,,,9609.80,,,EN,2025-12-04T11:00:00.000Z
GHED_CHE_pc_US_SHA2011,Current health expenditure (CHE) per capita in US$,numeric,EUR,Europe,Country,LIE,Liechtenstein,Year,2019,false,,,,,,,,,,,,,9687,,,,,,9686.88,,,EN,2025-12-04T11:00:00.000Z
GHED_CHE_pc_US_SHA2011,Current health expenditure (CHE) per capita in US$,numeric,EUR,Europe,Country,UZB,Uzbekistan,Year,2019,false,,,,,,,,,,,,,98.62,,,,,,98.62,,,EN,2025-12-04T11:00:00.000Z
GHED_CHE_pc_US_SHA2011,Current health expenditure (CHE) per capita in US$,numeric,WPR,Western Pacific,Country,SLB,Solomon Islands,Year,2019,false,,,,,,,,,,,,,98.67,,,,,,98.67,,,EN,2025-12-04T11:00:00.000Z
GHED_CHE_pc_US_SHA2011,Current health expenditure (CHE) per capita in US$,numeric,AMR,Americas,Country,USA,United States of America,Year,2018,false,,,,,,,,,,,,,10180,,,,,,10180.48,,,EN,2025-12-04T11:00:00.000Z
GHED_CHE_pc_US_SHA2011,Current health expenditure (CHE) per capita in US$,numeric,SEAR,South-East Asia,Country,BTN,Bhutan,Year,2018,false,,,,,,,,,,,,,102,,,,,,102.01,,,EN,2025-12-04T11:00:00.000Z
GHED_CHE_pc_US_SHA2011,Current health expenditure (CHE) per capita in US$,numeric,EMR,Eastern Mediterranean,Country,BHR,Bahrain,Year,2018,false,,,,,,,,,,,,,1042,,,,,,1041.86,,,EN,2025-12-04T11:00:00.000Z
GHED_CHE_pc_US_SHA2011,Current health expenditure (CHE) per capita in US$,numeric,EUR,Europe,Country,HRV,Croatia,Year,2018,false,,,,,,,,,,,,,1045,,,,,,1045.15,,,EN,2025-12-04T11:00:00.000Z
GHED_CHE_pc_US_SHA2011,Current health expenditure (CHE) per capita in US$,numeric,AFR,Africa,Country,STP,Sao Tome and Principe,Year,2018,false,,,,,,,,,,,,,108.9,,,,,,108.88,,,EN,2025-12-04T11:00:00.000Z
GHED_CHE_pc_US_SHA2011,Current health expenditure (CHE) per capita in US$,numeric,AMR,Americas,Country,TTO,Trinidad and Tobago,Year,2018,false,,,,,,,,,,,,,1080,,,,,,1080.45,,,EN,2025-12-04T11:00:00.000Z
GHED_CHE_pc_US_SHA2011,Current health expenditure (CHE) per capita in US$,numeric,EUR,Europe,Country,HUN,Hungary,Year,2018,false,,,,,,,,,,,,,1088,,,,,,1087.65,,,EN,2025-12-04T11:00:00.000Z
GHED_CHE_pc_US_SHA2011,Current health expenditure (CHE) per capita in US$,numeric,WPR,Western Pacific,Country,VUT,Vanuatu,Year,2018,false,,,,,,,,,,,,,110.3,,,,,,110.32,,,EN,2025-12-04T11:00:00.000Z
GHED_CHE_pc_US_SHA2011,Current health expenditure (CHE) per capita in US$,numeric,WPR,Western Pacific,Country,IDN,Indonesia,Year,2018,false,,,,,,,,,,,,,110.7,,,,,,110.72,,,EN,2025-12-04T11:00:00.000Z
GHED_CHE_pc_US_SHA2011,Current health expenditure (CHE) per capita in US$,numeric,EUR,Europe,Country,LVA,Latvia,Year,2018,false,,,,,,,,,,,,,1101,,,,,,1101.49,,,EN,2025-12-04T11:00:00.000Z
GHED_CHE_pc_US_SHA2011,Current health expenditure (CHE) per capita in US$,numeric,AMR,Americas,Country,KNA,Saint Kitts and Nevis,Year,2018,false,,,,,,,,,,,,,1121,,,,,,1121.14,,,EN,2025-12-04T11:00:00.000Z
GHED_CHE_pc_US_SHA2011,Current health expenditure (CHE) per capita in US$,numeric,AFR,Africa,Country,ZWE,Zimbabwe,Year,2018,false,,,,,,,,,,,,,114.8,,,,,,114.77,,,EN,2025-12-04T11:00:00.000Z
GHED_CHE_pc_US_SHA2011,Current health expenditure (CHE) per capita in US$,numeric,AMR,Americas,Country,BRB,Barbados,Year,2018,false,,,,,,,,,,,,,1169,,,,,,1169.36,,,EN,2025-12-04T11:00:00.000Z
GHED_CHE_pc_US_SHA2011,Current health expenditure (CHE) per capita in US$,numeric,EMR,Eastern Mediterranean,Country,EGY,Egypt,Year,2018,false,,,,,,,,,,,,,118,,,,,,118.01,,,EN,2025-12-04T11:00:00.000Z
GHED_CHE_pc_US_SHA2011,Current health expenditure (CHE) per capita in US$,numeric,AMR,Americas,Country,ARG,Argentina,Year,2018,false,,,,,,,,,,,,,1196,,,,,,1195.60,,,EN,2025-12-04T11:00:00.000Z
GHED_CHE_pc_US_SHA2011,Current health expenditure (CHE) per capita in US$,numeric,EMR,Eastern Mediterranean,Country,SOM,Somalia,Year,2018,false,,,,,,,,,,,,,12.78,,,,,,12.78,,,EN,2025-12-04T11:00:00.000Z
GHED_CHE_pc_US_SHA2011,Current health expenditure (CHE) per capita in US$,numeric,WPR,Western Pacific,Country,NRU,Naoero,Year,2018,false,,,,,,,,,,,,,1220,,,,,,1220.08,,,EN,2025-12-04T11:00:00.000Z
GHED_CHE_pc_US_SHA2011,Current health expenditure (CHE) per capita in US$,numeric,AMR,Americas,Country,PAN,Panama,Year,2018,false,,,,,,,,,,,,,1227,,,,,,1227.31,,,EN,2025-12-04T11:00:00.000Z
GHED_CHE_pc_US_SHA2011,Current health expenditure (CHE) per capita in US$,numeric,EUR,Europe,Country,LTU,Lithuania,Year,2018,false,,,,,,,,,,,,,1241,,,,,,1241.39,,,EN,2025-12-04T11:00:00.000Z
GHED_CHE_pc_US_SHA2011,Current health expenditure (CHE) per capita in US$,numeric,WPR,Western Pacific,Country,PHL,Philippines,Year,2018,false,,,,,,,,,,,,,125.3,,,,,,125.28,,,EN,2025-12-04T11:00:00.000Z
GHED_CHE_pc_US_SHA2011,Current health expenditure (CHE) per capita in US$,numeric,EUR,Europe,Country,SVK,Slovakia,Year,2018,false,,,,,,,,,,,,,1300,,,,,,1299.91,,,EN,2025-12-04T11:00:00.000Z
GHED_CHE_pc_US_SHA2011,Current health expenditure (CHE) per capita in US$,numeric,AFR,Africa,Country,LSO,Lesotho,Year,2018,false,,,,,,,,,,,,,130.9,,,,,,130.94,,,EN,2025-12-04T11:00:00.000Z
GHED_CHE_pc_US_SHA2011,Current health expenditure (CHE) per capita in US$,numeric,WPR,Western Pacific,Country,NIU,Niue,Year,2018,false,,,,,,,,,,,,,1394,,,,,,1394.14,,,EN,2025-12-04T11:00:00.000Z
GHED_CHE_pc_US_SHA2011,Current health expenditure (CHE) per capita in US$,numeric,EMR,Eastern Mediterranean,Country,YEM,Yemen,Year,2018,false,,,,,,,,,,,,,143.7,,,,,,143.69,,,EN,2025-12-04T11:00:00.000Z
GHED_CHE_pc_US_SHA2011,Current health expenditure (CHE) per capita in US$,numeric,AMR,Americas,Country,CHL,Chile,Year,2018,false,,,,,,,,,,,,,1431,,,,,,1430.70,,,EN,2025-12-04T11:00:00.000Z
GHED_CHE_pc_US_SHA2011,Current health expenditure (CHE) per capita in US$,numeric,EMR,Eastern Mediterranean,Country,SAU,Saudi Arabia,Year,2018,false,,,,,,,,,,,,,1489,,,,,,1488.98,,,EN,2025-12-04T11:00:00.000Z
GHED_CHE_pc_US_SHA2011,Current health expenditure (CHE) per capita in US$,numeric,SEAR,South-East Asia,Country,LKA,Sri Lanka,Year,2018,false,,,,,,,,,,,,,154.6,,,,,,154.65,,,EN,2025-12-04T11:00:00.000Z
GHED_CHE_pc_US_SHA2011,Current health expenditure (CHE) per capita in US$,numeric,EUR,Europe,Country,EST,Estonia,Year,2018,false,,,,,,,,,,,,,1553,,,,,,1553.43,,,EN,2025-12-04T11:00:00.000Z
GHED_CHE_pc_US_SHA2011,Current health expenditure (CHE) per capita in US$,numeric,EUR,Europe,Country,GRC,Greece,Year,2018,false,,,,,,,,,,,,,1603,,,,,,1603.08,,,EN,2025-12-04T11:00:00.000Z
GHED_CHE_pc_US_SHA2011,Current health expenditure (CHE) per capita in US$,numeric,WPR,Western Pacific,Country,VNM,Viet Nam,Year,2018,false,,,,,,,,,,,,,162,,,,,,161.98,,,EN,2025-12-04T11:00:00.000Z
GHED_CHE_pc_US_SHA2011,Current health expenditure (CHE) per capita in US$,numeric,AMR,Americas,Country,VEN,Venezuela (Bolivarian Republic of),Year,2018,false,,,,,,,,,,,,,164.7,,,,,,164.68,,,EN,2025-12-04T11:00:00.000Z
GHED_CHE_pc_US_SHA2011,Current health expenditure (CHE) per capita in US$,numeric,EMR,Eastern Mediterranean,Country,KWT,Kuwait,Year,2018,false,,,,,,,,,,,,,1659,,,,,,1658.60,,,EN,2025-12-04T11:00:00.000Z
GHED_CHE_pc_US_SHA2011,Current health expenditure (CHE) per capita in US$,numeric,AFR,Africa,Country,COD,Democratic Republic of the Congo,Year,2018,false,,,,,,,,,,,,,17.29,,,,,,17.29,,,EN,2025-12-04T11:00:00.000Z
GHED_CHE_pc_US_SHA2011,Current health expenditure (CHE) per capita in US$,numeric,AMR,Americas,Country,URY,Uruguay,Year,2018,false,,,,,,,,,,,,,1713,,,,,,1713.27,,,EN,2025-12-04T11:00:00.000Z
GHED_CHE_pc_US_SHA2011,Current health expenditure (CHE) per capita in US$,numeric,AMR,Americas,Country,NIC,Nicaragua,Year,2018,false,,,,,,,,,,,,,173,,,,,,172.98,,,EN,2025-12-04T11:00:00.000Z
GHED_CHE_pc_US_SHA2011,Current health expenditure (CHE) per capita in US$,numeric,EMR,Eastern Mediterranean,Country,MAR,Morocco,Year,2018,false,,,,,,,,,,,,,175.7,,,,,,175.71,,,EN,2025-12-04T11:00:00.000Z
GHED_CHE_pc_US_SHA2011,Current health expenditure (CHE) per capita in US$,numeric,EUR,Europe,Country,CZE,Czechia,Year,2018,false,,,,,,,,,,,,,1751,,,,,,1750.81,,,EN,2025-12-04T11:00:00.000Z
GHED_CHE_pc_US_SHA2011,Current health expenditure (CHE) per capita in US$,numeric,AMR,Americas,Country,HND,Honduras,Year,2018,false,,,,,,,,,,,,,178.1,,,,,,178.15,,,EN,2025-12-04T11:00:00.000Z
GHED_CHE_pc_US_SHA2011,Current health expenditure (CHE) per capita in US$,numeric,AFR,Africa,Country,BDI,Burundi,Year,2018,false,,,,,,,,,,,,,18.68,,,,,,18.68,,,EN,2025-12-04T11:00:00.000Z
GHED_CHE_pc_US_SHA2011,Current health expenditure (CHE) per capita in US$,numeric,EUR,Europe,Country,AZE,Azerbaijan,Year,2018,false,,,,,,,,,,,,,180,,,,,,180.04,,,EN,2025-12-04T11:00:00.000Z
GHED_CHE_pc_US_SHA2011,Current health expenditure (CHE) per capita in US$,numeric,WPR,Western Pacific,Country,PLW,Palau,Year,2018,false,,,,,,,,,,,,,1809,,,,,,1809.22,,,EN,2025-12-04T11:00:00.000Z
GHED_CHE_pc_US_SHA2011,Current health expenditure (CHE) per capita in US$,numeric,EMR,Eastern Mediterranean,Country,ARE,United Arab Emirates,Year,2018,false,,,,,,,,,,,,,1873,,,,,,1872.58,,,EN,2025-12-04T11:00:00.000Z
GHED_CHE_pc_US_SHA2011,Current health expenditure (CHE) per capita in US$,numeric,AMR,Americas,Country,BHS,Bahamas,Year,2018,false,,,,,,,,,,,,,1876,,,,,,1875.74,,,EN,2025-12-04T11:00:00.000Z
GHED_CHE_pc_US_SHA2011,Current health expenditure (CHE) per capita in US$,numeric,WPR,Western Pacific,Country,MNG,Mongolia,Year,2018,false,,,,,,,,,,,,,188.6,,,,,,188.64,,,EN,2025-12-04T11:00:00.000Z
GHED_CHE_pc_US_SHA2011,Current health expenditure (CHE) per capita in US$,numeric,EMR,Eastern Mediterranean,Country,QAT,Qatar,Year,2018,false,,,,,,,,,,,,,1967,,,,,,1966.56,,,EN,2025-12-04T11:00:00.000Z
GHED_CHE_pc_US_SHA2011,Current health expenditure (CHE) per capita in US$,numeric,EUR,Europe,Country,CYP,Cyprus,Year,2018,false,,,,,,,,,,,,,1988,,,,,,1987.69,,,EN,2025-12-04T11:00:00.000Z
GHED_CHE_pc_US_SHA2011,Current health expenditure (CHE) per capita in US$,numeric,WPR,Western Pacific,Country,WSM,Samoa,Year,2018,false,,,,,,,,,,,,,200.4,,,,,,200.41,,,EN,2025-12-04T11:00:00.000Z
GHED_CHE_pc_US_SHA2011,Current health expenditure (CHE) per capita in US$,numeric,AFR,Africa,Country,CPV,Cabo Verde,Year,2018,false,,,,,,,,,,,,,205.5,,,,,,205.53,,,EN,2025-12-04T11:00:00.000Z
GHED_CHE_pc_US_SHA2011,Current health expenditure (CHE) per capita in US$,numeric,WPR,Western Pacific,Country,KIR,Kiribati,Year,2018,false,,,,,,,,,,,,,208.7,,,,,,208.74,,,EN,2025-12-04T11:00:00.000Z
GHED_CHE_pc_US_SHA2011,Current health expenditure (CHE) per capita in US$,numeric,AFR,Africa,Country,GAB,Gabon,Year,2018,false,,,,,,,,,,,,,209.3,,,,,,209.29,,,EN,2025-12-04T11:00:00.000Z
GHED_CHE_pc_US_SHA2011,Current health expenditure (CHE) per capita in US$,numeric,AFR,Africa,Country,MDG,Madagascar,Year,2018,false,,,,,,,,,,,,,21.13,,,,,,21.13,,,EN,2025-12-04T11:00:00.000Z
GHED_CHE_pc_US_SHA2011,Current health expenditure (CHE) per capita in US$,numeric,EMR,Eastern Mediterranean,Country,TUN,Tunisia,Year,2018,false,,,,,,,,,,,,,215.4,,,,,,215.42,,,EN,2025-12-04T11:00:00.000Z
GHED_CHE_pc_US_SHA2011,Current health expenditure (CHE) per capita in US$,numeric,EUR,Europe,Country,SVN,Slovenia,Year,2018,false,,,,,,,,,,,,,2170,,,,,,2169.58,,,EN,2025-12-04T11:00:00.000Z
GHED_CHE_pc_US_SHA2011,Current health expenditure (CHE) per capita in US$,numeric,EUR,Europe,Country,UKR,Ukraine,Year,2018,false,,,,,,,,,,,,,217.7,,,,,,217.74,,,EN,2025-12-04T11:00:00.000Z
GHED_CHE_pc_US_SHA2011,Current health expenditure (CHE) per capita in US$,numeric,AFR,Africa,Country,GMB,Gambia,Year,2018,false,,,,,,,,,,,,,22.17,,,,,,22.17,,,EN,2025-12-04T11:00:00.000Z
GHED_CHE_pc_US_SHA2011,Current health expenditure (CHE) per capita in US$,numeric,EUR,Europe,Country,PRT,Portugal,Year,2018,false,,,,,,,,,,,,,2207,,,,,,2206.71,,,EN,2025-12-04T11:00:00.000Z
GHED_CHE_pc_US_SHA2011,Current health expenditure (CHE) per capita in US$,numeric,AFR,Africa,Country,ETH,Ethiopia,Year,2018,false,,,,,,,,,,,,,23.52,,,,,,23.52,,,EN,2025-12-04T11:00:00.000Z
GHED_CHE_pc_US_SHA2011,Current health expenditure (CHE) per capita in US$,numeric,AMR,Americas,Country,BOL,Bolivia (Plurinational State of),Year,2018,false,,,,,,,,,,,,,231.2,,,,,,231.19,,,EN,2025-12-04T11:00:00.000Z
GHED_CHE_pc_US_SHA2011,Current health expenditure (CHE) per capita in US$,numeric,EMR,Eastern Mediterranean,Country,IRQ,Iraq,Year,2018,false,,,,,,,,,,,,,232.9,,,,,,232.87,,,EN,2025-12-04T11:00:00.000Z
GHED_CHE_pc_US_SHA2011,Current health expenditure (CHE) per capita in US$,numeric,AFR,Africa,Country,GNQ,Equatorial Guinea,Year,2018,false,,,,,,,,,,,,,240.5,,,,,,240.49,,,EN,2025-12-04T11:00:00.000Z
GHED_CHE_pc_US_SHA2011,Current health expenditure (CHE) per capita in US$,numeric,EMR,Eastern Mediterranean,Country,IRN,Iran (Islamic Republic of),Year,2018,false,,,,,,,,,,,,,244.2,,,,,,244.22,,,EN,2025-12-04T11:00:00.000Z
GHED_CHE_pc_US_SHA2011,Current health expenditure (CHE) per capita in US$,numeric,WPR,Western Pacific,Country,FJI,Fiji,Year,2018,false,,,,,,,,,,,,,249.9,,,,,,249.86,,,EN,2025-12-04T11:00:00.000Z
GHED_CHE_pc_US_SHA2011,Current health expenditure (CHE) per capita in US$,numeric,WPR,Western Pacific,Country,KOR,Republic of Korea,Year,2018,false,,,,,,,,,,,,,2523,,,,,,2523.04,,,EN,2025-12-04T11:00:00.000Z
GHED_CHE_pc_US_SHA2011,Current health expenditure (CHE) per capita in US$,numeric,AFR,Africa,Country,ERI,Eritrea,Year,2018,false,,,,,,,,,,,,,26.68,,,,,,26.68,,,EN,2025-12-04T11:00:00.000Z
GHED_CHE_pc_US_SHA2011,Current health expenditure (CHE) per capita in US$,numeric,AMR,Americas,Country,GTM,Guatemala,Year,2018,false,,,,,,,,,,,,,265.8,,,,,,265.82,,,EN,2025-12-04T11:00:00.000Z
GHED_CHE_pc_US_SHA2011,Current health expenditure (CHE) per capita in US$,numeric,EUR,Europe,Country,KAZ,Kazakhstan,Year,2018,false,,,,,,,,,,,,,266.9,,,,,,266.92,,,EN,2025-12-04T11:00:00.000Z
GHED_CHE_pc_US_SHA2011,Current health expenditure (CHE) per capita in US$,numeric,AFR,Africa,Country,DZA,Algeria,Year,2018,false,,,,,,,,,,,,,271.5,,,,,,271.54,,,EN,2025-12-04T11:00:00.000Z
GHED_CHE_pc_US_SHA2011,Current health expenditure (CHE) per capita in US$,numeric,WPR,Western Pacific,Country,SGP,Singapore,Year,2018,false,,,,,,,,,,,,,2726,,,,,,2726.01,,,EN,2025-12-04T11:00:00.000Z
GHED_CHE_pc_US_SHA2011,Current health expenditure (CHE) per capita in US$,numeric,SEAR,South-East Asia,Country,THA,Thailand,Year,2018,false,,,,,,,,,,,,,274.7,,,,,,274.71,,,EN,2025-12-04T11:00:00.000Z
GHED_CHE_pc_US_SHA2011,Current health expenditure (CHE) per capita in US$,numeric,EUR,Europe,Country,MLT,Malta,Year,2018,false,,,,,,,,,,,,,2760,,,,,,2759.91,,,EN,2025-12-04T11:00:00.000Z
GHED_CHE_pc_US_SHA2011,Current health expenditure (CHE) per capita in US$,numeric,EUR,Europe,Country,MDA,Republic of Moldova,Year,2018,false,,,,,,,,,,,,,276.5,,,,,,276.47,,,EN,2025-12-04T11:00:00.000Z
GHED_CHE_pc_US_SHA2011,Current health expenditure (CHE) per capita in US$,numeric,WPR,Western Pacific,Country,TON,Tonga,Year,2018,false,,,,,,,,,,,,,278.5,,,,,,278.50,,,EN,2025-12-04T11:00:00.000Z
GHED_CHE_pc_US_SHA2011,Current health expenditure (CHE) per capita in US$,numeric,EUR,Europe,Country,ESP,Spain,Year,2018,false,,,,,,,,,,,,,2784,,,,,,2784.16,,,EN,2025-12-04T11:00:00.000Z
GHED_CHE_pc_US_SHA2011,Current health expenditure (CHE) per capita in US$,numeric,AMR,Americas,Country,BLZ,Belize,Year,2018,false,,,,,,,,,,,,,286.8,,,,,,286.84,,,EN,2025-12-04T11:00:00.000Z
GHED_CHE_pc_US_SHA2011,Current health expenditure (CHE) per capita in US$,numeric,EMR,Eastern Mediterranean,Country,JOR,Jordan,Year,2018,false,,,,,,,,,,,,,289.5,,,,,,289.47,,,EN,2025-12-04T11:00:00.000Z
GHED_CHE_pc_US_SHA2011,Current health expenditure (CHE) per capita in US$,numeric,AFR,Africa,Country,SWZ,Eswatini,Year,2018,false,,,,,,,,,,,,,292.3,,,,,,292.34,,,EN,2025-12-04T11:00:00.000Z
GHED_CHE_pc_US_SHA2011,Current health expenditure (CHE) per capita in US$,numeric,AMR,Americas,Country,GUY,Guyana,Year,2018,false,,,,,,,,,,,,,296.7,,,,,,296.67,,,EN,2025-12-04T11:00:00.000Z
GHED_CHE_pc_US_SHA2011,Current health expenditure (CHE) per capita in US$,numeric,AFR,Africa,Country,NER,Niger,Year,2018,false,,,,,,,,,,,,,30.61,,,,,,30.61,,,EN,2025-12-04T11:00:00.000Z
GHED_CHE_pc_US_SHA2011,Current health expenditure (CHE) per capita in US$,numeric,EUR,Europe,Country,ITA,Italy,Year,2018,false,,,,,,,,,,,,,3031,,,,,,3031.46,,,EN,2025-12-04T11:00:00.000Z
GHED_CHE_pc_US_SHA2011,Current health expenditure (CHE) per capita in US$,numeric,AFR,Africa,Country,SSD,South Sudan,Year,2018,false,,,,,,,,,,,,,31.12,,,,,,31.12,,,EN,2025-12-04T11:00:00.000Z
GHED_CHE_pc_US_SHA2011,Current health expenditure (CHE) per capita in US$,numeric,AFR,Africa,Country,MLI,Mali,Year,2018,false,,,,,,,,,,,,,31.17,,,,,,31.17,,,EN,2025-12-04T11:00:00.000Z
GHED_CHE_pc_US_SHA2011,Current health expenditure (CHE) per capita in US$,numeric,AFR,Africa,Country,TCD,Chad,Year,2018,false,,,,,,,,,,,,,31.2,,,,,,31.20,,,EN,2025-12-04T11:00:00.000Z
GHED_CHE_pc_US_SHA2011,Current health expenditure (CHE) per capita in US$,numeric,EUR,Europe,Country,AND,Andorra,Year,2018,false,,,,,,,,,,,,,3159,,,,,,3159.16,,,EN,2025-12-04T11:00:00.000Z
GHED_CHE_pc_US_SHA2011,Current health expenditure (CHE) per capita in US$,numeric,EUR,Europe,Country,ISR,Israel,Year,2018,false,,,,,,,,,,,,,3199,,,,,,3199.42,,,EN,2025-12-04T11:00:00.000Z
GHED_CHE_pc_US_SHA2011,Current health expenditure (CHE) per capita in US$,numeric,AFR,Africa,Country,UGA,Uganda,Year,2018,false,,,,,,,,,,,,,32.95,,,,,,32.95,,,EN,2025-12-04T11:00:00.000Z
GHED_CHE_pc_US_SHA2011,Current health expenditure (CHE) per capita in US$,numeric,EMR,Eastern Mediterranean,Country,PSE,"occupied Palestinian territory, including east Jerusalem",Year,2018,false,,,,,,,,,,,,,324,,,,,,324.02,,,EN,2025-12-04T11:00:00.000Z
GHED_CHE_pc_US_SHA2011,Current health expenditure (CHE) per capita in US$,numeric,EMR,Eastern Mediterranean,Country,SDN,Sudan,Year,2018,false,,,,,,,,,,,,,33.88,,,,,,33.88,,,EN,2025-12-04T11:00:00.000Z
GHED_CHE_pc_US_SHA2011,Current health expenditure (CHE) per capita in US$,numeric,AMR,Americas,Country,DOM,Dominican Republic,Year,2018,false,,,,,,,,,,,,,332.5,,,,,,332.48,,,EN,2025-12-04T11:00:00.000Z
GHED_CHE_pc_US_SHA2011,Current health expenditure (CHE) per capita in US$,numeric,AFR,Africa,Country,GIN,Guinea,Year,2018,false,,,,,,,,,,,,,34.89,,,,,,34.89,,,EN,2025-12-04T11:00:00.000Z
GHED_CHE_pc_US_SHA2011,Current health expenditure (CHE) per capita in US$,numeric,AMR,Americas,Country,SLV,El Salvador,Year,2018,false,,,,,,,,,,,,,348.2,,,,,,348.19,,,EN,2025-12-04T11:00:00.000Z
GHED_CHE_pc_US_SHA2011,Current health expenditure (CHE) per capita in US$,numeric,EUR,Europe,Country,ALB,Albania,Year,2018,false,,,,,,,,,,,,,349.2,,,,,,349.21,,,EN,2025-12-04T11:00:00.000Z
GHED_CHE_pc_US_SHA2011,Current health expenditure (CHE) per capita in US$,numeric,EUR,Europe,Country,BLR,Belarus,Year,2018,false,,,,,,,,,,,,,350,,,,,,349.99,,,EN,2025-12-04T11:00:00.000Z
GHED_CHE_pc_US_SHA2011,Current health expenditure (CHE) per capita in US$,numeric,AMR,Americas,Country,VCT,Saint Vincent and the Grenadines,Year,2018,false,,,,,,,,,,,,,358.5,,,,,,358.53,,,EN,2025-12-04T11:00:00.000Z
GHED_CHE_pc_US_SHA2011,Current health expenditure (CHE) per capita in US$,numeric,AFR,Africa,Country,MWI,Malawi,Year,2018,false,,,,,,,,,,,,,36.7,,,,,,36.70,,,EN,2025-12-04T11:00:00.000Z
GHED_CHE_pc_US_SHA2011,Current health expenditure (CHE) per capita in US$,numeric,AMR,Americas,Country,PER,Peru,Year,2018,false,,,,,,,,,,,,,362.8,,,,,,362.76,,,EN,2025-12-04T11:00:00.000Z
GHED_CHE_pc_US_SHA2011,Current health expenditure (CHE) per capita in US$,numeric,EUR,Europe,Country,GEO,Georgia,Year,2018,false,,,,,,,,,,,,,365.9,,,,,,365.92,,,EN,2025-12-04T11:00:00.000Z
GHED_CHE_pc_US_SHA2011,Current health expenditure (CHE) per capita in US$,numeric,WPR,Western Pacific,Country,NZL,New Zealand,Year,2018,false,,,,,,,,,,,,,3707,,,,,,3706.80,,,EN,2025-12-04T11:00:00.000Z
GHED_CHE_pc_US_SHA2011,Current health expenditure (CHE) per capita in US$,numeric,AFR,Africa,Country,BFA,Burkina Faso,Year,2018,false,,,,,,,,,,,,,38.49,,,,,,38.49,,,EN,2025-12-04T11:00:00.000Z
GHED_CHE_pc_US_SHA2011,Current health expenditure (CHE) per capita in US$,numeric,EUR,Europe,Country,TUR,Türkiye,Year,2018,false,,,,,,,,,,,,,380.3,,,,,,380.28,,,EN,2025-12-04T11:00:00.000Z
GHED_CHE_pc_US_SHA2011,Current health expenditure (CHE) per capita in US$,numeric,AMR,Americas,Country,JAM,Jamaica,Year,2018,false,,,,,,,,,,,,,381.5,,,,,,381.48,,,EN,2025-12-04T11:00:00.000Z
GHED_CHE_pc_US_SHA2011,Current health expenditure (CHE) per capita in US$,numeric,AFR,Africa,Country,BEN,Benin,Year,2018,false,,,,,,,,,,,,,39.55,,,,,,39.55,,,EN,2025-12-04T11:00:00.000Z
GHED_CHE_pc_US_SHA2011,Current health expenditure (CHE) per capita in US$,numeric,EUR,Europe,Country,SMR,San Marino,Year,2018,false,,,,,,,,,,,,,3969,,,,,,3969.36,,,EN,2025-12-04T11:00:00.000Z
GHED_CHE_pc_US_SHA2011,Current health expenditure (CHE) per capita in US$,numeric,EMR,Eastern Mediterranean,Country,PAK,Pakistan,Year,2018,false,,,,,,,,,,,,,40.1,,,,,,40.10,,,EN,2025-12-04T11:00:00.000Z
GHED_CHE_pc_US_SHA2011,Current health expenditure (CHE) per capita in US$,numeric,WPR,Western Pacific,Country,MYS,Malaysia,Year,2018,false,,,,,,,,,,,,,409.8,,,,,,409.85,,,EN,2025-12-04T11:00:00.000Z
GHED_CHE_pc_US_SHA2011,Current health expenditure (CHE) per capita in US$,numeric,AFR,Africa,Country,TZA,United Republic of Tanzania,Year,2018,false,,,,,,,,,,,,,41.27,,,,,,41.27,,,EN,2025-12-04T11:00:00.000Z
GHED_CHE_pc_US_SHA2011,Current health expenditure (CHE) per capita in US$,numeric,AFR,Africa,Country,MOZ,Mozambique,Year,2018,false,,,,,,,,,,,,,41.29,,,,,,41.29,,,EN,2025-12-04T11:00:00.000Z
GHED_CHE_pc_US_SHA2011,Current health expenditure (CHE) per capita in US$,numeric,EUR,Europe,Country,TKM,Turkmenistan,Year,2018,false,,,,,,,,,,,,,411.3,,,,,,411.33,,,EN,2025-12-04T11:00:00.000Z
GHED_CHE_pc_US_SHA2011,Current health expenditure (CHE) per capita in US$,numeric,AFR,Africa,Country,RWA,Rwanda,Year,2018,false,,,,,,,,,,,,,42.12,,,,,,42.12,,,EN,2025-12-04T11:00:00.000Z
GHED_CHE_pc_US_SHA2011,Current health expenditure (CHE) per capita in US$,numeric,AMR,Americas,Country,PRY,Paraguay,Year,2018,false,,,,,,,,,,,,,422.1,,,,,,422.13,,,EN,2025-12-04T11:00:00.000Z
GHED_CHE_pc_US_SHA2011,Current health expenditure (CHE) per capita in US$,numeric,EUR,Europe,Country,GBR,United Kingdom of Great Britain and Northern Ireland,Year,2018,false,,,,,,,,,,,,,4234,,,,,,4233.63,,,EN,2025-12-04T11:00:00.000Z
GHED_CHE_pc_US_SHA2011,Current health expenditure (CHE) per capita in US$,numeric,EUR,Europe,Country,MKD,North Macedonia,Year,2018,false,,,,,,,,,,,,,426.6,,,,,,426.57,,,EN,2025-12-04T11:00:00.000Z
GHED_CHE_pc_US_SHA2011,Current health expenditure (CHE) per capita in US$,numeric,WPR,Western Pacific,Country,JPN,Japan,Year,2018,false,,,,,,,,,,,,,4266,,,,,,4265.78,,,EN,2025-12-04T11:00:00.000Z
GHED_CHE_pc_US_SHA2011,Current health expenditure (CHE) per capita in US$,numeric,WPR,Western Pacific,Country,FSM,Micronesia (Federated States of),Year,2018,false,,,,,,,,,,,,,428,,,,,,428.01,,,EN,2025-12-04T11:00:00.000Z
GHED_CHE_pc_US_SHA2011,Current health expenditure (CHE) per capita in US$,numeric,EUR,Europe,Country,ARM,Armenia,Year,2018,false,,,,,,,,,,,,,428.3,,,,,,428.35,,,EN,2025-12-04T11:00:00.000Z
GHED_CHE_pc_US_SHA2011,Current health expenditure (CHE) per capita in US$,numeric,SEAR,South-East Asia,Country,BGD,Bangladesh,Year,2018,false,,,,,,,,,,,,,44.79,,,,,,44.79,,,EN,2025-12-04T11:00:00.000Z
GHED_CHE_pc_US_SHA2011,Current health expenditure (CHE) per capita in US$,numeric,AFR,Africa,Country,SLE,Sierra Leone,Year,2018,false,,,,,,,,,,,,,44.83,,,,,,44.83,,,EN,2025-12-04T11:00:00.000Z
GHED_CHE_pc_US_SHA2011,Current health expenditure (CHE) per capita in US$,numeric,AMR,Americas,Country,SUR,Suriname,Year,2018,false,,,,,,,,,,,,,440.3,,,,,,440.32,,,EN,2025-12-04T11:00:00.000Z
GHED_CHE_pc_US_SHA2011,Current health expenditure (CHE) per capita in US$,numeric,AFR,Africa,Country,BWA,Botswana,Year,2018,false,,,,,,,,,,,,,447.4,,,,,,447.45,,,EN,2025-12-04T11:00:00.000Z
GHED_CHE_pc_US_SHA2011,Current health expenditure (CHE) per capita in US$,numeric,EUR,Europe,Country,FIN,Finland,Year,2018,false,,,,,,,,,,,,,4521,,,,,,4521.28,,,EN,2025-12-04T11:00:00.000Z
GHED_CHE_pc_US_SHA2011,Current health expenditure (CHE) per capita in US$,numeric,AFR,Africa,Country,NAM,Namibia,Year,2018,false,,,,,,,,,,,,,457.7,,,,,,457.68,,,EN,2025-12-04T11:00:00.000Z
GHED_CHE_pc_US_SHA2011,Current health expenditure (CHE) per capita in US$,numeric,EMR,Eastern Mediterranean,Country,SYR,Syrian Arab Republic,Year,2018,false,,,,,,,,,,,,,46.24,,,,,,46.24,,,EN,2025-12-04T11:00:00.000Z
GHED_CHE_pc_US_SHA2011,Current health expenditure (CHE) per capita in US$,numeric,AMR,Americas,Country,GRD,Grenada,Year,2018,false,,,,,,,,,,,,,462.2,,,,,,462.24,,,EN,2025-12-04T11:00:00.000Z
GHED_CHE_pc_US_SHA2011,Current health expenditure (CHE) per capita in US$,numeric,EUR,Europe,Country,FRA,France,Year,2018,false,,,,,,,,,,,,,4693,,,,,,4693.00,,,EN,2025-12-04T11:00:00.000Z
GHED_CHE_pc_US_SHA2011,Current health expenditure (CHE) per capita in US$,numeric,AFR,Africa,Country,COG,Congo,Year,2018,false,,,,,,,,,,,,,47.31,,,,,,47.31,,,EN,2025-12-04T11:00:00.000Z
GHED_CHE_pc_US_SHA2011,Current health expenditure (CHE) per capita in US$,numeric,AFR,Africa,Country,MRT,Mauritania,Year,2018,false,,,,,,,,,,,,,49.68,,,,,,49.68,,,EN,2025-12-04T11:00:00.000Z
GHED_CHE_pc_US_SHA2011,Current health expenditure (CHE) per capita in US$,numeric,AMR,Americas,Country,ECU,Ecuador,Year,2018,false,,,,,,,,,,,,,493.8,,,,,,493.83,,,EN,2025-12-04T11:00:00.000Z
GHED_CHE_pc_US_SHA2011,Current health expenditure (CHE) per capita in US$,numeric,AMR,Americas,Country,LCA,Saint Lucia,Year,2018,false,,,,,,,,,,,,,497.5,,,,,,497.49,,,EN,2025-12-04T11:00:00.000Z
GHED_CHE_pc_US_SHA2011,Current health expenditure (CHE) per capita in US$,numeric,AMR,Americas,Country,DMA,Dominica,Year,2018,false,,,,,,,,,,,,,503.3,,,,,,503.34,,,EN,2025-12-04T11:00:00.000Z
GHED_CHE_pc_US_SHA2011,Current health expenditure (CHE) per capita in US$,numeric,WPR,Western Pacific,Country,CHN,China,Year,2018,false,,,,,,,,,,,,,504.1,,,,,,504.11,,,EN,2025-12-04T11:00:00.000Z
GHED_CHE_pc_US_SHA2011,Current health expenditure (CHE) per capita in US$,numeric,AMR,Americas,Country,CAN,Canada,Year,2018,false,,,,,,,,,,,,,5053,,,,,,5052.90,,,EN,2025-12-04T11:00:00.000Z
GHED_CHE_pc_US_SHA2011,Current health expenditure (CHE) per capita in US$,numeric,SEAR,South-East Asia,Country,NPL,Nepal,Year,2018,false,,,,,,,,,,,,,51.17,,,,,,51.17,,,EN,2025-12-04T11:00:00.000Z
GHED_CHE_pc_US_SHA2011,Current health expenditure (CHE) per capita in US$,numeric,AFR,Africa,Country,CAF,Central African Republic,Year,2018,false,,,,,,,,,,,,,51.35,,,,,,51.35,,,EN,2025-12-04T11:00:00.000Z
GHED_CHE_pc_US_SHA2011,Current health expenditure (CHE) per capita in US$,numeric,EUR,Europe,Country,BEL,Belgium,Year,2018,false,,,,,,,,,,,,,5234,,,,,,5233.68,,,EN,2025-12-04T11:00:00.000Z
GHED_CHE_pc_US_SHA2011,Current health expenditure (CHE) per capita in US$,numeric,AMR,Americas,Country,COL,Colombia,Year,2018,false,,,,,,,,,,,,,526.1,,,,,,526.12,,,EN,2025-12-04T11:00:00.000Z
GHED_CHE_pc_US_SHA2011,Current health expenditure (CHE) per capita in US$,numeric,AMR,Americas,Country,MEX,Mexico,Year,2018,false,,,,,,,,,,,,,528.3,,,,,,528.26,,,EN,2025-12-04T11:00:00.000Z
GHED_CHE_pc_US_SHA2011,Current health expenditure (CHE) per capita in US$,numeric,EUR,Europe,Country,BIH,Bosnia and Herzegovina,Year,2018,false,,,,,,,,,,,,,529.9,,,,,,529.86,,,EN,2025-12-04T11:00:00.000Z
GHED_CHE_pc_US_SHA2011,Current health expenditure (CHE) per capita in US$,numeric,AFR,Africa,Country,GHA,Ghana,Year,2018,false,,,,,,,,,,,,,53.38,,,,,,53.38,,,EN,2025-12-04T11:00:00.000Z
GHED_CHE_pc_US_SHA2011,Current health expenditure (CHE) per capita in US$,numeric,EUR,Europe,Country,NLD,Netherlands (Kingdom of the),Year,2018,false,,,,,,,,,,,,,5331,,,,,,5330.66,,,EN,2025-12-04T11:00:00.000Z
GHED_CHE_pc_US_SHA2011,Current health expenditure (CHE) per capita in US$,numeric,EUR,Europe,Country,AUT,Austria,Year,2018,false,,,,,,,,,,,,,5395,,,,,,5394.56,,,EN,2025-12-04T11:00:00.000Z
GHED_CHE_pc_US_SHA2011,Current health expenditure (CHE) per capita in US$,numeric,EMR,Eastern Mediterranean,Country,LBY,Libya,Year,2018,false,,,,,,,,,,,,,544.9,,,,,,544.88,,,EN,2025-12-04T11:00:00.000Z
GHED_CHE_pc_US_SHA2011,Current health expenditure (CHE) per capita in US$,numeric,EUR,Europe,Country,DEU,Germany,Year,2018,false,,,,,,,,,,,,,5474,,,,,,5473.56,,,EN,2025-12-04T11:00:00.000Z
GHED_CHE_pc_US_SHA2011,Current health expenditure (CHE) per capita in US$,numeric,EUR,Europe,Country,IRL,Ireland,Year,2018,false,,,,,,,,,,,,,5495,,,,,,5494.99,,,EN,2025-12-04T11:00:00.000Z
GHED_CHE_pc_US_SHA2011,Current health expenditure (CHE) per capita in US$,numeric,AFR,Africa,Country,ZAF,South Africa,Year,2018,false,,,,,,,,,,,,,558.8,,,,,,558.80,,,EN,2025-12-04T11:00:00.000Z
GHED_CHE_pc_US_SHA2011,Current health expenditure (CHE) per capita in US$,numeric,WPR,Western Pacific,Country,LAO,Lao People's Democratic Republic,Year,2018,false,,,,,,,,,,,,,57.17,,,,,,57.17,,,EN,2025-12-04T11:00:00.000Z
GHED_CHE_pc_US_SHA2011,Current health expenditure (CHE) per capita in US$,numeric,SEAR,South-East Asia,Country,IND,India,Year,2018,false,,,,,,,,,,,,,57.47,,,,,,57.47,,,EN,2025-12-04T11:00:00.000Z
GHED_CHE_pc_US_SHA2011,Current health expenditure (CHE) per capita in US$,numeric,AFR,Africa,Country,TGO,Togo,Year,2018,false,,,,,,,,,,,,,58.06,,,,,,58.06,,,EN,2026-04-09T12:00:00.000Z
GHED_CHE_pc_US_SHA2011,Current health expenditure (CHE) per capita in US$,numeric,AFR,Africa,Country,CMR,Cameroon,Year,2018,false,,,,,,,,,,,,,58.33,,,,,,58.33,,,EN,2025-12-04T11:00:00.000Z
GHED_CHE_pc_US_SHA2011,Current health expenditure (CHE) per capita in US$,numeric,EUR,Europe,Country,TJK,Tajikistan,Year,2018,false,,,,,,,,,,,,,58.52,,,,,,58.52,,,EN,2025-12-04T11:00:00.000Z
GHED_CHE_pc_US_SHA2011,Current health expenditure (CHE) per capita in US$,numeric,AFR,Africa,Country,GNB,Guinea-Bissau,Year,2018,false,,,,,,,,,,,,,58.87,,,,,,58.87,,,EN,2025-12-04T11:00:00.000Z
GHED_CHE_pc_US_SHA2011,Current health expenditure (CHE) per capita in US$,numeric,WPR,Western Pacific,Country,COK,Cook Islands,Year,2018,false,,,,,,,,,,,,,581.4,,,,,,581.42,,,EN,2025-12-04T11:00:00.000Z
GHED_CHE_pc_US_SHA2011,Current health expenditure (CHE) per capita in US$,numeric,WPR,Western Pacific,Country,AUS,Australia,Year,2018,false,,,,,,,,,,,,,5844,,,,,,5843.65,,,EN,2025-12-04T11:00:00.000Z
GHED_CHE_pc_US_SHA2011,Current health expenditure (CHE) per capita in US$,numeric,WPR,Western Pacific,Country,PNG,Papua New Guinea,Year,2018,false,,,,,,,,,,,,,59.04,,,,,,59.04,,,EN,2025-12-04T11:00:00.000Z
GHED_CHE_pc_US_SHA2011,Current health expenditure (CHE) per capita in US$,numeric,SEAR,South-East Asia,Country,MMR,Myanmar,Year,2018,false,,,,,,,,,,,,,60.83,,,,,,60.83,,,EN,2025-12-04T11:00:00.000Z
GHED_CHE_pc_US_SHA2011,Current health expenditure (CHE) per capita in US$,numeric,EUR,Europe,Country,SWE,Sweden,Year,2018,false,,,,,,,,,,,,,6042,,,,,,6042.14,,,EN,2025-12-04T11:00:00.000Z
GHED_CHE_pc_US_SHA2011,Current health expenditure (CHE) per capita in US$,numeric,EUR,Europe,Country,RUS,Russian Federation,Year,2018,false,,,,,,,,,,,,,606.1,,,,,,606.11,,,EN,2025-12-04T11:00:00.000Z
GHED_CHE_pc_US_SHA2011,Current health expenditure (CHE) per capita in US$,numeric,EUR,Europe,Country,SRB,Serbia,Year,2018,false,,,,,,,,,,,,,617.1,,,,,,617.09,,,EN,2025-12-04T11:00:00.000Z
GHED_CHE_pc_US_SHA2011,Current health expenditure (CHE) per capita in US$,numeric,AMR,Americas,Country,HTI,Haiti,Year,2018,false,,,,,,,,,,,,,62.3,,,,,,62.30,,,EN,2025-12-04T11:00:00.000Z
GHED_CHE_pc_US_SHA2011,Current health expenditure (CHE) per capita in US$,numeric,EUR,Europe,Country,DNK,Denmark,Year,2018,false,,,,,,,,,,,,,6219,,,,,,6219.13,,,EN,2025-12-04T11:00:00.000Z
GHED_CHE_pc_US_SHA2011,Current health expenditure (CHE) per capita in US$,numeric,EUR,Europe,Country,LUX,Luxembourg,Year,2018,false,,,,,,,,,,,,,6227,,,,,,6227.08,,,EN,2025-12-04T11:00:00.000Z
GHED_CHE_pc_US_SHA2011,Current health expenditure (CHE) per capita in US$,numeric,EUR,Europe,Country,ISL,Iceland,Year,2018,false,,,,,,,,,,,,,6280,,,,,,6280.04,,,EN,2025-12-04T11:00:00.000Z
GHED_CHE_pc_US_SHA2011,Current health expenditure (CHE) per capita in US$,numeric,AFR,Africa,Country,NGA,Nigeria,Year,2018,false,,,,,,,,,,,,,63.6,,,,,,63.60,,,EN,2025-12-04T11:00:00.000Z
GHED_CHE_pc_US_SHA2011,Current health expenditure (CHE) per capita in US$,numeric,EMR,Eastern Mediterranean,Country,OMN,Oman,Year,2018,false,,,,,,,,,,,,,639.8,,,,,,639.78,,,EN,2025-12-04T11:00:00.000Z
GHED_CHE_pc_US_SHA2011,Current health expenditure (CHE) per capita in US$,numeric,AFR,Africa,Country,SEN,Senegal,Year,2018,false,,,,,,,,,,,,,64.37,,,,,,64.37,,,EN,2025-12-04T11:00:00.000Z
GHED_CHE_pc_US_SHA2011,Current health expenditure (CHE) per capita in US$,numeric,AFR,Africa,Country,MUS,Mauritius,Year,2018,false,,,,,,,,,,,,,640.6,,,,,,640.62,,,EN,2025-12-04T11:00:00.000Z
GHED_CHE_pc_US_SHA2011,Current health expenditure (CHE) per capita in US$,numeric,EUR,Europe,Country,KGZ,Kyrgyzstan,Year,2018,false,,,,,,,,,,,,,65.35,,,,,,65.35,,,EN,2025-12-04T11:00:00.000Z
GHED_CHE_pc_US_SHA2011,Current health expenditure (CHE) per capita in US$,numeric,AFR,Africa,Country,CIV,Cote d'Ivoire,Year,2018,false,,,,,,,,,,,,,65.88,,,,,,65.88,,,EN,2025-12-04T11:00:00.000Z
GHED_CHE_pc_US_SHA2011,Current health expenditure (CHE) per capita in US$,numeric,EMR,Eastern Mediterranean,Country,DJI,Djibouti,Year,2018,false,,,,,,,,,,,,,68.79,,,,,,68.79,,,EN,2025-12-04T11:00:00.000Z
GHED_CHE_pc_US_SHA2011,Current health expenditure (CHE) per capita in US$,numeric,AFR,Africa,Country,LBR,Liberia,Year,2018,false,,,,,,,,,,,,,68.88,,,,,,68.88,,,EN,2025-12-04T11:00:00.000Z
GHED_CHE_pc_US_SHA2011,Current health expenditure (CHE) per capita in US$,numeric,AFR,Africa,Country,SYC,Seychelles,Year,2018,false,,,,,,,,,,,,,685.1,,,,,,685.11,,,EN,2025-12-04T11:00:00.000Z
GHED_CHE_pc_US_SHA2011,Current health expenditure (CHE) per capita in US$,numeric,EUR,Europe,Country,ROU,Romania,Year,2018,false,,,,,,,,,,,,,687.2,,,,,,687.15,,,EN,2025-12-04T11:00:00.000Z
GHED_CHE_pc_US_SHA2011,Current health expenditure (CHE) per capita in US$,numeric,AFR,Africa,Country,ZMB,Zambia,Year,2018,false,,,,,,,,,,,,,69.83,,,,,,69.83,,,EN,2025-12-04T11:00:00.000Z
GHED_CHE_pc_US_SHA2011,Current health expenditure (CHE) per capita in US$,numeric,WPR,Western Pacific,Country,MHL,Marshall Islands,Year,2018,false,,,,,,,,,,,,,702.8,,,,,,702.84,,,EN,2025-12-04T11:00:00.000Z
GHED_CHE_pc_US_SHA2011,Current health expenditure (CHE) per capita in US$,numeric,EMR,Eastern Mediterranean,Country,AFG,Afghanistan,Year,2018,false,,,,,,,,,,,,,71.23,,,,,,71.23,,,EN,2025-12-04T11:00:00.000Z
GHED_CHE_pc_US_SHA2011,Current health expenditure (CHE) per capita in US$,numeric,EUR,Europe,Country,BGR,Bulgaria,Year,2018,false,,,,,,,,,,,,,719.8,,,,,,719.78,,,EN,2025-12-04T11:00:00.000Z
GHED_CHE_pc_US_SHA2011,Current health expenditure (CHE) per capita in US$,numeric,AFR,Africa,Country,COM,Comoros,Year,2018,false,,,,,,,,,,,,,74.89,,,,,,74.89,,,EN,2025-12-04T11:00:00.000Z
GHED_CHE_pc_US_SHA2011,Current health expenditure (CHE) per capita in US$,numeric,EMR,Eastern Mediterranean,Country,LBN,Lebanon,Year,2018,false,,,,,,,,,,,,,740.4,,,,,,740.39,,,EN,2025-12-04T11:00:00.000Z
GHED_CHE_pc_US_SHA2011,Current health expenditure (CHE) per capita in US$,numeric,EUR,Europe,Country,MNE,Montenegro,Year,2018,false,,,,,,,,,,,,,745.8,,,,,,745.75,,,EN,2025-12-04T11:00:00.000Z
GHED_CHE_pc_US_SHA2011,Current health expenditure (CHE) per capita in US$,numeric,WPR,Western Pacific,Country,BRN,Brunei Darussalam,Year,2018,false,,,,,,,,,,,,,748.7,,,,,,748.69,,,EN,2025-12-04T11:00:00.000Z
GHED_CHE_pc_US_SHA2011,Current health expenditure (CHE) per capita in US$,numeric,AFR,Africa,Country,KEN,Kenya,Year,2018,false,,,,,,,,,,,,,75.28,,,,,,75.28,,,EN,2025-12-04T11:00:00.000Z
GHED_CHE_pc_US_SHA2011,Current health expenditure (CHE) per capita in US$,numeric,EUR,Europe,Country,MCO,Monaco,Year,2018,false,,,,,,,,,,,,,7622,,,,,,7621.97,,,EN,2025-12-04T11:00:00.000Z
GHED_CHE_pc_US_SHA2011,Current health expenditure (CHE) per capita in US$,numeric,SEAR,South-East Asia,Country,TLS,Timor-Leste,Year,2018,false,,,,,,,,,,,,,78.07,,,,,,78.07,,,EN,2025-12-04T11:00:00.000Z
GHED_CHE_pc_US_SHA2011,Current health expenditure (CHE) per capita in US$,numeric,WPR,Western Pacific,Country,TUV,Tuvalu,Year,2018,false,,,,,,,,,,,,,819.4,,,,,,819.41,,,EN,2025-12-04T11:00:00.000Z
GHED_CHE_pc_US_SHA2011,Current health expenditure (CHE) per capita in US$,numeric,EUR,Europe,Country,UZB,Uzbekistan,Year,2018,false,,,,,,,,,,,,,82.53,,,,,,82.53,,,EN,2025-12-04T11:00:00.000Z
GHED_CHE_pc_US_SHA2011,Current health expenditure (CHE) per capita in US$,numeric,EUR,Europe,Country,NOR,Norway,Year,2018,false,,,,,,,,,,,,,8272,,,,,,8271.86,,,EN,2025-12-04T11:00:00.000Z
GHED_CHE_pc_US_SHA2011,Current health expenditure (CHE) per capita in US$,numeric,AFR,Africa,Country,AGO,Angola,Year,2018,false,,,,,,,,,,,,,83.88,,,,,,83.88,,,EN,2025-12-04T11:00:00.000Z
GHED_CHE_pc_US_SHA2011,Current health expenditure (CHE) per capita in US$,numeric,SEAR,South-East Asia,Country,MDV,Maldives,Year,2018,false,,,,,,,,,,,,,833.2,,,,,,833.22,,,EN,2025-12-04T11:00:00.000Z
GHED_CHE_pc_US_SHA2011,Current health expenditure (CHE) per capita in US$,numeric,AMR,Americas,Country,ATG,Antigua and Barbuda,Year,2018,false,,,,,,,,,,,,,856.4,,,,,,856.37,,,EN,2025-12-04T11:00:00.000Z
GHED_CHE_pc_US_SHA2011,Current health expenditure (CHE) per capita in US$,numeric,WPR,Western Pacific,Country,SLB,Solomon Islands,Year,2018,false,,,,,,,,,,,,,88.04,,,,,,88.04,,,EN,2025-12-04T11:00:00.000Z
GHED_CHE_pc_US_SHA2011,Current health expenditure (CHE) per capita in US$,numeric,AMR,Americas,Country,BRA,Brazil,Year,2018,false,,,,,,,,,,,,,880.3,,,,,,880.28,,,EN,2025-12-04T11:00:00.000Z
GHED_CHE_pc_US_SHA2011,Current health expenditure (CHE) per capita in US$,numeric,WPR,Western Pacific,Country,KHM,Cambodia,Year,2018,false,,,,,,,,,,,,,91.59,,,,,,91.59,,,EN,2025-12-04T11:00:00.000Z
GHED_CHE_pc_US_SHA2011,Current health expenditure (CHE) per capita in US$,numeric,AMR,Americas,Country,CRI,Costa Rica,Year,2018,false,,,,,,,,,,,,,917.3,,,,,,917.31,,,EN,2025-12-04T11:00:00.000Z
GHED_CHE_pc_US_SHA2011,Current health expenditure (CHE) per capita in US$,numeric,EUR,Europe,Country,CHE,Switzerland,Year,2018,false,,,,,,,,,,,,,9541,,,,,,9541.07,,,EN,2025-12-04T11:00:00.000Z
GHED_CHE_pc_US_SHA2011,Current health expenditure (CHE) per capita in US$,numeric,EUR,Europe,Country,LIE,Liechtenstein,Year,2018,false,,,,,,,,,,,,,9736,,,,,,9736.24,,,EN,2025-12-04T11:00:00.000Z
GHED_CHE_pc_US_SHA2011,Current health expenditure (CHE) per capita in US$,numeric,EUR,Europe,Country,POL,Poland,Year,2018,false,,,,,,,,,,,,,978.7,,,,,,978.74,,,EN,2025-12-04T11:00:00.000Z
GHED_CHE_pc_US_SHA2011,Current health expenditure (CHE) per capita in US$,numeric,AMR,Americas,Country,CUB,Cuba,Year,2018,false,,,,,,,,,,,,,981.9,,,,,,981.90,,,EN,2025-12-04T11:00:00.000Z
GHED_CHE_pc_US_SHA2011,Current health expenditure (CHE) per capita in US$,numeric,WPR,Western Pacific,Country,TUV,Tuvalu,Year,2017,false,,,,,,,,,,,,,1017,,,,,,1017.50,,,EN,2025-12-04T11:00:00.000Z
GHED_CHE_pc_US_SHA2011,Current health expenditure (CHE) per capita in US$,numeric,SEAR,South-East Asia,Country,BTN,Bhutan,Year,2017,false,,,,,,,,,,,,,103.6,,,,,,103.64,,,EN,2025-12-04T11:00:00.000Z
GHED_CHE_pc_US_SHA2011,Current health expenditure (CHE) per capita in US$,numeric,EMR,Eastern Mediterranean,Country,EGY,Egypt,Year,2017,false,,,,,,,,,,,,,106,,,,,,106.00,,,EN,2025-12-04T11:00:00.000Z
GHED_CHE_pc_US_SHA2011,Current health expenditure (CHE) per capita in US$,numeric,EUR,Europe,Country,LTU,Lithuania,Year,2017,false,,,,,,,,,,,,,1074,,,,,,1073.96,,,EN,2025-12-04T11:00:00.000Z
GHED_CHE_pc_US_SHA2011,Current health expenditure (CHE) per capita in US$,numeric,EMR,Eastern Mediterranean,Country,BHR,Bahrain,Year,2017,false,,,,,,,,,,,,,1080,,,,,,1080.09,,,EN,2025-12-04T11:00:00.000Z
GHED_CHE_pc_US_SHA2011,Current health expenditure (CHE) per capita in US$,numeric,AMR,Americas,Country,TTO,Trinidad and Tobago,Year,2017,false,,,,,,,,,,,,,1083,,,,,,1083.38,,,EN,2025-12-04T11:00:00.000Z
GHED_CHE_pc_US_SHA2011,Current health expenditure (CHE) per capita in US$,numeric,WPR,Western Pacific,Country,IDN,Indonesia,Year,2017,false,,,,,,,,,,,,,110.3,,,,,,110.33,,,EN,2025-12-04T11:00:00.000Z
GHED_CHE_pc_US_SHA2011,Current health expenditure (CHE) per capita in US$,numeric,AFR,Africa,Country,AGO,Angola,Year,2017,false,,,,,,,,,,,,,112.8,,,,,,112.75,,,EN,2025-12-04T11:00:00.000Z
GHED_CHE_pc_US_SHA2011,Current health expenditure (CHE) per capita in US$,numeric,AMR,Americas,Country,PAN,Panama,Year,2017,false,,,,,,,,,,,,,1127,,,,,,1126.96,,,EN,2025-12-04T11:00:00.000Z
GHED_CHE_pc_US_SHA2011,Current health expenditure (CHE) per capita in US$,numeric,WPR,Western Pacific,Country,NRU,Naoero,Year,2017,false,,,,,,,,,,,,,1127,,,,,,1127.48,,,EN,2025-12-04T11:00:00.000Z
GHED_CHE_pc_US_SHA2011,Current health expenditure (CHE) per capita in US$,numeric,AFR,Africa,Country,LSO,Lesotho,Year,2017,false,,,,,,,,,,,,,115.4,,,,,,115.43,,,EN,2025-12-04T11:00:00.000Z
GHED_CHE_pc_US_SHA2011,Current health expenditure (CHE) per capita in US$,numeric,AFR,Africa,Country,STP,Sao Tome and Principe,Year,2017,false,,,,,,,,,,,,,117.1,,,,,,117.08,,,EN,2025-12-04T11:00:00.000Z
GHED_CHE_pc_US_SHA2011,Current health expenditure (CHE) per capita in US$,numeric,AMR,Americas,Country,BRB,Barbados,Year,2017,false,,,,,,,,,,,,,1182,,,,,,1182.00,,,EN,2025-12-04T11:00:00.000Z
GHED_CHE_pc_US_SHA2011,Current health expenditure (CHE) per capita in US$,numeric,AMR,Americas,Country,KNA,Saint Kitts and Nevis,Year,2017,false,,,,,,,,,,,,,1186,,,,,,1186.43,,,EN,2025-12-04T11:00:00.000Z
GHED_CHE_pc_US_SHA2011,Current health expenditure (CHE) per capita in US$,numeric,EUR,Europe,Country,SVK,Slovakia,Year,2017,false,,,,,,,,,,,,,1189,,,,,,1189.08,,,EN,2025-12-04T11:00:00.000Z
GHED_CHE_pc_US_SHA2011,Current health expenditure (CHE) per capita in US$,numeric,WPR,Western Pacific,Country,PHL,Philippines,Year,2017,false,,,,,,,,,,,,,120.3,,,,,,120.32,,,EN,2025-12-04T11:00:00.000Z
GHED_CHE_pc_US_SHA2011,Current health expenditure (CHE) per capita in US$,numeric,WPR,Western Pacific,Country,NIU,Niue,Year,2017,false,,,,,,,,,,,,,1285,,,,,,1284.91,,,EN,2025-12-04T11:00:00.000Z
GHED_CHE_pc_US_SHA2011,Current health expenditure (CHE) per capita in US$,numeric,EMR,Eastern Mediterranean,Country,SOM,Somalia,Year,2017,false,,,,,,,,,,,,,13.52,,,,,,13.52,,,EN,2025-12-04T11:00:00.000Z
GHED_CHE_pc_US_SHA2011,Current health expenditure (CHE) per capita in US$,numeric,EUR,Europe,Country,EST,Estonia,Year,2017,false,,,,,,,,,,,,,1350,,,,,,1350.13,,,EN,2025-12-04T11:00:00.000Z
GHED_CHE_pc_US_SHA2011,Current health expenditure (CHE) per capita in US$,numeric,EMR,Eastern Mediterranean,Country,KWT,Kuwait,Year,2017,false,,,,,,,,,,,,,1352,,,,,,1351.72,,,EN,2025-12-04T11:00:00.000Z
GHED_CHE_pc_US_SHA2011,Current health expenditure (CHE) per capita in US$,numeric,AMR,Americas,Country,CHL,Chile,Year,2017,false,,,,,,,,,,,,,1354,,,,,,1353.69,,,EN,2025-12-04T11:00:00.000Z
GHED_CHE_pc_US_SHA2011,Current health expenditure (CHE) per capita in US$,numeric,EMR,Eastern Mediterranean,Country,SAU,Saudi Arabia,Year,2017,false,,,,,,,,,,,,,1401,,,,,,1400.90,,,EN,2025-12-04T11:00:00.000Z
GHED_CHE_pc_US_SHA2011,Current health expenditure (CHE) per capita in US$,numeric,SEAR,South-East Asia,Country,LKA,Sri Lanka,Year,2017,false,,,,,,,,,,,,,142.3,,,,,,142.33,,,EN,2025-12-04T11:00:00.000Z
GHED_CHE_pc_US_SHA2011,Current health expenditure (CHE) per capita in US$,numeric,WPR,Western Pacific,Country,VNM,Viet Nam,Year,2017,false,,,,,,,,,,,,,147.5,,,,,,147.51,,,EN,2025-12-04T11:00:00.000Z
GHED_CHE_pc_US_SHA2011,Current health expenditure (CHE) per capita in US$,numeric,AMR,Americas,Country,ARG,Argentina,Year,2017,false,,,,,,,,,,,,,1491,,,,,,1491.12,,,EN,2025-12-04T11:00:00.000Z
GHED_CHE_pc_US_SHA2011,Current health expenditure (CHE) per capita in US$,numeric,EUR,Europe,Country,GRC,Greece,Year,2017,false,,,,,,,,,,,,,1510,,,,,,1509.78,,,EN,2025-12-04T11:00:00.000Z
GHED_CHE_pc_US_SHA2011,Current health expenditure (CHE) per capita in US$,numeric,EUR,Europe,Country,CZE,Czechia,Year,2017,false,,,,,,,,,,,,,1517,,,,,,1516.75,,,EN,2025-12-04T11:00:00.000Z
GHED_CHE_pc_US_SHA2011,Current health expenditure (CHE) per capita in US$,numeric,WPR,Western Pacific,Country,MNG,Mongolia,Year,2017,false,,,,,,,,,,,,,160.5,,,,,,160.49,,,EN,2025-12-04T11:00:00.000Z
GHED_CHE_pc_US_SHA2011,Current health expenditure (CHE) per capita in US$,numeric,EMR,Eastern Mediterranean,Country,MAR,Morocco,Year,2017,false,,,,,,,,,,,,,166.9,,,,,,166.85,,,EN,2025-12-04T11:00:00.000Z
GHED_CHE_pc_US_SHA2011,Current health expenditure (CHE) per capita in US$,numeric,EUR,Europe,Country,AZE,Azerbaijan,Year,2017,false,,,,,,,,,,,,,167,,,,,,167.02,,,EN,2025-12-04T11:00:00.000Z
GHED_CHE_pc_US_SHA2011,Current health expenditure (CHE) per capita in US$,numeric,AMR,Americas,Country,URY,Uruguay,Year,2017,false,,,,,,,,,,,,,1672,,,,,,1672.33,,,EN,2025-12-04T11:00:00.000Z
GHED_CHE_pc_US_SHA2011,Current health expenditure (CHE) per capita in US$,numeric,AMR,Americas,Country,HND,Honduras,Year,2017,false,,,,,,,,,,,,,169.1,,,,,,169.07,,,EN,2025-12-04T11:00:00.000Z
GHED_CHE_pc_US_SHA2011,Current health expenditure (CHE) per capita in US$,numeric,EMR,Eastern Mediterranean,Country,ARE,United Arab Emirates,Year,2017,false,,,,,,,,,,,,,1695,,,,,,1695.20,,,EN,2025-12-04T11:00:00.000Z
GHED_CHE_pc_US_SHA2011,Current health expenditure (CHE) per capita in US$,numeric,AFR,Africa,Country,CPV,Cabo Verde,Year,2017,false,,,,,,,,,,,,,174.4,,,,,,174.44,,,EN,2025-12-04T11:00:00.000Z
GHED_CHE_pc_US_SHA2011,Current health expenditure (CHE) per capita in US$,numeric,EUR,Europe,Country,CYP,Cyprus,Year,2017,false,,,,,,,,,,,,,1743,,,,,,1742.68,,,EN,2025-12-04T11:00:00.000Z
GHED_CHE_pc_US_SHA2011,Current health expenditure (CHE) per capita in US$,numeric,WPR,Western Pacific,Country,PLW,Palau,Year,2017,false,,,,,,,,,,,,,1775,,,,,,1775.33,,,EN,2025-12-04T11:00:00.000Z
GHED_CHE_pc_US_SHA2011,Current health expenditure (CHE) per capita in US$,numeric,WPR,Western Pacific,Country,KIR,Kiribati,Year,2017,false,,,,,,,,,,,,,179.6,,,,,,179.58,,,EN,2025-12-04T11:00:00.000Z
GHED_CHE_pc_US_SHA2011,Current health expenditure (CHE) per capita in US$,numeric,AFR,Africa,Country,COD,Democratic Republic of the Congo,Year,2017,false,,,,,,,,,,,,,18.15,,,,,,18.15,,,EN,2025-12-04T11:00:00.000Z
GHED_CHE_pc_US_SHA2011,Current health expenditure (CHE) per capita in US$,numeric,AMR,Americas,Country,NIC,Nicaragua,Year,2017,false,,,,,,,,,,,,,181.8,,,,,,181.76,,,EN,2025-12-04T11:00:00.000Z
GHED_CHE_pc_US_SHA2011,Current health expenditure (CHE) per capita in US$,numeric,EUR,Europe,Country,UKR,Ukraine,Year,2017,false,,,,,,,,,,,,,183.7,,,,,,183.70,,,EN,2025-12-04T11:00:00.000Z
GHED_CHE_pc_US_SHA2011,Current health expenditure (CHE) per capita in US$,numeric,WPR,Western Pacific,Country,FJI,Fiji,Year,2017,false,,,,,,,,,,,,,185.7,,,,,,185.70,,,EN,2025-12-04T11:00:00.000Z
GHED_CHE_pc_US_SHA2011,Current health expenditure (CHE) per capita in US$,numeric,AFR,Africa,Country,BDI,Burundi,Year,2017,false,,,,,,,,,,,,,19.17,,,,,,19.17,,,EN,2025-12-04T11:00:00.000Z
GHED_CHE_pc_US_SHA2011,Current health expenditure (CHE) per capita in US$,numeric,EMR,Eastern Mediterranean,Country,QAT,Qatar,Year,2017,false,,,,,,,,,,,,,1912,,,,,,1911.95,,,EN,2025-12-04T11:00:00.000Z
GHED_CHE_pc_US_SHA2011,Current health expenditure (CHE) per capita in US$,numeric,AFR,Africa,Country,GAB,Gabon,Year,2017,false,,,,,,,,,,,,,192.5,,,,,,192.48,,,EN,2025-12-04T11:00:00.000Z
GHED_CHE_pc_US_SHA2011,Current health expenditure (CHE) per capita in US$,numeric,EUR,Europe,Country,SVN,Slovenia,Year,2017,false,,,,,,,,,,,,,1925,,,,,,1925.03,,,EN,2025-12-04T11:00:00.000Z
GHED_CHE_pc_US_SHA2011,Current health expenditure (CHE) per capita in US$,numeric,EMR,Eastern Mediterranean,Country,IRQ,Iraq,Year,2017,false,,,,,,,,,,,,,197.2,,,,,,197.24,,,EN,2025-12-04T11:00:00.000Z
GHED_CHE_pc_US_SHA2011,Current health expenditure (CHE) per capita in US$,numeric,EUR,Europe,Country,PRT,Portugal,Year,2017,false,,,,,,,,,,,,,1991,,,,,,1991.32,,,EN,2025-12-04T11:00:00.000Z
GHED_CHE_pc_US_SHA2011,Current health expenditure (CHE) per capita in US$,numeric,AMR,Americas,Country,BHS,Bahamas,Year,2017,false,,,,,,,,,,,,,2069,,,,,,2069.45,,,EN,2025-12-04T11:00:00.000Z
GHED_CHE_pc_US_SHA2011,Current health expenditure (CHE) per capita in US$,numeric,AFR,Africa,Country,GMB,Gambia,Year,2017,false,,,,,,,,,,,,,21.55,,,,,,21.55,,,EN,2025-12-04T11:00:00.000Z
GHED_CHE_pc_US_SHA2011,Current health expenditure (CHE) per capita in US$,numeric,AMR,Americas,Country,BOL,Bolivia (Plurinational State of),Year,2017,false,,,,,,,,,,,,,214.6,,,,,,214.59,,,EN,2025-12-04T11:00:00.000Z
GHED_CHE_pc_US_SHA2011,Current health expenditure (CHE) per capita in US$,numeric,WPR,Western Pacific,Country,WSM,Samoa,Year,2017,false,,,,,,,,,,,,,220.8,,,,,,220.82,,,EN,2025-12-04T11:00:00.000Z
GHED_CHE_pc_US_SHA2011,Current health expenditure (CHE) per capita in US$,numeric,AFR,Africa,Country,GNQ,Equatorial Guinea,Year,2017,false,,,,,,,,,,,,,223.4,,,,,,223.44,,,EN,2025-12-04T11:00:00.000Z
GHED_CHE_pc_US_SHA2011,Current health expenditure (CHE) per capita in US$,numeric,EMR,Eastern Mediterranean,Country,TUN,Tunisia,Year,2017,false,,,,,,,,,,,,,223.9,,,,,,223.86,,,EN,2025-12-04T11:00:00.000Z
GHED_CHE_pc_US_SHA2011,Current health expenditure (CHE) per capita in US$,numeric,WPR,Western Pacific,Country,KOR,Republic of Korea,Year,2017,false,,,,,,,,,,,,,2258,,,,,,2258.15,,,EN,2025-12-04T11:00:00.000Z
GHED_CHE_pc_US_SHA2011,Current health expenditure (CHE) per capita in US$,numeric,AFR,Africa,Country,MDG,Madagascar,Year,2017,false,,,,,,,,,,,,,23.62,,,,,,23.62,,,EN,2025-12-04T11:00:00.000Z
GHED_CHE_pc_US_SHA2011,Current health expenditure (CHE) per capita in US$,numeric,AFR,Africa,Country,ETH,Ethiopia,Year,2017,false,,,,,,,,,,,,,24.18,,,,,,24.18,,,EN,2025-12-04T11:00:00.000Z
GHED_CHE_pc_US_SHA2011,Current health expenditure (CHE) per capita in US$,numeric,EUR,Europe,Country,MDA,Republic of Moldova,Year,2017,false,,,,,,,,,,,,,243.9,,,,,,243.95,,,EN,2025-12-04T11:00:00.000Z
GHED_CHE_pc_US_SHA2011,Current health expenditure (CHE) per capita in US$,numeric,WPR,Western Pacific,Country,TON,Tonga,Year,2017,false,,,,,,,,,,,,,246.3,,,,,,246.34,,,EN,2025-12-04T11:00:00.000Z
GHED_CHE_pc_US_SHA2011,Current health expenditure (CHE) per capita in US$,numeric,SEAR,South-East Asia,Country,THA,Thailand,Year,2017,false,,,,,,,,,,,,,247.1,,,,,,247.08,,,EN,2025-12-04T11:00:00.000Z
GHED_CHE_pc_US_SHA2011,Current health expenditure (CHE) per capita in US$,numeric,AFR,Africa,Country,ERI,Eritrea,Year,2017,false,,,,,,,,,,,,,25.1,,,,,,25.10,,,EN,2025-12-04T11:00:00.000Z
GHED_CHE_pc_US_SHA2011,Current health expenditure (CHE) per capita in US$,numeric,EUR,Europe,Country,MLT,Malta,Year,2017,false,,,,,,,,,,,,,2563,,,,,,2562.89,,,EN,2025-12-04T11:00:00.000Z
GHED_CHE_pc_US_SHA2011,Current health expenditure (CHE) per capita in US$,numeric,EUR,Europe,Country,ESP,Spain,Year,2017,false,,,,,,,,,,,,,2565,,,,,,2564.56,,,EN,2025-12-04T11:00:00.000Z
GHED_CHE_pc_US_SHA2011,Current health expenditure (CHE) per capita in US$,numeric,AMR,Americas,Country,GTM,Guatemala,Year,2017,false,,,,,,,,,,,,,265.4,,,,,,265.37,,,EN,2025-12-04T11:00:00.000Z
GHED_CHE_pc_US_SHA2011,Current health expenditure (CHE) per capita in US$,numeric,AFR,Africa,Country,SWZ,Eswatini,Year,2017,false,,,,,,,,,,,,,265.5,,,,,,265.50,,,EN,2025-12-04T11:00:00.000Z
GHED_CHE_pc_US_SHA2011,Current health expenditure (CHE) per capita in US$,numeric,AMR,Americas,Country,GUY,Guyana,Year,2017,false,,,,,,,,,,,,,266.9,,,,,,266.86,,,EN,2025-12-04T11:00:00.000Z
GHED_CHE_pc_US_SHA2011,Current health expenditure (CHE) per capita in US$,numeric,WPR,Western Pacific,Country,SGP,Singapore,Year,2017,false,,,,,,,,,,,,,2674,,,,,,2673.66,,,EN,2025-12-04T11:00:00.000Z
GHED_CHE_pc_US_SHA2011,Current health expenditure (CHE) per capita in US$,numeric,AFR,Africa,Country,DZA,Algeria,Year,2017,false,,,,,,,,,,,,,270.9,,,,,,270.93,,,EN,2025-12-04T11:00:00.000Z
GHED_CHE_pc_US_SHA2011,Current health expenditure (CHE) per capita in US$,numeric,EUR,Europe,Country,KAZ,Kazakhstan,Year,2017,false,,,,,,,,,,,,,273,,,,,,272.98,,,EN,2025-12-04T11:00:00.000Z
GHED_CHE_pc_US_SHA2011,Current health expenditure (CHE) per capita in US$,numeric,AFR,Africa,Country,SSD,South Sudan,Year,2017,false,,,,,,,,,,,,,28.06,,,,,,28.06,,,EN,2025-12-04T11:00:00.000Z
GHED_CHE_pc_US_SHA2011,Current health expenditure (CHE) per capita in US$,numeric,AFR,Africa,Country,MLI,Mali,Year,2017,false,,,,,,,,,,,,,28.49,,,,,,28.49,,,EN,2025-12-04T11:00:00.000Z
GHED_CHE_pc_US_SHA2011,Current health expenditure (CHE) per capita in US$,numeric,AFR,Africa,Country,CAF,Central African Republic,Year,2017,false,,,,,,,,,,,,,28.82,,,,,,28.82,,,EN,2025-12-04T11:00:00.000Z
GHED_CHE_pc_US_SHA2011,Current health expenditure (CHE) per capita in US$,numeric,AMR,Americas,Country,BLZ,Belize,Year,2017,false,,,,,,,,,,,,,280.7,,,,,,280.72,,,EN,2025-12-04T11:00:00.000Z
GHED_CHE_pc_US_SHA2011,Current health expenditure (CHE) per capita in US$,numeric,EUR,Europe,Country,ITA,Italy,Year,2017,false,,,,,,,,,,,,,2851,,,,,,2851.29,,,EN,2025-12-04T11:00:00.000Z
GHED_CHE_pc_US_SHA2011,Current health expenditure (CHE) per capita in US$,numeric,EUR,Europe,Country,AND,Andorra,Year,2017,false,,,,,,,,,,,,,2876,,,,,,2876.24,,,EN,2025-12-04T11:00:00.000Z
GHED_CHE_pc_US_SHA2011,Current health expenditure (CHE) per capita in US$,numeric,EMR,Eastern Mediterranean,Country,JOR,Jordan,Year,2017,false,,,,,,,,,,,,,289,,,,,,289.05,,,EN,2025-12-04T11:00:00.000Z
GHED_CHE_pc_US_SHA2011,Current health expenditure (CHE) per capita in US$,numeric,AFR,Africa,Country,NER,Niger,Year,2017,false,,,,,,,,,,,,,29.1,,,,,,29.10,,,EN,2025-12-04T11:00:00.000Z
GHED_CHE_pc_US_SHA2011,Current health expenditure (CHE) per capita in US$,numeric,AFR,Africa,Country,TCD,Chad,Year,2017,false,,,,,,,,,,,,,29.99,,,,,,29.99,,,EN,2025-12-04T11:00:00.000Z
GHED_CHE_pc_US_SHA2011,Current health expenditure (CHE) per capita in US$,numeric,EUR,Europe,Country,ALB,Albania,Year,2017,false,,,,,,,,,,,,,295.5,,,,,,295.52,,,EN,2025-12-04T11:00:00.000Z
GHED_CHE_pc_US_SHA2011,Current health expenditure (CHE) per capita in US$,numeric,EUR,Europe,Country,ISR,Israel,Year,2017,false,,,,,,,,,,,,,3074,,,,,,3074.45,,,EN,2025-12-04T11:00:00.000Z
GHED_CHE_pc_US_SHA2011,Current health expenditure (CHE) per capita in US$,numeric,AFR,Africa,Country,UGA,Uganda,Year,2017,false,,,,,,,,,,,,,31.44,,,,,,31.44,,,EN,2025-12-04T11:00:00.000Z
GHED_CHE_pc_US_SHA2011,Current health expenditure (CHE) per capita in US$,numeric,EMR,Eastern Mediterranean,Country,PSE,"occupied Palestinian territory, including east Jerusalem",Year,2017,false,,,,,,,,,,,,,310.2,,,,,,310.21,,,EN,2025-12-04T11:00:00.000Z
GHED_CHE_pc_US_SHA2011,Current health expenditure (CHE) per capita in US$,numeric,AFR,Africa,Country,GIN,Guinea,Year,2017,false,,,,,,,,,,,,,32.64,,,,,,32.64,,,EN,2025-12-04T11:00:00.000Z
GHED_CHE_pc_US_SHA2011,Current health expenditure (CHE) per capita in US$,numeric,AMR,Americas,Country,SUR,Suriname,Year,2017,false,,,,,,,,,,,,,322,,,,,,322.00,,,EN,2025-12-04T11:00:00.000Z
GHED_CHE_pc_US_SHA2011,Current health expenditure (CHE) per capita in US$,numeric,AMR,Americas,Country,DOM,Dominican Republic,Year,2017,false,,,,,,,,,,,,,329.5,,,,,,329.54,,,EN,2025-12-04T11:00:00.000Z
GHED_CHE_pc_US_SHA2011,Current health expenditure (CHE) per capita in US$,numeric,EUR,Europe,Country,BLR,Belarus,Year,2017,false,,,,,,,,,,,,,331.9,,,,,,331.94,,,EN,2025-12-04T11:00:00.000Z
GHED_CHE_pc_US_SHA2011,Current health expenditure (CHE) per capita in US$,numeric,AMR,Americas,Country,PER,Peru,Year,2017,false,,,,,,,,,,,,,332.5,,,,,,332.54,,,EN,2025-12-04T11:00:00.000Z
GHED_CHE_pc_US_SHA2011,Current health expenditure (CHE) per capita in US$,numeric,AMR,Americas,Country,VCT,Saint Vincent and the Grenadines,Year,2017,false,,,,,,,,,,,,,337.9,,,,,,337.90,,,EN,2025-12-04T11:00:00.000Z
GHED_CHE_pc_US_SHA2011,Current health expenditure (CHE) per capita in US$,numeric,AMR,Americas,Country,SLV,El Salvador,Year,2017,false,,,,,,,,,,,,,338.6,,,,,,338.61,,,EN,2025-12-04T11:00:00.000Z
GHED_CHE_pc_US_SHA2011,Current health expenditure (CHE) per capita in US$,numeric,EMR,Eastern Mediterranean,Country,SYR,Syrian Arab Republic,Year,2017,false,,,,,,,,,,,,,35.57,,,,,,35.57,,,EN,2025-12-04T11:00:00.000Z
GHED_CHE_pc_US_SHA2011,Current health expenditure (CHE) per capita in US$,numeric,AFR,Africa,Country,MOZ,Mozambique,Year,2017,false,,,,,,,,,,,,,36.76,,,,,,36.76,,,EN,2025-12-04T11:00:00.000Z
GHED_CHE_pc_US_SHA2011,Current health expenditure (CHE) per capita in US$,numeric,WPR,Western Pacific,Country,MYS,Malaysia,Year,2017,false,,,,,,,,,,,,,366.4,,,,,,366.37,,,EN,2025-12-04T11:00:00.000Z
GHED_CHE_pc_US_SHA2011,Current health expenditure (CHE) per capita in US$,numeric,AMR,Americas,Country,JAM,Jamaica,Year,2017,false,,,,,,,,,,,,,367.4,,,,,,367.35,,,EN,2025-12-04T11:00:00.000Z
GHED_CHE_pc_US_SHA2011,Current health expenditure (CHE) per capita in US$,numeric,EUR,Europe,Country,SMR,San Marino,Year,2017,false,,,,,,,,,,,,,3672,,,,,,3672.30,,,EN,2025-12-04T11:00:00.000Z
GHED_CHE_pc_US_SHA2011,Current health expenditure (CHE) per capita in US$,numeric,AFR,Africa,Country,MWI,Malawi,Year,2017,false,,,,,,,,,,,,,37.6,,,,,,37.60,,,EN,2025-12-04T11:00:00.000Z
GHED_CHE_pc_US_SHA2011,Current health expenditure (CHE) per capita in US$,numeric,WPR,Western Pacific,Country,NZL,New Zealand,Year,2017,false,,,,,,,,,,,,,3702,,,,,,3702.10,,,EN,2025-12-04T11:00:00.000Z
GHED_CHE_pc_US_SHA2011,Current health expenditure (CHE) per capita in US$,numeric,EUR,Europe,Country,MKD,North Macedonia,Year,2017,false,,,,,,,,,,,,,375.3,,,,,,375.33,,,EN,2025-12-04T11:00:00.000Z
GHED_CHE_pc_US_SHA2011,Current health expenditure (CHE) per capita in US$,numeric,EUR,Europe,Country,GEO,Georgia,Year,2017,false,,,,,,,,,,,,,377.9,,,,,,377.93,,,EN,2025-12-04T11:00:00.000Z
GHED_CHE_pc_US_SHA2011,Current health expenditure (CHE) per capita in US$,numeric,AFR,Africa,Country,BEN,Benin,Year,2017,false,,,,,,,,,,,,,38.76,,,,,,38.76,,,EN,2025-12-04T11:00:00.000Z
GHED_CHE_pc_US_SHA2011,Current health expenditure (CHE) per capita in US$,numeric,AFR,Africa,Country,TZA,United Republic of Tanzania,Year,2017,false,,,,,,,,,,,,,39.04,,,,,,39.04,,,EN,2025-12-04T11:00:00.000Z
GHED_CHE_pc_US_SHA2011,Current health expenditure (CHE) per capita in US$,numeric,EUR,Europe,Country,GBR,United Kingdom of Great Britain and Northern Ireland,Year,2017,false,,,,,,,,,,,,,3939,,,,,,3938.65,,,EN,2025-12-04T11:00:00.000Z
GHED_CHE_pc_US_SHA2011,Current health expenditure (CHE) per capita in US$,numeric,AFR,Africa,Country,RWA,Rwanda,Year,2017,false,,,,,,,,,,,,,40.77,,,,,,40.77,,,EN,2025-12-04T11:00:00.000Z
GHED_CHE_pc_US_SHA2011,Current health expenditure (CHE) per capita in US$,numeric,AMR,Americas,Country,PRY,Paraguay,Year,2017,false,,,,,,,,,,,,,406.6,,,,,,406.60,,,EN,2025-12-04T11:00:00.000Z
GHED_CHE_pc_US_SHA2011,Current health expenditure (CHE) per capita in US$,numeric,WPR,Western Pacific,Country,FSM,Micronesia (Federated States of),Year,2017,false,,,,,,,,,,,,,409.1,,,,,,409.12,,,EN,2025-12-04T11:00:00.000Z
GHED_CHE_pc_US_SHA2011,Current health expenditure (CHE) per capita in US$,numeric,EUR,Europe,Country,ARM,Armenia,Year,2017,false,,,,,,,,,,,,,409.8,,,,,,409.80,,,EN,2025-12-04T11:00:00.000Z
GHED_CHE_pc_US_SHA2011,Current health expenditure (CHE) per capita in US$,numeric,EUR,Europe,Country,TKM,Turkmenistan,Year,2017,false,,,,,,,,,,,,,410.8,,,,,,410.81,,,EN,2025-12-04T11:00:00.000Z
GHED_CHE_pc_US_SHA2011,Current health expenditure (CHE) per capita in US$,numeric,WPR,Western Pacific,Country,JPN,Japan,Year,2017,false,,,,,,,,,,,,,4135,,,,,,4135.24,,,EN,2025-12-04T11:00:00.000Z
GHED_CHE_pc_US_SHA2011,Current health expenditure (CHE) per capita in US$,numeric,AMR,Americas,Country,DMA,Dominica,Year,2017,false,,,,,,,,,,,,,415.9,,,,,,415.87,,,EN,2025-12-04T11:00:00.000Z
GHED_CHE_pc_US_SHA2011,Current health expenditure (CHE) per capita in US$,numeric,EMR,Eastern Mediterranean,Country,PAK,Pakistan,Year,2017,false,,,,,,,,,,,,,42.07,,,,,,42.07,,,EN,2025-12-04T11:00:00.000Z
GHED_CHE_pc_US_SHA2011,Current health expenditure (CHE) per capita in US$,numeric,SEAR,South-East Asia,Country,BGD,Bangladesh,Year,2017,false,,,,,,,,,,,,,42.18,,,,,,42.18,,,EN,2025-12-04T11:00:00.000Z
GHED_CHE_pc_US_SHA2011,Current health expenditure (CHE) per capita in US$,numeric,EUR,Europe,Country,FIN,Finland,Year,2017,false,,,,,,,,,,,,,4236,,,,,,4235.75,,,EN,2025-12-04T11:00:00.000Z
GHED_CHE_pc_US_SHA2011,Current health expenditure (CHE) per capita in US$,numeric,AFR,Africa,Country,BFA,Burkina Faso,Year,2017,false,,,,,,,,,,,,,43.38,,,,,,43.38,,,EN,2025-12-04T11:00:00.000Z
GHED_CHE_pc_US_SHA2011,Current health expenditure (CHE) per capita in US$,numeric,EUR,Europe,Country,TUR,Türkiye,Year,2017,false,,,,,,,,,,,,,432.1,,,,,,432.14,,,EN,2025-12-04T11:00:00.000Z
GHED_CHE_pc_US_SHA2011,Current health expenditure (CHE) per capita in US$,numeric,WPR,Western Pacific,Country,CHN,China,Year,2017,false,,,,,,,,,,,,,439.9,,,,,,439.94,,,EN,2025-12-04T11:00:00.000Z
GHED_CHE_pc_US_SHA2011,Current health expenditure (CHE) per capita in US$,numeric,EUR,Europe,Country,FRA,France,Year,2017,false,,,,,,,,,,,,,4437,,,,,,4436.64,,,EN,2025-12-04T11:00:00.000Z
GHED_CHE_pc_US_SHA2011,Current health expenditure (CHE) per capita in US$,numeric,AFR,Africa,Country,NAM,Namibia,Year,2017,false,,,,,,,,,,,,,448,,,,,,447.95,,,EN,2025-12-04T11:00:00.000Z
GHED_CHE_pc_US_SHA2011,Current health expenditure (CHE) per capita in US$,numeric,AMR,Americas,Country,GRD,Grenada,Year,2017,false,,,,,,,,,,,,,454.1,,,,,,454.07,,,EN,2025-12-04T11:00:00.000Z
GHED_CHE_pc_US_SHA2011,Current health expenditure (CHE) per capita in US$,numeric,EMR,Eastern Mediterranean,Country,IRN,Iran (Islamic Republic of),Year,2017,false,,,,,,,,,,,,,457.2,,,,,,457.23,,,EN,2025-12-04T11:00:00.000Z
GHED_CHE_pc_US_SHA2011,Current health expenditure (CHE) per capita in US$,numeric,EMR,Eastern Mediterranean,Country,LBY,Libya,Year,2017,false,,,,,,,,,,,,,466.1,,,,,,466.09,,,EN,2025-12-04T11:00:00.000Z
GHED_CHE_pc_US_SHA2011,Current health expenditure (CHE) per capita in US$,numeric,AMR,Americas,Country,ECU,Ecuador,Year,2017,false,,,,,,,,,,,,,469,,,,,,469.05,,,EN,2025-12-04T11:00:00.000Z
GHED_CHE_pc_US_SHA2011,Current health expenditure (CHE) per capita in US$,numeric,AFR,Africa,Country,SLE,Sierra Leone,Year,2017,false,,,,,,,,,,,,,47.38,,,,,,47.38,,,EN,2025-12-04T11:00:00.000Z
GHED_CHE_pc_US_SHA2011,Current health expenditure (CHE) per capita in US$,numeric,AFR,Africa,Country,BWA,Botswana,Year,2017,false,,,,,,,,,,,,,471.1,,,,,,471.05,,,EN,2025-12-04T11:00:00.000Z
GHED_CHE_pc_US_SHA2011,Current health expenditure (CHE) per capita in US$,numeric,EUR,Europe,Country,BIH,Bosnia and Herzegovina,Year,2017,false,,,,,,,,,,,,,471.3,,,,,,471.33,,,EN,2025-12-04T11:00:00.000Z
GHED_CHE_pc_US_SHA2011,Current health expenditure (CHE) per capita in US$,numeric,EUR,Europe,Country,BEL,Belgium,Year,2017,false,,,,,,,,,,,,,4828,,,,,,4827.59,,,EN,2025-12-04T11:00:00.000Z
GHED_CHE_pc_US_SHA2011,Current health expenditure (CHE) per capita in US$,numeric,AMR,Americas,Country,CAN,Canada,Year,2017,false,,,,,,,,,,,,,4895,,,,,,4894.77,,,EN,2025-12-04T11:00:00.000Z
GHED_CHE_pc_US_SHA2011,Current health expenditure (CHE) per capita in US$,numeric,SEAR,South-East Asia,Country,NPL,Nepal,Year,2017,false,,,,,,,,,,,,,49.63,,,,,,49.63,,,EN,2025-12-04T11:00:00.000Z
GHED_CHE_pc_US_SHA2011,Current health expenditure (CHE) per capita in US$,numeric,EUR,Europe,Country,NLD,Netherlands (Kingdom of the),Year,2017,false,,,,,,,,,,,,,4935,,,,,,4934.58,,,EN,2025-12-04T11:00:00.000Z
GHED_CHE_pc_US_SHA2011,Current health expenditure (CHE) per capita in US$,numeric,WPR,Western Pacific,Country,COK,Cook Islands,Year,2017,false,,,,,,,,,,,,,494.1,,,,,,494.11,,,EN,2025-12-04T11:00:00.000Z
GHED_CHE_pc_US_SHA2011,Current health expenditure (CHE) per capita in US$,numeric,AMR,Americas,Country,COL,Colombia,Year,2017,false,,,,,,,,,,,,,497.5,,,,,,497.54,,,EN,2025-12-04T11:00:00.000Z
GHED_CHE_pc_US_SHA2011,Current health expenditure (CHE) per capita in US$,numeric,EUR,Europe,Country,AUT,Austria,Year,2017,false,,,,,,,,,,,,,5000,,,,,,4999.87,,,EN,2025-12-04T11:00:00.000Z
GHED_CHE_pc_US_SHA2011,Current health expenditure (CHE) per capita in US$,numeric,EUR,Europe,Country,IRL,Ireland,Year,2017,false,,,,,,,,,,,,,5024,,,,,,5023.51,,,EN,2025-12-04T11:00:00.000Z
GHED_CHE_pc_US_SHA2011,Current health expenditure (CHE) per capita in US$,numeric,EUR,Europe,Country,DEU,Germany,Year,2017,false,,,,,,,,,,,,,5039,,,,,,5039.35,,,EN,2025-12-04T11:00:00.000Z
GHED_CHE_pc_US_SHA2011,Current health expenditure (CHE) per capita in US$,numeric,AMR,Americas,Country,LCA,Saint Lucia,Year,2017,false,,,,,,,,,,,,,505,,,,,,504.96,,,EN,2025-12-04T11:00:00.000Z
GHED_CHE_pc_US_SHA2011,Current health expenditure (CHE) per capita in US$,numeric,AMR,Americas,Country,MEX,Mexico,Year,2017,false,,,,,,,,,,,,,512.5,,,,,,512.55,,,EN,2025-12-04T11:00:00.000Z
GHED_CHE_pc_US_SHA2011,Current health expenditure (CHE) per capita in US$,numeric,EUR,Europe,Country,SRB,Serbia,Year,2017,false,,,,,,,,,,,,,515.8,,,,,,515.85,,,EN,2025-12-04T11:00:00.000Z
GHED_CHE_pc_US_SHA2011,Current health expenditure (CHE) per capita in US$,numeric,AFR,Africa,Country,COG,Congo,Year,2017,false,,,,,,,,,,,,,52.3,,,,,,52.30,,,EN,2025-12-04T11:00:00.000Z
GHED_CHE_pc_US_SHA2011,Current health expenditure (CHE) per capita in US$,numeric,AFR,Africa,Country,ZAF,South Africa,Year,2017,false,,,,,,,,,,,,,527.5,,,,,,527.52,,,EN,2025-12-04T11:00:00.000Z
GHED_CHE_pc_US_SHA2011,Current health expenditure (CHE) per capita in US$,numeric,AMR,Americas,Country,HTI,Haiti,Year,2017,false,,,,,,,,,,,,,53.81,,,,,,53.81,,,EN,2025-12-04T11:00:00.000Z
GHED_CHE_pc_US_SHA2011,Current health expenditure (CHE) per capita in US$,numeric,AFR,Africa,Country,GHA,Ghana,Year,2017,false,,,,,,,,,,,,,54.11,,,,,,54.11,,,EN,2025-12-04T11:00:00.000Z
GHED_CHE_pc_US_SHA2011,Current health expenditure (CHE) per capita in US$,numeric,AFR,Africa,Country,GNB,Guinea-Bissau,Year,2017,false,,,,,,,,,,,,,54.82,,,,,,54.82,,,EN,2025-12-04T11:00:00.000Z
GHED_CHE_pc_US_SHA2011,Current health expenditure (CHE) per capita in US$,numeric,AFR,Africa,Country,MRT,Mauritania,Year,2017,false,,,,,,,,,,,,,55.22,,,,,,55.22,,,EN,2025-12-04T11:00:00.000Z
GHED_CHE_pc_US_SHA2011,Current health expenditure (CHE) per capita in US$,numeric,WPR,Western Pacific,Country,PNG,Papua New Guinea,Year,2017,false,,,,,,,,,,,,,55.25,,,,,,55.25,,,EN,2025-12-04T11:00:00.000Z
GHED_CHE_pc_US_SHA2011,Current health expenditure (CHE) per capita in US$,numeric,WPR,Western Pacific,Country,MHL,Marshall Islands,Year,2017,false,,,,,,,,,,,,,553.1,,,,,,553.06,,,EN,2025-12-04T11:00:00.000Z
GHED_CHE_pc_US_SHA2011,Current health expenditure (CHE) per capita in US$,numeric,EUR,Europe,Country,ROU,Romania,Year,2017,false,,,,,,,,,,,,,555.1,,,,,,555.11,,,EN,2025-12-04T11:00:00.000Z
GHED_CHE_pc_US_SHA2011,Current health expenditure (CHE) per capita in US$,numeric,AFR,Africa,Country,SEN,Senegal,Year,2017,false,,,,,,,,,,,,,56.49,,,,,,56.49,,,EN,2025-12-04T11:00:00.000Z
GHED_CHE_pc_US_SHA2011,Current health expenditure (CHE) per capita in US$,numeric,SEAR,South-East Asia,Country,IND,India,Year,2017,false,,,,,,,,,,,,,56.67,,,,,,56.67,,,EN,2025-12-04T11:00:00.000Z
GHED_CHE_pc_US_SHA2011,Current health expenditure (CHE) per capita in US$,numeric,AFR,Africa,Country,TGO,Togo,Year,2017,false,,,,,,,,,,,,,56.7,,,,,,56.70,,,EN,2026-04-09T12:00:00.000Z
GHED_CHE_pc_US_SHA2011,Current health expenditure (CHE) per capita in US$,numeric,AFR,Africa,Country,CMR,Cameroon,Year,2017,false,,,,,,,,,,,,,56.75,,,,,,56.75,,,EN,2025-12-04T11:00:00.000Z
GHED_CHE_pc_US_SHA2011,Current health expenditure (CHE) per capita in US$,numeric,EUR,Europe,Country,TJK,Tajikistan,Year,2017,false,,,,,,,,,,,,,56.85,,,,,,56.85,,,EN,2025-12-04T11:00:00.000Z
GHED_CHE_pc_US_SHA2011,Current health expenditure (CHE) per capita in US$,numeric,EUR,Europe,Country,LUX,Luxembourg,Year,2017,false,,,,,,,,,,,,,5713,,,,,,5713.12,,,EN,2025-12-04T11:00:00.000Z
GHED_CHE_pc_US_SHA2011,Current health expenditure (CHE) per capita in US$,numeric,EUR,Europe,Country,RUS,Russian Federation,Year,2017,false,,,,,,,,,,,,,577.1,,,,,,577.07,,,EN,2025-12-04T11:00:00.000Z
GHED_CHE_pc_US_SHA2011,Current health expenditure (CHE) per capita in US$,numeric,WPR,Western Pacific,Country,AUS,Australia,Year,2017,false,,,,,,,,,,,,,5771,,,,,,5770.69,,,EN,2025-12-04T11:00:00.000Z
GHED_CHE_pc_US_SHA2011,Current health expenditure (CHE) per capita in US$,numeric,EUR,Europe,Country,DNK,Denmark,Year,2017,false,,,,,,,,,,,,,5817,,,,,,5817.43,,,EN,2025-12-04T11:00:00.000Z
GHED_CHE_pc_US_SHA2011,Current health expenditure (CHE) per capita in US$,numeric,EUR,Europe,Country,SWE,Sweden,Year,2017,false,,,,,,,,,,,,,5872,,,,,,5871.52,,,EN,2025-12-04T11:00:00.000Z
GHED_CHE_pc_US_SHA2011,Current health expenditure (CHE) per capita in US$,numeric,SEAR,South-East Asia,Country,MMR,Myanmar,Year,2017,false,,,,,,,,,,,,,59.52,,,,,,59.52,,,EN,2025-12-04T11:00:00.000Z
GHED_CHE_pc_US_SHA2011,Current health expenditure (CHE) per capita in US$,numeric,AFR,Africa,Country,MUS,Mauritius,Year,2017,false,,,,,,,,,,,,,594.9,,,,,,594.86,,,EN,2025-12-04T11:00:00.000Z
GHED_CHE_pc_US_SHA2011,Current health expenditure (CHE) per capita in US$,numeric,EUR,Europe,Country,ISL,Iceland,Year,2017,false,,,,,,,,,,,,,5992,,,,,,5992.05,,,EN,2025-12-04T11:00:00.000Z
GHED_CHE_pc_US_SHA2011,Current health expenditure (CHE) per capita in US$,numeric,WPR,Western Pacific,Country,LAO,Lao People's Democratic Republic,Year,2017,false,,,,,,,,,,,,,61.42,,,,,,61.42,,,EN,2025-12-04T11:00:00.000Z
GHED_CHE_pc_US_SHA2011,Current health expenditure (CHE) per capita in US$,numeric,EUR,Europe,Country,MNE,Montenegro,Year,2017,false,,,,,,,,,,,,,623.7,,,,,,623.69,,,EN,2025-12-04T11:00:00.000Z
GHED_CHE_pc_US_SHA2011,Current health expenditure (CHE) per capita in US$,numeric,AFR,Africa,Country,CIV,Cote d'Ivoire,Year,2017,false,,,,,,,,,,,,,63.78,,,,,,63.78,,,EN,2025-12-04T11:00:00.000Z
GHED_CHE_pc_US_SHA2011,Current health expenditure (CHE) per capita in US$,numeric,WPR,Western Pacific,Country,BRN,Brunei Darussalam,Year,2017,false,,,,,,,,,,,,,636.2,,,,,,636.23,,,EN,2025-12-04T11:00:00.000Z
GHED_CHE_pc_US_SHA2011,Current health expenditure (CHE) per capita in US$,numeric,EMR,Eastern Mediterranean,Country,DJI,Djibouti,Year,2017,false,,,,,,,,,,,,,64.94,,,,,,64.94,,,EN,2025-12-04T11:00:00.000Z
GHED_CHE_pc_US_SHA2011,Current health expenditure (CHE) per capita in US$,numeric,EUR,Europe,Country,BGR,Bulgaria,Year,2017,false,,,,,,,,,,,,,647.6,,,,,,647.56,,,EN,2025-12-04T11:00:00.000Z
GHED_CHE_pc_US_SHA2011,Current health expenditure (CHE) per capita in US$,numeric,AFR,Africa,Country,KEN,Kenya,Year,2017,false,,,,,,,,,,,,,66.47,,,,,,66.47,,,EN,2025-12-04T11:00:00.000Z
GHED_CHE_pc_US_SHA2011,Current health expenditure (CHE) per capita in US$,numeric,EMR,Eastern Mediterranean,Country,AFG,Afghanistan,Year,2017,false,,,,,,,,,,,,,66.82,,,,,,66.82,,,EN,2025-12-04T11:00:00.000Z
GHED_CHE_pc_US_SHA2011,Current health expenditure (CHE) per capita in US$,numeric,AFR,Africa,Country,SYC,Seychelles,Year,2017,false,,,,,,,,,,,,,667.1,,,,,,667.10,,,EN,2025-12-04T11:00:00.000Z
GHED_CHE_pc_US_SHA2011,Current health expenditure (CHE) per capita in US$,numeric,EMR,Eastern Mediterranean,Country,SDN,Sudan,Year,2017,false,,,,,,,,,,,,,67.75,,,,,,67.75,,,EN,2025-12-04T11:00:00.000Z
GHED_CHE_pc_US_SHA2011,Current health expenditure (CHE) per capita in US$,numeric,AFR,Africa,Country,LBR,Liberia,Year,2017,false,,,,,,,,,,,,,67.88,,,,,,67.88,,,EN,2025-12-04T11:00:00.000Z
GHED_CHE_pc_US_SHA2011,Current health expenditure (CHE) per capita in US$,numeric,EMR,Eastern Mediterranean,Country,LBN,Lebanon,Year,2017,false,,,,,,,,,,,,,671.8,,,,,,671.78,,,EN,2025-12-04T11:00:00.000Z
GHED_CHE_pc_US_SHA2011,Current health expenditure (CHE) per capita in US$,numeric,AFR,Africa,Country,NGA,Nigeria,Year,2017,false,,,,,,,,,,,,,70.32,,,,,,70.32,,,EN,2025-12-04T11:00:00.000Z
GHED_CHE_pc_US_SHA2011,Current health expenditure (CHE) per capita in US$,numeric,AFR,Africa,Country,ZMB,Zambia,Year,2017,false,,,,,,,,,,,,,70.93,,,,,,70.93,,,EN,2025-12-04T11:00:00.000Z
GHED_CHE_pc_US_SHA2011,Current health expenditure (CHE) per capita in US$,numeric,EMR,Eastern Mediterranean,Country,OMN,Oman,Year,2017,false,,,,,,,,,,,,,704.6,,,,,,704.63,,,EN,2025-12-04T11:00:00.000Z
GHED_CHE_pc_US_SHA2011,Current health expenditure (CHE) per capita in US$,numeric,EUR,Europe,Country,MCO,Monaco,Year,2017,false,,,,,,,,,,,,,7102,,,,,,7101.64,,,EN,2025-12-04T11:00:00.000Z
GHED_CHE_pc_US_SHA2011,Current health expenditure (CHE) per capita in US$,numeric,AFR,Africa,Country,COM,Comoros,Year,2017,false,,,,,,,,,,,,,75.01,,,,,,75.01,,,EN,2025-12-04T11:00:00.000Z
GHED_CHE_pc_US_SHA2011,Current health expenditure (CHE) per capita in US$,numeric,EUR,Europe,Country,KGZ,Kyrgyzstan,Year,2017,false,,,,,,,,,,,,,76.6,,,,,,76.60,,,EN,2025-12-04T11:00:00.000Z
GHED_CHE_pc_US_SHA2011,Current health expenditure (CHE) per capita in US$,numeric,WPR,Western Pacific,Country,KHM,Cambodia,Year,2017,false,,,,,,,,,,,,,77.97,,,,,,77.97,,,EN,2025-12-04T11:00:00.000Z
GHED_CHE_pc_US_SHA2011,Current health expenditure (CHE) per capita in US$,numeric,EUR,Europe,Country,NOR,Norway,Year,2017,false,,,,,,,,,,,,,7816,,,,,,7815.79,,,EN,2025-12-04T11:00:00.000Z
GHED_CHE_pc_US_SHA2011,Current health expenditure (CHE) per capita in US$,numeric,AMR,Americas,Country,ATG,Antigua and Barbuda,Year,2017,false,,,,,,,,,,,,,791.1,,,,,,791.12,,,EN,2025-12-04T11:00:00.000Z
GHED_CHE_pc_US_SHA2011,Current health expenditure (CHE) per capita in US$,numeric,SEAR,South-East Asia,Country,TLS,Timor-Leste,Year,2017,false,,,,,,,,,,,,,86.16,,,,,,86.16,,,EN,2025-12-04T11:00:00.000Z
GHED_CHE_pc_US_SHA2011,Current health expenditure (CHE) per capita in US$,numeric,AMR,Americas,Country,CRI,Costa Rica,Year,2017,false,,,,,,,,,,,,,867.8,,,,,,867.77,,,EN,2025-12-04T11:00:00.000Z
GHED_CHE_pc_US_SHA2011,Current health expenditure (CHE) per capita in US$,numeric,EMR,Eastern Mediterranean,Country,YEM,Yemen,Year,2017,false,,,,,,,,,,,,,87.3,,,,,,87.30,,,EN,2025-12-04T11:00:00.000Z
GHED_CHE_pc_US_SHA2011,Current health expenditure (CHE) per capita in US$,numeric,WPR,Western Pacific,Country,SLB,Solomon Islands,Year,2017,false,,,,,,,,,,,,,89.29,,,,,,89.29,,,EN,2025-12-04T11:00:00.000Z
GHED_CHE_pc_US_SHA2011,Current health expenditure (CHE) per capita in US$,numeric,EUR,Europe,Country,POL,Poland,Year,2017,false,,,,,,,,,,,,,909.6,,,,,,909.58,,,EN,2025-12-04T11:00:00.000Z
GHED_CHE_pc_US_SHA2011,Current health expenditure (CHE) per capita in US$,numeric,WPR,Western Pacific,Country,VUT,Vanuatu,Year,2017,false,,,,,,,,,,,,,91.04,,,,,,91.04,,,EN,2025-12-04T11:00:00.000Z
GHED_CHE_pc_US_SHA2011,Current health expenditure (CHE) per capita in US$,numeric,AFR,Africa,Country,ZWE,Zimbabwe,Year,2017,false,,,,,,,,,,,,,91.87,,,,,,91.87,,,EN,2025-12-04T11:00:00.000Z
GHED_CHE_pc_US_SHA2011,Current health expenditure (CHE) per capita in US$,numeric,EUR,Europe,Country,HRV,Croatia,Year,2017,false,,,,,,,,,,,,,919.2,,,,,,919.22,,,EN,2025-12-04T11:00:00.000Z
GHED_CHE_pc_US_SHA2011,Current health expenditure (CHE) per capita in US$,numeric,EUR,Europe,Country,UZB,Uzbekistan,Year,2017,false,,,,,,,,,,,,,93.42,,,,,,93.42,,,EN,2025-12-04T11:00:00.000Z
GHED_CHE_pc_US_SHA2011,Current health expenditure (CHE) per capita in US$,numeric,EUR,Europe,Country,LVA,Latvia,Year,2017,false,,,,,,,,,,,,,932.5,,,,,,932.50,,,EN,2025-12-04T11:00:00.000Z
GHED_CHE_pc_US_SHA2011,Current health expenditure (CHE) per capita in US$,numeric,EUR,Europe,Country,CHE,Switzerland,Year,2017,false,,,,,,,,,,,,,9354,,,,,,9354.22,,,EN,2025-12-04T11:00:00.000Z
GHED_CHE_pc_US_SHA2011,Current health expenditure (CHE) per capita in US$,numeric,AMR,Americas,Country,BRA,Brazil,Year,2017,false,,,,,,,,,,,,,954.8,,,,,,954.75,,,EN,2025-12-04T11:00:00.000Z
GHED_CHE_pc_US_SHA2011,Current health expenditure (CHE) per capita in US$,numeric,SEAR,South-East Asia,Country,MDV,Maldives,Year,2017,false,,,,,,,,,,,,,961.6,,,,,,961.57,,,EN,2025-12-04T11:00:00.000Z
GHED_CHE_pc_US_SHA2011,Current health expenditure (CHE) per capita in US$,numeric,EUR,Europe,Country,LIE,Liechtenstein,Year,2017,false,,,,,,,,,,,,,9715,,,,,,9715.08,,,EN,2025-12-04T11:00:00.000Z
GHED_CHE_pc_US_SHA2011,Current health expenditure (CHE) per capita in US$,numeric,AMR,Americas,Country,USA,United States of America,Year,2017,false,,,,,,,,,,,,,9823,,,,,,9822.61,,,EN,2025-12-04T11:00:00.000Z
GHED_CHE_pc_US_SHA2011,Current health expenditure (CHE) per capita in US$,numeric,AMR,Americas,Country,CUB,Cuba,Year,2017,false,,,,,,,,,,,,,987.8,,,,,,987.81,,,EN,2025-12-04T11:00:00.000Z
GHED_CHE_pc_US_SHA2011,Current health expenditure (CHE) per capita in US$,numeric,EUR,Europe,Country,HUN,Hungary,Year,2017,false,,,,,,,,,,,,,990.9,,,,,,990.91,,,EN,2025-12-04T11:00:00.000Z
GHED_CHE_pc_US_SHA2011,Current health expenditure (CHE) per capita in US$,numeric,SEAR,South-East Asia,Country,MDV,Maldives,Year,2016,false,,,,,,,,,,,,,1018,,,,,,1018.00,,,EN,2025-12-04T11:00:00.000Z
GHED_CHE_pc_US_SHA2011,Current health expenditure (CHE) per capita in US$,numeric,AFR,Africa,Country,ZWE,Zimbabwe,Year,2016,false,,,,,,,,,,,,,102.2,,,,,,102.16,,,EN,2025-12-04T11:00:00.000Z
GHED_CHE_pc_US_SHA2011,Current health expenditure (CHE) per capita in US$,numeric,AMR,Americas,Country,PAN,Panama,Year,2016,false,,,,,,,,,,,,,1057,,,,,,1056.68,,,EN,2025-12-04T11:00:00.000Z
GHED_CHE_pc_US_SHA2011,Current health expenditure (CHE) per capita in US$,numeric,WPR,Western Pacific,Country,IDN,Indonesia,Year,2016,false,,,,,,,,,,,,,106.4,,,,,,106.40,,,EN,2025-12-04T11:00:00.000Z
GHED_CHE_pc_US_SHA2011,Current health expenditure (CHE) per capita in US$,numeric,WPR,Western Pacific,Country,NIU,Niue,Year,2016,false,,,,,,,,,,,,,1061,,,,,,1060.91,,,EN,2025-12-04T11:00:00.000Z
GHED_CHE_pc_US_SHA2011,Current health expenditure (CHE) per capita in US$,numeric,AMR,Americas,Country,TTO,Trinidad and Tobago,Year,2016,false,,,,,,,,,,,,,1064,,,,,,1064.42,,,EN,2025-12-04T11:00:00.000Z
GHED_CHE_pc_US_SHA2011,Current health expenditure (CHE) per capita in US$,numeric,AFR,Africa,Country,STP,Sao Tome and Principe,Year,2016,false,,,,,,,,,,,,,109.7,,,,,,109.73,,,EN,2025-12-04T11:00:00.000Z
GHED_CHE_pc_US_SHA2011,Current health expenditure (CHE) per capita in US$,numeric,EMR,Eastern Mediterranean,Country,BHR,Bahrain,Year,2016,false,,,,,,,,,,,,,1096,,,,,,1095.93,,,EN,2025-12-04T11:00:00.000Z
GHED_CHE_pc_US_SHA2011,Current health expenditure (CHE) per capita in US$,numeric,EMR,Eastern Mediterranean,Country,SOM,Somalia,Year,2016,false,,,,,,,,,,,,,11.77,,,,,,11.77,,,EN,2025-12-04T11:00:00.000Z
GHED_CHE_pc_US_SHA2011,Current health expenditure (CHE) per capita in US$,numeric,AMR,Americas,Country,KNA,Saint Kitts and Nevis,Year,2016,false,,,,,,,,,,,,,1162,,,,,,1161.87,,,EN,2025-12-04T11:00:00.000Z
GHED_CHE_pc_US_SHA2011,Current health expenditure (CHE) per capita in US$,numeric,AMR,Americas,Country,CHL,Chile,Year,2016,false,,,,,,,,,,,,,1168,,,,,,1167.89,,,EN,2025-12-04T11:00:00.000Z
GHED_CHE_pc_US_SHA2011,Current health expenditure (CHE) per capita in US$,numeric,EUR,Europe,Country,SVK,Slovakia,Year,2016,false,,,,,,,,,,,,,1176,,,,,,1175.63,,,EN,2025-12-04T11:00:00.000Z
GHED_CHE_pc_US_SHA2011,Current health expenditure (CHE) per capita in US$,numeric,WPR,Western Pacific,Country,PHL,Philippines,Year,2016,false,,,,,,,,,,,,,118.1,,,,,,118.06,,,EN,2025-12-04T11:00:00.000Z
GHED_CHE_pc_US_SHA2011,Current health expenditure (CHE) per capita in US$,numeric,AMR,Americas,Country,BRB,Barbados,Year,2016,false,,,,,,,,,,,,,1181,,,,,,1181.14,,,EN,2025-12-04T11:00:00.000Z
GHED_CHE_pc_US_SHA2011,Current health expenditure (CHE) per capita in US$,numeric,EUR,Europe,Country,EST,Estonia,Year,2016,false,,,,,,,,,,,,,1226,,,,,,1226.09,,,EN,2025-12-04T11:00:00.000Z
GHED_CHE_pc_US_SHA2011,Current health expenditure (CHE) per capita in US$,numeric,AMR,Americas,Country,ARG,Argentina,Year,2016,false,,,,,,,,,,,,,1277,,,,,,1276.80,,,EN,2025-12-04T11:00:00.000Z
GHED_CHE_pc_US_SHA2011,Current health expenditure (CHE) per capita in US$,numeric,EUR,Europe,Country,UZB,Uzbekistan,Year,2016,false,,,,,,,,,,,,,129.8,,,,,,129.82,,,EN,2025-12-04T11:00:00.000Z
GHED_CHE_pc_US_SHA2011,Current health expenditure (CHE) per capita in US$,numeric,EMR,Eastern Mediterranean,Country,KWT,Kuwait,Year,2016,false,,,,,,,,,,,,,1293,,,,,,1292.72,,,EN,2025-12-04T11:00:00.000Z
GHED_CHE_pc_US_SHA2011,Current health expenditure (CHE) per capita in US$,numeric,WPR,Western Pacific,Country,VNM,Viet Nam,Year,2016,false,,,,,,,,,,,,,133.2,,,,,,133.20,,,EN,2025-12-04T11:00:00.000Z
GHED_CHE_pc_US_SHA2011,Current health expenditure (CHE) per capita in US$,numeric,EMR,Eastern Mediterranean,Country,SAU,Saudi Arabia,Year,2016,false,,,,,,,,,,,,,1353,,,,,,1353.22,,,EN,2025-12-04T11:00:00.000Z
GHED_CHE_pc_US_SHA2011,Current health expenditure (CHE) per capita in US$,numeric,EUR,Europe,Country,CZE,Czechia,Year,2016,false,,,,,,,,,,,,,1375,,,,,,1374.90,,,EN,2025-12-04T11:00:00.000Z
GHED_CHE_pc_US_SHA2011,Current health expenditure (CHE) per capita in US$,numeric,EMR,Eastern Mediterranean,Country,EGY,Egypt,Year,2016,false,,,,,,,,,,,,,142.6,,,,,,142.62,,,EN,2025-12-04T11:00:00.000Z
GHED_CHE_pc_US_SHA2011,Current health expenditure (CHE) per capita in US$,numeric,SEAR,South-East Asia,Country,LKA,Sri Lanka,Year,2016,false,,,,,,,,,,,,,145.3,,,,,,145.32,,,EN,2025-12-04T11:00:00.000Z
GHED_CHE_pc_US_SHA2011,Current health expenditure (CHE) per capita in US$,numeric,AMR,Americas,Country,URY,Uruguay,Year,2016,false,,,,,,,,,,,,,1469,,,,,,1469.39,,,EN,2025-12-04T11:00:00.000Z
GHED_CHE_pc_US_SHA2011,Current health expenditure (CHE) per capita in US$,numeric,EUR,Europe,Country,GRC,Greece,Year,2016,false,,,,,,,,,,,,,1513,,,,,,1513.26,,,EN,2025-12-04T11:00:00.000Z
GHED_CHE_pc_US_SHA2011,Current health expenditure (CHE) per capita in US$,numeric,EUR,Europe,Country,UKR,Ukraine,Year,2016,false,,,,,,,,,,,,,154.6,,,,,,154.55,,,EN,2025-12-04T11:00:00.000Z
GHED_CHE_pc_US_SHA2011,Current health expenditure (CHE) per capita in US$,numeric,AFR,Africa,Country,CPV,Cabo Verde,Year,2016,false,,,,,,,,,,,,,157.4,,,,,,157.40,,,EN,2025-12-04T11:00:00.000Z
GHED_CHE_pc_US_SHA2011,Current health expenditure (CHE) per capita in US$,numeric,WPR,Western Pacific,Country,KIR,Kiribati,Year,2016,false,,,,,,,,,,,,,157.7,,,,,,157.73,,,EN,2025-12-04T11:00:00.000Z
GHED_CHE_pc_US_SHA2011,Current health expenditure (CHE) per capita in US$,numeric,EMR,Eastern Mediterranean,Country,ARE,United Arab Emirates,Year,2016,false,,,,,,,,,,,,,1593,,,,,,1592.92,,,EN,2025-12-04T11:00:00.000Z
GHED_CHE_pc_US_SHA2011,Current health expenditure (CHE) per capita in US$,numeric,EUR,Europe,Country,CYP,Cyprus,Year,2016,false,,,,,,,,,,,,,1620,,,,,,1619.92,,,EN,2025-12-04T11:00:00.000Z
GHED_CHE_pc_US_SHA2011,Current health expenditure (CHE) per capita in US$,numeric,EMR,Eastern Mediterranean,Country,MAR,Morocco,Year,2016,false,,,,,,,,,,,,,162.2,,,,,,162.22,,,EN,2025-12-04T11:00:00.000Z
GHED_CHE_pc_US_SHA2011,Current health expenditure (CHE) per capita in US$,numeric,WPR,Western Pacific,Country,MNG,Mongolia,Year,2016,false,,,,,,,,,,,,,168.4,,,,,,168.41,,,EN,2025-12-04T11:00:00.000Z
GHED_CHE_pc_US_SHA2011,Current health expenditure (CHE) per capita in US$,numeric,EUR,Europe,Country,AZE,Azerbaijan,Year,2016,false,,,,,,,,,,,,,169.7,,,,,,169.70,,,EN,2025-12-04T11:00:00.000Z
GHED_CHE_pc_US_SHA2011,Current health expenditure (CHE) per capita in US$,numeric,WPR,Western Pacific,Country,PLW,Palau,Year,2016,false,,,,,,,,,,,,,1705,,,,,,1704.62,,,EN,2025-12-04T11:00:00.000Z
GHED_CHE_pc_US_SHA2011,Current health expenditure (CHE) per capita in US$,numeric,EUR,Europe,Country,MDA,Republic of Moldova,Year,2016,false,,,,,,,,,,,,,171.2,,,,,,171.18,,,EN,2025-12-04T11:00:00.000Z
GHED_CHE_pc_US_SHA2011,Current health expenditure (CHE) per capita in US$,numeric,AMR,Americas,Country,NIC,Nicaragua,Year,2016,false,,,,,,,,,,,,,171.6,,,,,,171.57,,,EN,2025-12-04T11:00:00.000Z
GHED_CHE_pc_US_SHA2011,Current health expenditure (CHE) per capita in US$,numeric,AMR,Americas,Country,BHS,Bahamas,Year,2016,false,,,,,,,,,,,,,1712,,,,,,1711.61,,,EN,2025-12-04T11:00:00.000Z
GHED_CHE_pc_US_SHA2011,Current health expenditure (CHE) per capita in US$,numeric,WPR,Western Pacific,Country,FJI,Fiji,Year,2016,false,,,,,,,,,,,,,175.9,,,,,,175.92,,,EN,2025-12-04T11:00:00.000Z
GHED_CHE_pc_US_SHA2011,Current health expenditure (CHE) per capita in US$,numeric,AMR,Americas,Country,HND,Honduras,Year,2016,false,,,,,,,,,,,,,177.9,,,,,,177.88,,,EN,2025-12-04T11:00:00.000Z
GHED_CHE_pc_US_SHA2011,Current health expenditure (CHE) per capita in US$,numeric,AFR,Africa,Country,BDI,Burundi,Year,2016,false,,,,,,,,,,,,,18.59,,,,,,18.59,,,EN,2025-12-04T11:00:00.000Z
GHED_CHE_pc_US_SHA2011,Current health expenditure (CHE) per capita in US$,numeric,EUR,Europe,Country,SVN,Slovenia,Year,2016,false,,,,,,,,,,,,,1839,,,,,,1838.65,,,EN,2025-12-04T11:00:00.000Z
GHED_CHE_pc_US_SHA2011,Current health expenditure (CHE) per capita in US$,numeric,EUR,Europe,Country,PRT,Portugal,Year,2016,false,,,,,,,,,,,,,1870,,,,,,1870.32,,,EN,2025-12-04T11:00:00.000Z
GHED_CHE_pc_US_SHA2011,Current health expenditure (CHE) per capita in US$,numeric,AFR,Africa,Country,COD,Democratic Republic of the Congo,Year,2016,false,,,,,,,,,,,,,19.31,,,,,,19.31,,,EN,2025-12-04T11:00:00.000Z
GHED_CHE_pc_US_SHA2011,Current health expenditure (CHE) per capita in US$,numeric,EMR,Eastern Mediterranean,Country,IRQ,Iraq,Year,2016,false,,,,,,,,,,,,,199.9,,,,,,199.89,,,EN,2025-12-04T11:00:00.000Z
GHED_CHE_pc_US_SHA2011,Current health expenditure (CHE) per capita in US$,numeric,AFR,Africa,Country,GMB,Gambia,Year,2016,false,,,,,,,,,,,,,20.77,,,,,,20.77,,,EN,2025-12-04T11:00:00.000Z
GHED_CHE_pc_US_SHA2011,Current health expenditure (CHE) per capita in US$,numeric,WPR,Western Pacific,Country,KOR,Republic of Korea,Year,2016,false,,,,,,,,,,,,,2043,,,,,,2042.73,,,EN,2025-12-04T11:00:00.000Z
GHED_CHE_pc_US_SHA2011,Current health expenditure (CHE) per capita in US$,numeric,AMR,Americas,Country,BOL,Bolivia (Plurinational State of),Year,2016,false,,,,,,,,,,,,,207.5,,,,,,207.45,,,EN,2025-12-04T11:00:00.000Z
GHED_CHE_pc_US_SHA2011,Current health expenditure (CHE) per capita in US$,numeric,AFR,Africa,Country,GAB,Gabon,Year,2016,false,,,,,,,,,,,,,207.5,,,,,,207.50,,,EN,2025-12-04T11:00:00.000Z
GHED_CHE_pc_US_SHA2011,Current health expenditure (CHE) per capita in US$,numeric,EMR,Eastern Mediterranean,Country,QAT,Qatar,Year,2016,false,,,,,,,,,,,,,2072,,,,,,2072.06,,,EN,2025-12-04T11:00:00.000Z
GHED_CHE_pc_US_SHA2011,Current health expenditure (CHE) per capita in US$,numeric,WPR,Western Pacific,Country,TON,Tonga,Year,2016,false,,,,,,,,,,,,,208.5,,,,,,208.54,,,EN,2025-12-04T11:00:00.000Z
GHED_CHE_pc_US_SHA2011,Current health expenditure (CHE) per capita in US$,numeric,AFR,Africa,Country,CAF,Central African Republic,Year,2016,false,,,,,,,,,,,,,21.08,,,,,,21.08,,,EN,2025-12-04T11:00:00.000Z
GHED_CHE_pc_US_SHA2011,Current health expenditure (CHE) per capita in US$,numeric,AFR,Africa,Country,NER,Niger,Year,2016,false,,,,,,,,,,,,,22.68,,,,,,22.68,,,EN,2025-12-04T11:00:00.000Z
GHED_CHE_pc_US_SHA2011,Current health expenditure (CHE) per capita in US$,numeric,AFR,Africa,Country,GNQ,Equatorial Guinea,Year,2016,false,,,,,,,,,,,,,221.5,,,,,,221.49,,,EN,2025-12-04T11:00:00.000Z
GHED_CHE_pc_US_SHA2011,Current health expenditure (CHE) per capita in US$,numeric,AFR,Africa,Country,SWZ,Eswatini,Year,2016,false,,,,,,,,,,,,,226.4,,,,,,226.42,,,EN,2025-12-04T11:00:00.000Z
GHED_CHE_pc_US_SHA2011,Current health expenditure (CHE) per capita in US$,numeric,SEAR,South-East Asia,Country,THA,Thailand,Year,2016,false,,,,,,,,,,,,,229.8,,,,,,229.78,,,EN,2025-12-04T11:00:00.000Z
GHED_CHE_pc_US_SHA2011,Current health expenditure (CHE) per capita in US$,numeric,EUR,Europe,Country,MLT,Malta,Year,2016,false,,,,,,,,,,,,,2327,,,,,,2326.67,,,EN,2025-12-04T11:00:00.000Z
GHED_CHE_pc_US_SHA2011,Current health expenditure (CHE) per capita in US$,numeric,AMR,Americas,Country,GUY,Guyana,Year,2016,false,,,,,,,,,,,,,235.9,,,,,,235.92,,,EN,2025-12-04T11:00:00.000Z
GHED_CHE_pc_US_SHA2011,Current health expenditure (CHE) per capita in US$,numeric,EUR,Europe,Country,ESP,Spain,Year,2016,false,,,,,,,,,,,,,2378,,,,,,2378.14,,,EN,2025-12-04T11:00:00.000Z
GHED_CHE_pc_US_SHA2011,Current health expenditure (CHE) per capita in US$,numeric,WPR,Western Pacific,Country,WSM,Samoa,Year,2016,false,,,,,,,,,,,,,238.4,,,,,,238.35,,,EN,2025-12-04T11:00:00.000Z
GHED_CHE_pc_US_SHA2011,Current health expenditure (CHE) per capita in US$,numeric,AFR,Africa,Country,MDG,Madagascar,Year,2016,false,,,,,,,,,,,,,24.21,,,,,,24.21,,,EN,2025-12-04T11:00:00.000Z
GHED_CHE_pc_US_SHA2011,Current health expenditure (CHE) per capita in US$,numeric,AFR,Africa,Country,ETH,Ethiopia,Year,2016,false,,,,,,,,,,,,,24.34,,,,,,24.34,,,EN,2025-12-04T11:00:00.000Z
GHED_CHE_pc_US_SHA2011,Current health expenditure (CHE) per capita in US$,numeric,EMR,Eastern Mediterranean,Country,TUN,Tunisia,Year,2016,false,,,,,,,,,,,,,240.4,,,,,,240.40,,,EN,2025-12-04T11:00:00.000Z
GHED_CHE_pc_US_SHA2011,Current health expenditure (CHE) per capita in US$,numeric,AMR,Americas,Country,GTM,Guatemala,Year,2016,false,,,,,,,,,,,,,246.5,,,,,,246.45,,,EN,2025-12-04T11:00:00.000Z
GHED_CHE_pc_US_SHA2011,Current health expenditure (CHE) per capita in US$,numeric,WPR,Western Pacific,Country,SGP,Singapore,Year,2016,false,,,,,,,,,,,,,2510,,,,,,2509.92,,,EN,2025-12-04T11:00:00.000Z
GHED_CHE_pc_US_SHA2011,Current health expenditure (CHE) per capita in US$,numeric,EUR,Europe,Country,KAZ,Kazakhstan,Year,2016,false,,,,,,,,,,,,,255.8,,,,,,255.84,,,EN,2025-12-04T11:00:00.000Z
GHED_CHE_pc_US_SHA2011,Current health expenditure (CHE) per capita in US$,numeric,AFR,Africa,Country,ERI,Eritrea,Year,2016,false,,,,,,,,,,,,,26.01,,,,,,26.01,,,EN,2025-12-04T11:00:00.000Z
GHED_CHE_pc_US_SHA2011,Current health expenditure (CHE) per capita in US$,numeric,AFR,Africa,Country,DZA,Algeria,Year,2016,false,,,,,,,,,,,,,265.5,,,,,,265.53,,,EN,2025-12-04T11:00:00.000Z
GHED_CHE_pc_US_SHA2011,Current health expenditure (CHE) per capita in US$,numeric,EMR,Eastern Mediterranean,Country,SYR,Syrian Arab Republic,Year,2016,false,,,,,,,,,,,,,27.41,,,,,,27.41,,,EN,2025-12-04T11:00:00.000Z
GHED_CHE_pc_US_SHA2011,Current health expenditure (CHE) per capita in US$,numeric,AFR,Africa,Country,MLI,Mali,Year,2016,false,,,,,,,,,,,,,27.58,,,,,,27.58,,,EN,2025-12-04T11:00:00.000Z
GHED_CHE_pc_US_SHA2011,Current health expenditure (CHE) per capita in US$,numeric,EUR,Europe,Country,ITA,Italy,Year,2016,false,,,,,,,,,,,,,2735,,,,,,2735.28,,,EN,2025-12-04T11:00:00.000Z
GHED_CHE_pc_US_SHA2011,Current health expenditure (CHE) per capita in US$,numeric,EUR,Europe,Country,ALB,Albania,Year,2016,false,,,,,,,,,,,,,275.4,,,,,,275.44,,,EN,2025-12-04T11:00:00.000Z
GHED_CHE_pc_US_SHA2011,Current health expenditure (CHE) per capita in US$,numeric,EMR,Eastern Mediterranean,Country,JOR,Jordan,Year,2016,false,,,,,,,,,,,,,278.1,,,,,,278.13,,,EN,2025-12-04T11:00:00.000Z
GHED_CHE_pc_US_SHA2011,Current health expenditure (CHE) per capita in US$,numeric,EUR,Europe,Country,ISR,Israel,Year,2016,false,,,,,,,,,,,,,2784,,,,,,2783.82,,,EN,2025-12-04T11:00:00.000Z
GHED_CHE_pc_US_SHA2011,Current health expenditure (CHE) per capita in US$,numeric,EUR,Europe,Country,AND,Andorra,Year,2016,false,,,,,,,,,,,,,2786,,,,,,2785.65,,,EN,2025-12-04T11:00:00.000Z
GHED_CHE_pc_US_SHA2011,Current health expenditure (CHE) per capita in US$,numeric,AMR,Americas,Country,BLZ,Belize,Year,2016,false,,,,,,,,,,,,,293.1,,,,,,293.10,,,EN,2025-12-04T11:00:00.000Z
GHED_CHE_pc_US_SHA2011,Current health expenditure (CHE) per capita in US$,numeric,EUR,Europe,Country,BLR,Belarus,Year,2016,false,,,,,,,,,,,,,296.9,,,,,,296.95,,,EN,2025-12-04T11:00:00.000Z
GHED_CHE_pc_US_SHA2011,Current health expenditure (CHE) per capita in US$,numeric,EMR,Eastern Mediterranean,Country,PSE,"occupied Palestinian territory, including east Jerusalem",Year,2016,false,,,,,,,,,,,,,299.4,,,,,,299.41,,,EN,2025-12-04T11:00:00.000Z
GHED_CHE_pc_US_SHA2011,Current health expenditure (CHE) per capita in US$,numeric,AFR,Africa,Country,MOZ,Mozambique,Year,2016,false,,,,,,,,,,,,,31.85,,,,,,31.85,,,EN,2025-12-04T11:00:00.000Z
GHED_CHE_pc_US_SHA2011,Current health expenditure (CHE) per capita in US$,numeric,AFR,Africa,Country,TCD,Chad,Year,2016,false,,,,,,,,,,,,,31.96,,,,,,31.96,,,EN,2025-12-04T11:00:00.000Z
GHED_CHE_pc_US_SHA2011,Current health expenditure (CHE) per capita in US$,numeric,AMR,Americas,Country,PER,Peru,Year,2016,false,,,,,,,,,,,,,311.3,,,,,,311.34,,,EN,2025-12-04T11:00:00.000Z
GHED_CHE_pc_US_SHA2011,Current health expenditure (CHE) per capita in US$,numeric,AMR,Americas,Country,VCT,Saint Vincent and the Grenadines,Year,2016,false,,,,,,,,,,,,,313.7,,,,,,313.66,,,EN,2025-12-04T11:00:00.000Z
GHED_CHE_pc_US_SHA2011,Current health expenditure (CHE) per capita in US$,numeric,AMR,Americas,Country,DOM,Dominican Republic,Year,2016,false,,,,,,,,,,,,,328.4,,,,,,328.37,,,EN,2025-12-04T11:00:00.000Z
GHED_CHE_pc_US_SHA2011,Current health expenditure (CHE) per capita in US$,numeric,AMR,Americas,Country,JAM,Jamaica,Year,2016,false,,,,,,,,,,,,,330.2,,,,,,330.15,,,EN,2025-12-04T11:00:00.000Z
GHED_CHE_pc_US_SHA2011,Current health expenditure (CHE) per capita in US$,numeric,AMR,Americas,Country,SUR,Suriname,Year,2016,false,,,,,,,,,,,,,338.2,,,,,,338.25,,,EN,2025-12-04T11:00:00.000Z
GHED_CHE_pc_US_SHA2011,Current health expenditure (CHE) per capita in US$,numeric,AMR,Americas,Country,SLV,El Salvador,Year,2016,false,,,,,,,,,,,,,340,,,,,,339.98,,,EN,2025-12-04T11:00:00.000Z
GHED_CHE_pc_US_SHA2011,Current health expenditure (CHE) per capita in US$,numeric,AFR,Africa,Country,MWI,Malawi,Year,2016,false,,,,,,,,,,,,,34.03,,,,,,34.03,,,EN,2025-12-04T11:00:00.000Z
GHED_CHE_pc_US_SHA2011,Current health expenditure (CHE) per capita in US$,numeric,EUR,Europe,Country,MKD,North Macedonia,Year,2016,false,,,,,,,,,,,,,347.4,,,,,,347.44,,,EN,2025-12-04T11:00:00.000Z
GHED_CHE_pc_US_SHA2011,Current health expenditure (CHE) per capita in US$,numeric,WPR,Western Pacific,Country,MYS,Malaysia,Year,2016,false,,,,,,,,,,,,,350.7,,,,,,350.71,,,EN,2025-12-04T11:00:00.000Z
GHED_CHE_pc_US_SHA2011,Current health expenditure (CHE) per capita in US$,numeric,WPR,Western Pacific,Country,NZL,New Zealand,Year,2016,false,,,,,,,,,,,,,3517,,,,,,3516.93,,,EN,2025-12-04T11:00:00.000Z
GHED_CHE_pc_US_SHA2011,Current health expenditure (CHE) per capita in US$,numeric,EUR,Europe,Country,ARM,Armenia,Year,2016,false,,,,,,,,,,,,,359.6,,,,,,359.58,,,EN,2025-12-04T11:00:00.000Z
GHED_CHE_pc_US_SHA2011,Current health expenditure (CHE) per capita in US$,numeric,EMR,Eastern Mediterranean,Country,PAK,Pakistan,Year,2016,false,,,,,,,,,,,,,36.47,,,,,,36.47,,,EN,2025-12-04T11:00:00.000Z
GHED_CHE_pc_US_SHA2011,Current health expenditure (CHE) per capita in US$,numeric,AFR,Africa,Country,BEN,Benin,Year,2016,false,,,,,,,,,,,,,36.59,,,,,,36.59,,,EN,2025-12-04T11:00:00.000Z
GHED_CHE_pc_US_SHA2011,Current health expenditure (CHE) per capita in US$,numeric,AFR,Africa,Country,TZA,United Republic of Tanzania,Year,2016,false,,,,,,,,,,,,,36.65,,,,,,36.65,,,EN,2025-12-04T11:00:00.000Z
GHED_CHE_pc_US_SHA2011,Current health expenditure (CHE) per capita in US$,numeric,EUR,Europe,Country,SMR,San Marino,Year,2016,false,,,,,,,,,,,,,3621,,,,,,3621.23,,,EN,2025-12-04T11:00:00.000Z
GHED_CHE_pc_US_SHA2011,Current health expenditure (CHE) per capita in US$,numeric,EUR,Europe,Country,GEO,Georgia,Year,2016,false,,,,,,,,,,,,,369.5,,,,,,369.52,,,EN,2025-12-04T11:00:00.000Z
GHED_CHE_pc_US_SHA2011,Current health expenditure (CHE) per capita in US$,numeric,EUR,Europe,Country,TKM,Turkmenistan,Year,2016,false,,,,,,,,,,,,,376.7,,,,,,376.66,,,EN,2025-12-04T11:00:00.000Z
GHED_CHE_pc_US_SHA2011,Current health expenditure (CHE) per capita in US$,numeric,AFR,Africa,Country,GIN,Guinea,Year,2016,false,,,,,,,,,,,,,38.43,,,,,,38.43,,,EN,2025-12-04T11:00:00.000Z
GHED_CHE_pc_US_SHA2011,Current health expenditure (CHE) per capita in US$,numeric,AMR,Americas,Country,PRY,Paraguay,Year,2016,false,,,,,,,,,,,,,385.5,,,,,,385.52,,,EN,2025-12-04T11:00:00.000Z
GHED_CHE_pc_US_SHA2011,Current health expenditure (CHE) per capita in US$,numeric,AFR,Africa,Country,BWA,Botswana,Year,2016,false,,,,,,,,,,,,,389.3,,,,,,389.31,,,EN,2025-12-04T11:00:00.000Z
GHED_CHE_pc_US_SHA2011,Current health expenditure (CHE) per capita in US$,numeric,AFR,Africa,Country,UGA,Uganda,Year,2016,false,,,,,,,,,,,,,39.08,,,,,,39.08,,,EN,2025-12-04T11:00:00.000Z
GHED_CHE_pc_US_SHA2011,Current health expenditure (CHE) per capita in US$,numeric,SEAR,South-East Asia,Country,BGD,Bangladesh,Year,2016,false,,,,,,,,,,,,,39.31,,,,,,39.31,,,EN,2025-12-04T11:00:00.000Z
GHED_CHE_pc_US_SHA2011,Current health expenditure (CHE) per capita in US$,numeric,AFR,Africa,Country,BFA,Burkina Faso,Year,2016,false,,,,,,,,,,,,,39.51,,,,,,39.51,,,EN,2025-12-04T11:00:00.000Z
GHED_CHE_pc_US_SHA2011,Current health expenditure (CHE) per capita in US$,numeric,WPR,Western Pacific,Country,CHN,China,Year,2016,false,,,,,,,,,,,,,398.2,,,,,,398.17,,,EN,2025-12-04T11:00:00.000Z
GHED_CHE_pc_US_SHA2011,Current health expenditure (CHE) per capita in US$,numeric,WPR,Western Pacific,Country,FSM,Micronesia (Federated States of),Year,2016,false,,,,,,,,,,,,,399.8,,,,,,399.77,,,EN,2025-12-04T11:00:00.000Z
GHED_CHE_pc_US_SHA2011,Current health expenditure (CHE) per capita in US$,numeric,EUR,Europe,Country,GBR,United Kingdom of Great Britain and Northern Ireland,Year,2016,false,,,,,,,,,,,,,4043,,,,,,4043.35,,,EN,2025-12-04T11:00:00.000Z
GHED_CHE_pc_US_SHA2011,Current health expenditure (CHE) per capita in US$,numeric,AMR,Americas,Country,GRD,Grenada,Year,2016,false,,,,,,,,,,,,,409.3,,,,,,409.28,,,EN,2025-12-04T11:00:00.000Z
GHED_CHE_pc_US_SHA2011,Current health expenditure (CHE) per capita in US$,numeric,AFR,Africa,Country,NAM,Namibia,Year,2016,false,,,,,,,,,,,,,409.8,,,,,,409.78,,,EN,2025-12-04T11:00:00.000Z
GHED_CHE_pc_US_SHA2011,Current health expenditure (CHE) per capita in US$,numeric,EUR,Europe,Country,FIN,Finland,Year,2016,false,,,,,,,,,,,,,4109,,,,,,4108.74,,,EN,2025-12-04T11:00:00.000Z
GHED_CHE_pc_US_SHA2011,Current health expenditure (CHE) per capita in US$,numeric,WPR,Western Pacific,Country,JPN,Japan,Year,2016,false,,,,,,,,,,,,,4194,,,,,,4194.23,,,EN,2025-12-04T11:00:00.000Z
GHED_CHE_pc_US_SHA2011,Current health expenditure (CHE) per capita in US$,numeric,AMR,Americas,Country,DMA,Dominica,Year,2016,false,,,,,,,,,,,,,424.2,,,,,,424.16,,,EN,2025-12-04T11:00:00.000Z
GHED_CHE_pc_US_SHA2011,Current health expenditure (CHE) per capita in US$,numeric,EUR,Europe,Country,FRA,France,Year,2016,false,,,,,,,,,,,,,4289,,,,,,4289.35,,,EN,2025-12-04T11:00:00.000Z
GHED_CHE_pc_US_SHA2011,Current health expenditure (CHE) per capita in US$,numeric,AFR,Africa,Country,RWA,Rwanda,Year,2016,false,,,,,,,,,,,,,43.54,,,,,,43.54,,,EN,2025-12-04T11:00:00.000Z
GHED_CHE_pc_US_SHA2011,Current health expenditure (CHE) per capita in US$,numeric,EMR,Eastern Mediterranean,Country,IRN,Iran (Islamic Republic of),Year,2016,false,,,,,,,,,,,,,433.9,,,,,,433.92,,,EN,2025-12-04T11:00:00.000Z
GHED_CHE_pc_US_SHA2011,Current health expenditure (CHE) per capita in US$,numeric,AMR,Americas,Country,COL,Colombia,Year,2016,false,,,,,,,,,,,,,448.8,,,,,,448.85,,,EN,2025-12-04T11:00:00.000Z
GHED_CHE_pc_US_SHA2011,Current health expenditure (CHE) per capita in US$,numeric,AMR,Americas,Country,ECU,Ecuador,Year,2016,false,,,,,,,,,,,,,449,,,,,,449.04,,,EN,2025-12-04T11:00:00.000Z
GHED_CHE_pc_US_SHA2011,Current health expenditure (CHE) per capita in US$,numeric,EUR,Europe,Country,BIH,Bosnia and Herzegovina,Year,2016,false,,,,,,,,,,,,,450.4,,,,,,450.44,,,EN,2025-12-04T11:00:00.000Z
GHED_CHE_pc_US_SHA2011,Current health expenditure (CHE) per capita in US$,numeric,EUR,Europe,Country,TUR,Türkiye,Year,2016,false,,,,,,,,,,,,,456.4,,,,,,456.37,,,EN,2025-12-04T11:00:00.000Z
GHED_CHE_pc_US_SHA2011,Current health expenditure (CHE) per capita in US$,numeric,AFR,Africa,Country,ZAF,South Africa,Year,2016,false,,,,,,,,,,,,,456.6,,,,,,456.57,,,EN,2025-12-04T11:00:00.000Z
GHED_CHE_pc_US_SHA2011,Current health expenditure (CHE) per capita in US$,numeric,EUR,Europe,Country,BEL,Belgium,Year,2016,false,,,,,,,,,,,,,4570,,,,,,4569.64,,,EN,2025-12-04T11:00:00.000Z
GHED_CHE_pc_US_SHA2011,Current health expenditure (CHE) per capita in US$,numeric,EUR,Europe,Country,RUS,Russian Federation,Year,2016,false,,,,,,,,,,,,,463.3,,,,,,463.29,,,EN,2025-12-04T11:00:00.000Z
GHED_CHE_pc_US_SHA2011,Current health expenditure (CHE) per capita in US$,numeric,EMR,Eastern Mediterranean,Country,LBY,Libya,Year,2016,false,,,,,,,,,,,,,464.5,,,,,,464.48,,,EN,2025-12-04T11:00:00.000Z
GHED_CHE_pc_US_SHA2011,Current health expenditure (CHE) per capita in US$,numeric,EUR,Europe,Country,NLD,Netherlands (Kingdom of the),Year,2016,false,,,,,,,,,,,,,4644,,,,,,4644.02,,,EN,2025-12-04T11:00:00.000Z
GHED_CHE_pc_US_SHA2011,Current health expenditure (CHE) per capita in US$,numeric,AMR,Americas,Country,CAN,Canada,Year,2016,false,,,,,,,,,,,,,4647,,,,,,4647.15,,,EN,2025-12-04T11:00:00.000Z
GHED_CHE_pc_US_SHA2011,Current health expenditure (CHE) per capita in US$,numeric,SEAR,South-East Asia,Country,NPL,Nepal,Year,2016,false,,,,,,,,,,,,,47.12,,,,,,47.12,,,EN,2025-12-04T11:00:00.000Z
GHED_CHE_pc_US_SHA2011,Current health expenditure (CHE) per capita in US$,numeric,EUR,Europe,Country,DEU,Germany,Year,2016,false,,,,,,,,,,,,,4723,,,,,,4723.32,,,EN,2025-12-04T11:00:00.000Z
GHED_CHE_pc_US_SHA2011,Current health expenditure (CHE) per capita in US$,numeric,EUR,Europe,Country,IRL,Ireland,Year,2016,false,,,,,,,,,,,,,4747,,,,,,4746.94,,,EN,2025-12-04T11:00:00.000Z
GHED_CHE_pc_US_SHA2011,Current health expenditure (CHE) per capita in US$,numeric,EUR,Europe,Country,AUT,Austria,Year,2016,false,,,,,,,,,,,,,4759,,,,,,4758.90,,,EN,2025-12-04T11:00:00.000Z
GHED_CHE_pc_US_SHA2011,Current health expenditure (CHE) per capita in US$,numeric,EUR,Europe,Country,ROU,Romania,Year,2016,false,,,,,,,,,,,,,476.2,,,,,,476.25,,,EN,2025-12-04T11:00:00.000Z
GHED_CHE_pc_US_SHA2011,Current health expenditure (CHE) per capita in US$,numeric,AMR,Americas,Country,LCA,Saint Lucia,Year,2016,false,,,,,,,,,,,,,479.9,,,,,,479.87,,,EN,2025-12-04T11:00:00.000Z
GHED_CHE_pc_US_SHA2011,Current health expenditure (CHE) per capita in US$,numeric,EUR,Europe,Country,SRB,Serbia,Year,2016,false,,,,,,,,,,,,,486.4,,,,,,486.43,,,EN,2025-12-04T11:00:00.000Z
GHED_CHE_pc_US_SHA2011,Current health expenditure (CHE) per capita in US$,numeric,AMR,Americas,Country,MEX,Mexico,Year,2016,false,,,,,,,,,,,,,489.9,,,,,,489.92,,,EN,2025-12-04T11:00:00.000Z
GHED_CHE_pc_US_SHA2011,Current health expenditure (CHE) per capita in US$,numeric,AFR,Africa,Country,MRT,Mauritania,Year,2016,false,,,,,,,,,,,,,49.9,,,,,,49.90,,,EN,2025-12-04T11:00:00.000Z
GHED_CHE_pc_US_SHA2011,Current health expenditure (CHE) per capita in US$,numeric,EUR,Europe,Country,ISL,Iceland,Year,2016,false,,,,,,,,,,,,,5054,,,,,,5053.52,,,EN,2025-12-04T11:00:00.000Z
GHED_CHE_pc_US_SHA2011,Current health expenditure (CHE) per capita in US$,numeric,AFR,Africa,Country,SEN,Senegal,Year,2016,false,,,,,,,,,,,,,53.9,,,,,,53.90,,,EN,2025-12-04T11:00:00.000Z
GHED_CHE_pc_US_SHA2011,Current health expenditure (CHE) per capita in US$,numeric,WPR,Western Pacific,Country,PNG,Papua New Guinea,Year,2016,false,,,,,,,,,,,,,53.99,,,,,,53.99,,,EN,2025-12-04T11:00:00.000Z
GHED_CHE_pc_US_SHA2011,Current health expenditure (CHE) per capita in US$,numeric,AFR,Africa,Country,COG,Congo,Year,2016,false,,,,,,,,,,,,,54.3,,,,,,54.30,,,EN,2025-12-04T11:00:00.000Z
GHED_CHE_pc_US_SHA2011,Current health expenditure (CHE) per capita in US$,numeric,WPR,Western Pacific,Country,LAO,Lao People's Democratic Republic,Year,2016,false,,,,,,,,,,,,,54.38,,,,,,54.38,,,EN,2025-12-04T11:00:00.000Z
GHED_CHE_pc_US_SHA2011,Current health expenditure (CHE) per capita in US$,numeric,EUR,Europe,Country,TJK,Tajikistan,Year,2016,false,,,,,,,,,,,,,54.92,,,,,,54.92,,,EN,2025-12-04T11:00:00.000Z
GHED_CHE_pc_US_SHA2011,Current health expenditure (CHE) per capita in US$,numeric,AFR,Africa,Country,MUS,Mauritius,Year,2016,false,,,,,,,,,,,,,540.4,,,,,,540.39,,,EN,2025-12-04T11:00:00.000Z
GHED_CHE_pc_US_SHA2011,Current health expenditure (CHE) per capita in US$,numeric,WPR,Western Pacific,Country,AUS,Australia,Year,2016,false,,,,,,,,,,,,,5418,,,,,,5418.44,,,EN,2025-12-04T11:00:00.000Z
GHED_CHE_pc_US_SHA2011,Current health expenditure (CHE) per capita in US$,numeric,EUR,Europe,Country,LUX,Luxembourg,Year,2016,false,,,,,,,,,,,,,5475,,,,,,5475.14,,,EN,2025-12-04T11:00:00.000Z
GHED_CHE_pc_US_SHA2011,Current health expenditure (CHE) per capita in US$,numeric,AFR,Africa,Country,ZMB,Zambia,Year,2016,false,,,,,,,,,,,,,55.4,,,,,,55.40,,,EN,2025-12-04T11:00:00.000Z
GHED_CHE_pc_US_SHA2011,Current health expenditure (CHE) per capita in US$,numeric,AFR,Africa,Country,TGO,Togo,Year,2016,false,,,,,,,,,,,,,55.52,,,,,,55.52,,,EN,2026-04-09T12:00:00.000Z
GHED_CHE_pc_US_SHA2011,Current health expenditure (CHE) per capita in US$,numeric,AFR,Africa,Country,GNB,Guinea-Bissau,Year,2016,false,,,,,,,,,,,,,56.61,,,,,,56.61,,,EN,2025-12-04T11:00:00.000Z
GHED_CHE_pc_US_SHA2011,Current health expenditure (CHE) per capita in US$,numeric,EUR,Europe,Country,DNK,Denmark,Year,2016,false,,,,,,,,,,,,,5604,,,,,,5603.76,,,EN,2025-12-04T11:00:00.000Z
GHED_CHE_pc_US_SHA2011,Current health expenditure (CHE) per capita in US$,numeric,AFR,Africa,Country,CMR,Cameroon,Year,2016,false,,,,,,,,,,,,,57.99,,,,,,57.99,,,EN,2025-12-04T11:00:00.000Z
GHED_CHE_pc_US_SHA2011,Current health expenditure (CHE) per capita in US$,numeric,EUR,Europe,Country,SWE,Sweden,Year,2016,false,,,,,,,,,,,,,5719,,,,,,5719.46,,,EN,2025-12-04T11:00:00.000Z
GHED_CHE_pc_US_SHA2011,Current health expenditure (CHE) per capita in US$,numeric,WPR,Western Pacific,Country,COK,Cook Islands,Year,2016,false,,,,,,,,,,,,,574.8,,,,,,574.80,,,EN,2025-12-04T11:00:00.000Z
GHED_CHE_pc_US_SHA2011,Current health expenditure (CHE) per capita in US$,numeric,EUR,Europe,Country,BGR,Bulgaria,Year,2016,false,,,,,,,,,,,,,579.8,,,,,,579.77,,,EN,2025-12-04T11:00:00.000Z
GHED_CHE_pc_US_SHA2011,Current health expenditure (CHE) per capita in US$,numeric,SEAR,South-East Asia,Country,MMR,Myanmar,Year,2016,false,,,,,,,,,,,,,59.68,,,,,,59.68,,,EN,2025-12-04T11:00:00.000Z
GHED_CHE_pc_US_SHA2011,Current health expenditure (CHE) per capita in US$,numeric,SEAR,South-East Asia,Country,IND,India,Year,2016,false,,,,,,,,,,,,,59.73,,,,,,59.73,,,EN,2025-12-04T11:00:00.000Z
GHED_CHE_pc_US_SHA2011,Current health expenditure (CHE) per capita in US$,numeric,AMR,Americas,Country,HTI,Haiti,Year,2016,false,,,,,,,,,,,,,60.07,,,,,,60.07,,,EN,2025-12-04T11:00:00.000Z
GHED_CHE_pc_US_SHA2011,Current health expenditure (CHE) per capita in US$,numeric,EUR,Europe,Country,MNE,Montenegro,Year,2016,false,,,,,,,,,,,,,604.9,,,,,,604.89,,,EN,2025-12-04T11:00:00.000Z
GHED_CHE_pc_US_SHA2011,Current health expenditure (CHE) per capita in US$,numeric,EMR,Eastern Mediterranean,Country,AFG,Afghanistan,Year,2016,false,,,,,,,,,,,,,61.37,,,,,,61.37,,,EN,2025-12-04T11:00:00.000Z
GHED_CHE_pc_US_SHA2011,Current health expenditure (CHE) per capita in US$,numeric,AFR,Africa,Country,CIV,Cote d'Ivoire,Year,2016,false,,,,,,,,,,,,,61.86,,,,,,61.86,,,EN,2025-12-04T11:00:00.000Z
GHED_CHE_pc_US_SHA2011,Current health expenditure (CHE) per capita in US$,numeric,WPR,Western Pacific,Country,MHL,Marshall Islands,Year,2016,false,,,,,,,,,,,,,619.4,,,,,,619.36,,,EN,2025-12-04T11:00:00.000Z
GHED_CHE_pc_US_SHA2011,Current health expenditure (CHE) per capita in US$,numeric,AFR,Africa,Country,COM,Comoros,Year,2016,false,,,,,,,,,,,,,63.53,,,,,,63.53,,,EN,2025-12-04T11:00:00.000Z
GHED_CHE_pc_US_SHA2011,Current health expenditure (CHE) per capita in US$,numeric,AFR,Africa,Country,GHA,Ghana,Year,2016,false,,,,,,,,,,,,,64.86,,,,,,64.86,,,EN,2025-12-04T11:00:00.000Z
GHED_CHE_pc_US_SHA2011,Current health expenditure (CHE) per capita in US$,numeric,EMR,Eastern Mediterranean,Country,LBN,Lebanon,Year,2016,false,,,,,,,,,,,,,641,,,,,,640.97,,,EN,2025-12-04T11:00:00.000Z
GHED_CHE_pc_US_SHA2011,Current health expenditure (CHE) per capita in US$,numeric,AFR,Africa,Country,LBR,Liberia,Year,2016,false,,,,,,,,,,,,,67.68,,,,,,67.68,,,EN,2025-12-04T11:00:00.000Z
GHED_CHE_pc_US_SHA2011,Current health expenditure (CHE) per capita in US$,numeric,AFR,Africa,Country,SYC,Seychelles,Year,2016,false,,,,,,,,,,,,,673.2,,,,,,673.20,,,EN,2025-12-04T11:00:00.000Z
GHED_CHE_pc_US_SHA2011,Current health expenditure (CHE) per capita in US$,numeric,WPR,Western Pacific,Country,BRN,Brunei Darussalam,Year,2016,false,,,,,,,,,,,,,679.5,,,,,,679.47,,,EN,2025-12-04T11:00:00.000Z
GHED_CHE_pc_US_SHA2011,Current health expenditure (CHE) per capita in US$,numeric,EMR,Eastern Mediterranean,Country,DJI,Djibouti,Year,2016,false,,,,,,,,,,,,,68.83,,,,,,68.83,,,EN,2025-12-04T11:00:00.000Z
GHED_CHE_pc_US_SHA2011,Current health expenditure (CHE) per capita in US$,numeric,WPR,Western Pacific,Country,TUV,Tuvalu,Year,2016,false,,,,,,,,,,,,,698,,,,,,698.00,,,EN,2025-12-04T11:00:00.000Z
GHED_CHE_pc_US_SHA2011,Current health expenditure (CHE) per capita in US$,numeric,EUR,Europe,Country,KGZ,Kyrgyzstan,Year,2016,false,,,,,,,,,,,,,71.52,,,,,,71.52,,,EN,2025-12-04T11:00:00.000Z
GHED_CHE_pc_US_SHA2011,Current health expenditure (CHE) per capita in US$,numeric,EMR,Eastern Mediterranean,Country,OMN,Oman,Year,2016,false,,,,,,,,,,,,,714.5,,,,,,714.49,,,EN,2025-12-04T11:00:00.000Z
GHED_CHE_pc_US_SHA2011,Current health expenditure (CHE) per capita in US$,numeric,EUR,Europe,Country,MCO,Monaco,Year,2016,false,,,,,,,,,,,,,7158,,,,,,7157.93,,,EN,2025-12-04T11:00:00.000Z
GHED_CHE_pc_US_SHA2011,Current health expenditure (CHE) per capita in US$,numeric,AFR,Africa,Country,KEN,Kenya,Year,2016,false,,,,,,,,,,,,,73.89,,,,,,73.89,,,EN,2025-12-04T11:00:00.000Z
GHED_CHE_pc_US_SHA2011,Current health expenditure (CHE) per capita in US$,numeric,EUR,Europe,Country,NOR,Norway,Year,2016,false,,,,,,,,,,,,,7492,,,,,,7492.08,,,EN,2025-12-04T11:00:00.000Z
GHED_CHE_pc_US_SHA2011,Current health expenditure (CHE) per capita in US$,numeric,EMR,Eastern Mediterranean,Country,YEM,Yemen,Year,2016,false,,,,,,,,,,,,,75.22,,,,,,75.22,,,EN,2025-12-04T11:00:00.000Z
GHED_CHE_pc_US_SHA2011,Current health expenditure (CHE) per capita in US$,numeric,WPR,Western Pacific,Country,KHM,Cambodia,Year,2016,false,,,,,,,,,,,,,75.23,,,,,,75.23,,,EN,2025-12-04T11:00:00.000Z
GHED_CHE_pc_US_SHA2011,Current health expenditure (CHE) per capita in US$,numeric,AFR,Africa,Country,NGA,Nigeria,Year,2016,false,,,,,,,,,,,,,75.52,,,,,,75.52,,,EN,2025-12-04T11:00:00.000Z
GHED_CHE_pc_US_SHA2011,Current health expenditure (CHE) per capita in US$,numeric,AMR,Americas,Country,BRA,Brazil,Year,2016,false,,,,,,,,,,,,,810.2,,,,,,810.20,,,EN,2025-12-04T11:00:00.000Z
GHED_CHE_pc_US_SHA2011,Current health expenditure (CHE) per capita in US$,numeric,EUR,Europe,Country,POL,Poland,Year,2016,false,,,,,,,,,,,,,816.1,,,,,,816.09,,,EN,2025-12-04T11:00:00.000Z
GHED_CHE_pc_US_SHA2011,Current health expenditure (CHE) per capita in US$,numeric,AMR,Americas,Country,ATG,Antigua and Barbuda,Year,2016,false,,,,,,,,,,,,,817.9,,,,,,817.89,,,EN,2025-12-04T11:00:00.000Z
GHED_CHE_pc_US_SHA2011,Current health expenditure (CHE) per capita in US$,numeric,AFR,Africa,Country,SLE,Sierra Leone,Year,2016,false,,,,,,,,,,,,,84.22,,,,,,84.22,,,EN,2025-12-04T11:00:00.000Z
GHED_CHE_pc_US_SHA2011,Current health expenditure (CHE) per capita in US$,numeric,EUR,Europe,Country,HRV,Croatia,Year,2016,false,,,,,,,,,,,,,851.9,,,,,,851.92,,,EN,2025-12-04T11:00:00.000Z
GHED_CHE_pc_US_SHA2011,Current health expenditure (CHE) per capita in US$,numeric,EUR,Europe,Country,LVA,Latvia,Year,2016,false,,,,,,,,,,,,,874.8,,,,,,874.80,,,EN,2025-12-04T11:00:00.000Z
GHED_CHE_pc_US_SHA2011,Current health expenditure (CHE) per capita in US$,numeric,WPR,Western Pacific,Country,VUT,Vanuatu,Year,2016,false,,,,,,,,,,,,,88.36,,,,,,88.36,,,EN,2025-12-04T11:00:00.000Z
GHED_CHE_pc_US_SHA2011,Current health expenditure (CHE) per capita in US$,numeric,AMR,Americas,Country,CRI,Costa Rica,Year,2016,false,,,,,,,,,,,,,884.7,,,,,,884.73,,,EN,2025-12-04T11:00:00.000Z
GHED_CHE_pc_US_SHA2011,Current health expenditure (CHE) per capita in US$,numeric,EMR,Eastern Mediterranean,Country,SDN,Sudan,Year,2016,false,,,,,,,,,,,,,89.4,,,,,,89.40,,,EN,2025-12-04T11:00:00.000Z
GHED_CHE_pc_US_SHA2011,Current health expenditure (CHE) per capita in US$,numeric,AFR,Africa,Country,LSO,Lesotho,Year,2016,false,,,,,,,,,,,,,91.01,,,,,,91.01,,,EN,2025-12-04T11:00:00.000Z
GHED_CHE_pc_US_SHA2011,Current health expenditure (CHE) per capita in US$,numeric,EUR,Europe,Country,HUN,Hungary,Year,2016,false,,,,,,,,,,,,,918.9,,,,,,918.95,,,EN,2025-12-04T11:00:00.000Z
GHED_CHE_pc_US_SHA2011,Current health expenditure (CHE) per capita in US$,numeric,SEAR,South-East Asia,Country,TLS,Timor-Leste,Year,2016,false,,,,,,,,,,,,,92.69,,,,,,92.69,,,EN,2025-12-04T11:00:00.000Z
GHED_CHE_pc_US_SHA2011,Current health expenditure (CHE) per capita in US$,numeric,EUR,Europe,Country,CHE,Switzerland,Year,2016,false,,,,,,,,,,,,,9201,,,,,,9201.47,,,EN,2025-12-04T11:00:00.000Z
GHED_CHE_pc_US_SHA2011,Current health expenditure (CHE) per capita in US$,numeric,AFR,Africa,Country,AGO,Angola,Year,2016,false,,,,,,,,,,,,,94.01,,,,,,94.01,,,EN,2025-12-04T11:00:00.000Z
GHED_CHE_pc_US_SHA2011,Current health expenditure (CHE) per capita in US$,numeric,WPR,Western Pacific,Country,SLB,Solomon Islands,Year,2016,false,,,,,,,,,,,,,94.33,,,,,,94.33,,,EN,2025-12-04T11:00:00.000Z
GHED_CHE_pc_US_SHA2011,Current health expenditure (CHE) per capita in US$,numeric,AMR,Americas,Country,USA,United States of America,Year,2016,false,,,,,,,,,,,,,9536,,,,,,9535.60,,,EN,2025-12-04T11:00:00.000Z
GHED_CHE_pc_US_SHA2011,Current health expenditure (CHE) per capita in US$,numeric,SEAR,South-East Asia,Country,BTN,Bhutan,Year,2016,false,,,,,,,,,,,,,97.43,,,,,,97.43,,,EN,2025-12-04T11:00:00.000Z
GHED_CHE_pc_US_SHA2011,Current health expenditure (CHE) per capita in US$,numeric,EUR,Europe,Country,LIE,Liechtenstein,Year,2016,false,,,,,,,,,,,,,9704,,,,,,9703.76,,,EN,2025-12-04T11:00:00.000Z
GHED_CHE_pc_US_SHA2011,Current health expenditure (CHE) per capita in US$,numeric,WPR,Western Pacific,Country,NRU,Naoero,Year,2016,false,,,,,,,,,,,,,978.5,,,,,,978.48,,,EN,2025-12-04T11:00:00.000Z
GHED_CHE_pc_US_SHA2011,Current health expenditure (CHE) per capita in US$,numeric,EUR,Europe,Country,LTU,Lithuania,Year,2016,false,,,,,,,,,,,,,986.1,,,,,,986.13,,,EN,2025-12-04T11:00:00.000Z
GHED_CHE_pc_US_SHA2011,Current health expenditure (CHE) per capita in US$,numeric,AMR,Americas,Country,CUB,Cuba,Year,2016,false,,,,,,,,,,,,,990.9,,,,,,990.92,,,EN,2025-12-04T11:00:00.000Z
GHED_CHE_pc_US_SHA2011,Current health expenditure (CHE) per capita in US$,numeric,SEAR,South-East Asia,Country,TLS,Timor-Leste,Year,2015,false,,,,,,,,,,,,,101.5,,,,,,101.48,,,EN,2025-12-04T11:00:00.000Z
GHED_CHE_pc_US_SHA2011,Current health expenditure (CHE) per capita in US$,numeric,AFR,Africa,Country,ZWE,Zimbabwe,Year,2015,false,,,,,,,,,,,,,103.3,,,,,,103.32,,,EN,2025-12-04T11:00:00.000Z
GHED_CHE_pc_US_SHA2011,Current health expenditure (CHE) per capita in US$,numeric,AFR,Africa,Country,LSO,Lesotho,Year,2015,false,,,,,,,,,,,,,104.6,,,,,,104.60,,,EN,2025-12-04T11:00:00.000Z
GHED_CHE_pc_US_SHA2011,Current health expenditure (CHE) per capita in US$,numeric,AMR,Americas,Country,KNA,Saint Kitts and Nevis,Year,2015,false,,,,,,,,,,,,,1042,,,,,,1042.15,,,EN,2025-12-04T11:00:00.000Z
GHED_CHE_pc_US_SHA2011,Current health expenditure (CHE) per capita in US$,numeric,AMR,Americas,Country,TTO,Trinidad and Tobago,Year,2015,false,,,,,,,,,,,,,1062,,,,,,1061.59,,,EN,2025-12-04T11:00:00.000Z
GHED_CHE_pc_US_SHA2011,Current health expenditure (CHE) per capita in US$,numeric,AFR,Africa,Country,AGO,Angola,Year,2015,false,,,,,,,,,,,,,107.5,,,,,,107.53,,,EN,2025-12-04T11:00:00.000Z
GHED_CHE_pc_US_SHA2011,Current health expenditure (CHE) per capita in US$,numeric,EUR,Europe,Country,SVK,Slovakia,Year,2015,false,,,,,,,,,,,,,1109,,,,,,1108.88,,,EN,2025-12-04T11:00:00.000Z
GHED_CHE_pc_US_SHA2011,Current health expenditure (CHE) per capita in US$,numeric,AMR,Americas,Country,CHL,Chile,Year,2015,false,,,,,,,,,,,,,1122,,,,,,1122.13,,,EN,2025-12-04T11:00:00.000Z
GHED_CHE_pc_US_SHA2011,Current health expenditure (CHE) per capita in US$,numeric,EMR,Eastern Mediterranean,Country,BHR,Bahrain,Year,2015,false,,,,,,,,,,,,,1128,,,,,,1128.24,,,EN,2025-12-04T11:00:00.000Z
GHED_CHE_pc_US_SHA2011,Current health expenditure (CHE) per capita in US$,numeric,WPR,Western Pacific,Country,PHL,Philippines,Year,2015,false,,,,,,,,,,,,,113.4,,,,,,113.43,,,EN,2025-12-04T11:00:00.000Z
GHED_CHE_pc_US_SHA2011,Current health expenditure (CHE) per capita in US$,numeric,WPR,Western Pacific,Country,NIU,Niue,Year,2015,false,,,,,,,,,,,,,1148,,,,,,1147.73,,,EN,2025-12-04T11:00:00.000Z
GHED_CHE_pc_US_SHA2011,Current health expenditure (CHE) per capita in US$,numeric,AMR,Americas,Country,BRB,Barbados,Year,2015,false,,,,,,,,,,,,,1155,,,,,,1154.63,,,EN,2025-12-04T11:00:00.000Z
GHED_CHE_pc_US_SHA2011,Current health expenditure (CHE) per capita in US$,numeric,EUR,Europe,Country,EST,Estonia,Year,2015,false,,,,,,,,,,,,,1156,,,,,,1156.20,,,EN,2025-12-04T11:00:00.000Z
GHED_CHE_pc_US_SHA2011,Current health expenditure (CHE) per capita in US$,numeric,WPR,Western Pacific,Country,KIR,Kiribati,Year,2015,false,,,,,,,,,,,,,118.3,,,,,,118.33,,,EN,2025-12-04T11:00:00.000Z
GHED_CHE_pc_US_SHA2011,Current health expenditure (CHE) per capita in US$,numeric,AFR,Africa,Country,SLE,Sierra Leone,Year,2015,false,,,,,,,,,,,,,118.7,,,,,,118.66,,,EN,2025-12-04T11:00:00.000Z
GHED_CHE_pc_US_SHA2011,Current health expenditure (CHE) per capita in US$,numeric,WPR,Western Pacific,Country,VUT,Vanuatu,Year,2015,false,,,,,,,,,,,,,118.7,,,,,,118.72,,,EN,2025-12-04T11:00:00.000Z
GHED_CHE_pc_US_SHA2011,Current health expenditure (CHE) per capita in US$,numeric,WPR,Western Pacific,Country,VNM,Viet Nam,Year,2015,false,,,,,,,,,,,,,121.4,,,,,,121.44,,,EN,2025-12-04T11:00:00.000Z
GHED_CHE_pc_US_SHA2011,Current health expenditure (CHE) per capita in US$,numeric,EMR,Eastern Mediterranean,Country,KWT,Kuwait,Year,2015,false,,,,,,,,,,,,,1260,,,,,,1259.56,,,EN,2025-12-04T11:00:00.000Z
GHED_CHE_pc_US_SHA2011,Current health expenditure (CHE) per capita in US$,numeric,EUR,Europe,Country,CZE,Czechia,Year,2015,false,,,,,,,,,,,,,1309,,,,,,1308.80,,,EN,2025-12-04T11:00:00.000Z
GHED_CHE_pc_US_SHA2011,Current health expenditure (CHE) per capita in US$,numeric,EMR,Eastern Mediterranean,Country,SAU,Saudi Arabia,Year,2015,false,,,,,,,,,,,,,1309,,,,,,1309.27,,,EN,2025-12-04T11:00:00.000Z
GHED_CHE_pc_US_SHA2011,Current health expenditure (CHE) per capita in US$,numeric,EUR,Europe,Country,UZB,Uzbekistan,Year,2015,false,,,,,,,,,,,,,132.6,,,,,,132.61,,,EN,2025-12-04T11:00:00.000Z
GHED_CHE_pc_US_SHA2011,Current health expenditure (CHE) per capita in US$,numeric,EMR,Eastern Mediterranean,Country,SOM,Somalia,Year,2015,false,,,,,,,,,,,,,14.12,,,,,,14.12,,,EN,2025-12-04T11:00:00.000Z
GHED_CHE_pc_US_SHA2011,Current health expenditure (CHE) per capita in US$,numeric,AMR,Americas,Country,URY,Uruguay,Year,2015,false,,,,,,,,,,,,,1425,,,,,,1424.89,,,EN,2025-12-04T11:00:00.000Z
GHED_CHE_pc_US_SHA2011,Current health expenditure (CHE) per capita in US$,numeric,SEAR,South-East Asia,Country,LKA,Sri Lanka,Year,2015,false,,,,,,,,,,,,,144.3,,,,,,144.29,,,EN,2025-12-04T11:00:00.000Z
GHED_CHE_pc_US_SHA2011,Current health expenditure (CHE) per capita in US$,numeric,EMR,Eastern Mediterranean,Country,ARE,United Arab Emirates,Year,2015,false,,,,,,,,,,,,,1479,,,,,,1479.50,,,EN,2025-12-04T11:00:00.000Z
GHED_CHE_pc_US_SHA2011,Current health expenditure (CHE) per capita in US$,numeric,EUR,Europe,Country,GRC,Greece,Year,2015,false,,,,,,,,,,,,,1481,,,,,,1481.42,,,EN,2025-12-04T11:00:00.000Z
GHED_CHE_pc_US_SHA2011,Current health expenditure (CHE) per capita in US$,numeric,EMR,Eastern Mediterranean,Country,IRQ,Iraq,Year,2015,false,,,,,,,,,,,,,149.1,,,,,,149.08,,,EN,2025-12-04T11:00:00.000Z
GHED_CHE_pc_US_SHA2011,Current health expenditure (CHE) per capita in US$,numeric,AFR,Africa,Country,CPV,Cabo Verde,Year,2015,false,,,,,,,,,,,,,150.3,,,,,,150.29,,,EN,2025-12-04T11:00:00.000Z
GHED_CHE_pc_US_SHA2011,Current health expenditure (CHE) per capita in US$,numeric,AMR,Americas,Country,ARG,Argentina,Year,2015,false,,,,,,,,,,,,,1524,,,,,,1523.91,,,EN,2025-12-04T11:00:00.000Z
GHED_CHE_pc_US_SHA2011,Current health expenditure (CHE) per capita in US$,numeric,EUR,Europe,Country,UKR,Ukraine,Year,2015,false,,,,,,,,,,,,,154.8,,,,,,154.75,,,EN,2025-12-04T11:00:00.000Z
GHED_CHE_pc_US_SHA2011,Current health expenditure (CHE) per capita in US$,numeric,WPR,Western Pacific,Country,PLW,Palau,Year,2015,false,,,,,,,,,,,,,1555,,,,,,1554.91,,,EN,2025-12-04T11:00:00.000Z
GHED_CHE_pc_US_SHA2011,Current health expenditure (CHE) per capita in US$,numeric,EUR,Europe,Country,CYP,Cyprus,Year,2015,false,,,,,,,,,,,,,1571,,,,,,1570.55,,,EN,2025-12-04T11:00:00.000Z
GHED_CHE_pc_US_SHA2011,Current health expenditure (CHE) per capita in US$,numeric,AMR,Americas,Country,BHS,Bahamas,Year,2015,false,,,,,,,,,,,,,1589,,,,,,1588.58,,,EN,2025-12-04T11:00:00.000Z
GHED_CHE_pc_US_SHA2011,Current health expenditure (CHE) per capita in US$,numeric,EMR,Eastern Mediterranean,Country,MAR,Morocco,Year,2015,false,,,,,,,,,,,,,162.9,,,,,,162.85,,,EN,2025-12-04T11:00:00.000Z
GHED_CHE_pc_US_SHA2011,Current health expenditure (CHE) per capita in US$,numeric,WPR,Western Pacific,Country,MNG,Mongolia,Year,2015,false,,,,,,,,,,,,,165.2,,,,,,165.19,,,EN,2025-12-04T11:00:00.000Z
GHED_CHE_pc_US_SHA2011,Current health expenditure (CHE) per capita in US$,numeric,AMR,Americas,Country,NIC,Nicaragua,Year,2015,false,,,,,,,,,,,,,165.2,,,,,,165.19,,,EN,2025-12-04T11:00:00.000Z
GHED_CHE_pc_US_SHA2011,Current health expenditure (CHE) per capita in US$,numeric,WPR,Western Pacific,Country,FJI,Fiji,Year,2015,false,,,,,,,,,,,,,169.5,,,,,,169.48,,,EN,2025-12-04T11:00:00.000Z
GHED_CHE_pc_US_SHA2011,Current health expenditure (CHE) per capita in US$,numeric,AMR,Americas,Country,HND,Honduras,Year,2015,false,,,,,,,,,,,,,170,,,,,,169.97,,,EN,2025-12-04T11:00:00.000Z
GHED_CHE_pc_US_SHA2011,Current health expenditure (CHE) per capita in US$,numeric,AFR,Africa,Country,BDI,Burundi,Year,2015,false,,,,,,,,,,,,,17.68,,,,,,17.68,,,EN,2025-12-04T11:00:00.000Z
GHED_CHE_pc_US_SHA2011,Current health expenditure (CHE) per capita in US$,numeric,EMR,Eastern Mediterranean,Country,EGY,Egypt,Year,2015,false,,,,,,,,,,,,,170.3,,,,,,170.26,,,EN,2025-12-04T11:00:00.000Z
GHED_CHE_pc_US_SHA2011,Current health expenditure (CHE) per capita in US$,numeric,EUR,Europe,Country,SVN,Slovenia,Year,2015,false,,,,,,,,,,,,,1776,,,,,,1775.86,,,EN,2025-12-04T11:00:00.000Z
GHED_CHE_pc_US_SHA2011,Current health expenditure (CHE) per capita in US$,numeric,EUR,Europe,Country,PRT,Portugal,Year,2015,false,,,,,,,,,,,,,1787,,,,,,1787.04,,,EN,2025-12-04T11:00:00.000Z
GHED_CHE_pc_US_SHA2011,Current health expenditure (CHE) per capita in US$,numeric,AFR,Africa,Country,CAF,Central African Republic,Year,2015,false,,,,,,,,,,,,,18.44,,,,,,18.44,,,EN,2025-12-04T11:00:00.000Z
GHED_CHE_pc_US_SHA2011,Current health expenditure (CHE) per capita in US$,numeric,AFR,Africa,Country,COD,Democratic Republic of the Congo,Year,2015,false,,,,,,,,,,,,,18.57,,,,,,18.57,,,EN,2025-12-04T11:00:00.000Z
GHED_CHE_pc_US_SHA2011,Current health expenditure (CHE) per capita in US$,numeric,WPR,Western Pacific,Country,TON,Tonga,Year,2015,false,,,,,,,,,,,,,181.9,,,,,,181.91,,,EN,2025-12-04T11:00:00.000Z
GHED_CHE_pc_US_SHA2011,Current health expenditure (CHE) per capita in US$,numeric,EUR,Europe,Country,MDA,Republic of Moldova,Year,2015,false,,,,,,,,,,,,,186.4,,,,,,186.44,,,EN,2025-12-04T11:00:00.000Z
GHED_CHE_pc_US_SHA2011,Current health expenditure (CHE) per capita in US$,numeric,AFR,Africa,Country,GAB,Gabon,Year,2015,false,,,,,,,,,,,,,187.3,,,,,,187.27,,,EN,2025-12-04T11:00:00.000Z
GHED_CHE_pc_US_SHA2011,Current health expenditure (CHE) per capita in US$,numeric,AFR,Africa,Country,GMB,Gambia,Year,2015,false,,,,,,,,,,,,,19.68,,,,,,19.68,,,EN,2025-12-04T11:00:00.000Z
GHED_CHE_pc_US_SHA2011,Current health expenditure (CHE) per capita in US$,numeric,WPR,Western Pacific,Country,KOR,Republic of Korea,Year,2015,false,,,,,,,,,,,,,1951,,,,,,1950.90,,,EN,2025-12-04T11:00:00.000Z
GHED_CHE_pc_US_SHA2011,Current health expenditure (CHE) per capita in US$,numeric,AMR,Americas,Country,BOL,Bolivia (Plurinational State of),Year,2015,false,,,,,,,,,,,,,196.3,,,,,,196.26,,,EN,2025-12-04T11:00:00.000Z
GHED_CHE_pc_US_SHA2011,Current health expenditure (CHE) per capita in US$,numeric,SEAR,South-East Asia,Country,THA,Thailand,Year,2015,false,,,,,,,,,,,,,219.2,,,,,,219.15,,,EN,2025-12-04T11:00:00.000Z
GHED_CHE_pc_US_SHA2011,Current health expenditure (CHE) per capita in US$,numeric,AFR,Africa,Country,MDG,Madagascar,Year,2015,false,,,,,,,,,,,,,22.29,,,,,,22.29,,,EN,2025-12-04T11:00:00.000Z
GHED_CHE_pc_US_SHA2011,Current health expenditure (CHE) per capita in US$,numeric,AFR,Africa,Country,GNQ,Equatorial Guinea,Year,2015,false,,,,,,,,,,,,,222.8,,,,,,222.82,,,EN,2025-12-04T11:00:00.000Z
GHED_CHE_pc_US_SHA2011,Current health expenditure (CHE) per capita in US$,numeric,EUR,Europe,Country,MLT,Malta,Year,2015,false,,,,,,,,,,,,,2249,,,,,,2249.00,,,EN,2025-12-04T11:00:00.000Z
GHED_CHE_pc_US_SHA2011,Current health expenditure (CHE) per capita in US$,numeric,AMR,Americas,Country,GUY,Guyana,Year,2015,false,,,,,,,,,,,,,226.9,,,,,,226.89,,,EN,2025-12-04T11:00:00.000Z
GHED_CHE_pc_US_SHA2011,Current health expenditure (CHE) per capita in US$,numeric,AFR,Africa,Country,ETH,Ethiopia,Year,2015,false,,,,,,,,,,,,,23.22,,,,,,23.22,,,EN,2025-12-04T11:00:00.000Z
GHED_CHE_pc_US_SHA2011,Current health expenditure (CHE) per capita in US$,numeric,WPR,Western Pacific,Country,WSM,Samoa,Year,2015,false,,,,,,,,,,,,,232.5,,,,,,232.50,,,EN,2025-12-04T11:00:00.000Z
GHED_CHE_pc_US_SHA2011,Current health expenditure (CHE) per capita in US$,numeric,AMR,Americas,Country,GTM,Guatemala,Year,2015,false,,,,,,,,,,,,,233.8,,,,,,233.84,,,EN,2025-12-04T11:00:00.000Z
GHED_CHE_pc_US_SHA2011,Current health expenditure (CHE) per capita in US$,numeric,WPR,Western Pacific,Country,SGP,Singapore,Year,2015,false,,,,,,,,,,,,,2330,,,,,,2330.40,,,EN,2025-12-04T11:00:00.000Z
GHED_CHE_pc_US_SHA2011,Current health expenditure (CHE) per capita in US$,numeric,EUR,Europe,Country,AZE,Azerbaijan,Year,2015,false,,,,,,,,,,,,,236.3,,,,,,236.26,,,EN,2025-12-04T11:00:00.000Z
GHED_CHE_pc_US_SHA2011,Current health expenditure (CHE) per capita in US$,numeric,EUR,Europe,Country,ESP,Spain,Year,2015,false,,,,,,,,,,,,,2384,,,,,,2383.85,,,EN,2025-12-04T11:00:00.000Z
GHED_CHE_pc_US_SHA2011,Current health expenditure (CHE) per capita in US$,numeric,EMR,Eastern Mediterranean,Country,QAT,Qatar,Year,2015,false,,,,,,,,,,,,,2423,,,,,,2422.64,,,EN,2025-12-04T11:00:00.000Z
GHED_CHE_pc_US_SHA2011,Current health expenditure (CHE) per capita in US$,numeric,EMR,Eastern Mediterranean,Country,TUN,Tunisia,Year,2015,false,,,,,,,,,,,,,249.5,,,,,,249.46,,,EN,2025-12-04T11:00:00.000Z
GHED_CHE_pc_US_SHA2011,Current health expenditure (CHE) per capita in US$,numeric,AFR,Africa,Country,NER,Niger,Year,2015,false,,,,,,,,,,,,,25.97,,,,,,25.97,,,EN,2025-12-04T11:00:00.000Z
GHED_CHE_pc_US_SHA2011,Current health expenditure (CHE) per capita in US$,numeric,AFR,Africa,Country,SWZ,Eswatini,Year,2015,false,,,,,,,,,,,,,250.7,,,,,,250.72,,,EN,2025-12-04T11:00:00.000Z
GHED_CHE_pc_US_SHA2011,Current health expenditure (CHE) per capita in US$,numeric,EUR,Europe,Country,ALB,Albania,Year,2015,false,,,,,,,,,,,,,253.9,,,,,,253.93,,,EN,2025-12-04T11:00:00.000Z
GHED_CHE_pc_US_SHA2011,Current health expenditure (CHE) per capita in US$,numeric,EUR,Europe,Country,ISR,Israel,Year,2015,false,,,,,,,,,,,,,2646,,,,,,2645.79,,,EN,2025-12-04T11:00:00.000Z
GHED_CHE_pc_US_SHA2011,Current health expenditure (CHE) per capita in US$,numeric,EUR,Europe,Country,AND,Andorra,Year,2015,false,,,,,,,,,,,,,2672,,,,,,2672.50,,,EN,2025-12-04T11:00:00.000Z
GHED_CHE_pc_US_SHA2011,Current health expenditure (CHE) per capita in US$,numeric,AFR,Africa,Country,BEN,Benin,Year,2015,false,,,,,,,,,,,,,27.35,,,,,,27.35,,,EN,2025-12-04T11:00:00.000Z
GHED_CHE_pc_US_SHA2011,Current health expenditure (CHE) per capita in US$,numeric,EUR,Europe,Country,ITA,Italy,Year,2015,false,,,,,,,,,,,,,2707,,,,,,2707.43,,,EN,2025-12-04T11:00:00.000Z
GHED_CHE_pc_US_SHA2011,Current health expenditure (CHE) per capita in US$,numeric,AFR,Africa,Country,MLI,Mali,Year,2015,false,,,,,,,,,,,,,28.98,,,,,,28.98,,,EN,2025-12-04T11:00:00.000Z
GHED_CHE_pc_US_SHA2011,Current health expenditure (CHE) per capita in US$,numeric,AMR,Americas,Country,BLZ,Belize,Year,2015,false,,,,,,,,,,,,,286.8,,,,,,286.79,,,EN,2025-12-04T11:00:00.000Z
GHED_CHE_pc_US_SHA2011,Current health expenditure (CHE) per capita in US$,numeric,EMR,Eastern Mediterranean,Country,PSE,"occupied Palestinian territory, including east Jerusalem",Year,2015,false,,,,,,,,,,,,,286.9,,,,,,286.91,,,EN,2025-12-04T11:00:00.000Z
GHED_CHE_pc_US_SHA2011,Current health expenditure (CHE) per capita in US$,numeric,AFR,Africa,Country,ERI,Eritrea,Year,2015,false,,,,,,,,,,,,,29.22,,,,,,29.22,,,EN,2025-12-04T11:00:00.000Z
GHED_CHE_pc_US_SHA2011,Current health expenditure (CHE) per capita in US$,numeric,AFR,Africa,Country,DZA,Algeria,Year,2015,false,,,,,,,,,,,,,296.8,,,,,,296.77,,,EN,2025-12-04T11:00:00.000Z
GHED_CHE_pc_US_SHA2011,Current health expenditure (CHE) per capita in US$,numeric,EMR,Eastern Mediterranean,Country,JOR,Jordan,Year,2015,false,,,,,,,,,,,,,301.6,,,,,,301.63,,,EN,2025-12-04T11:00:00.000Z
GHED_CHE_pc_US_SHA2011,Current health expenditure (CHE) per capita in US$,numeric,AMR,Americas,Country,VCT,Saint Vincent and the Grenadines,Year,2015,false,,,,,,,,,,,,,302.6,,,,,,302.58,,,EN,2025-12-04T11:00:00.000Z
GHED_CHE_pc_US_SHA2011,Current health expenditure (CHE) per capita in US$,numeric,EUR,Europe,Country,KAZ,Kazakhstan,Year,2015,false,,,,,,,,,,,,,310,,,,,,310.01,,,EN,2025-12-04T11:00:00.000Z
GHED_CHE_pc_US_SHA2011,Current health expenditure (CHE) per capita in US$,numeric,AMR,Americas,Country,PER,Peru,Year,2015,false,,,,,,,,,,,,,310.6,,,,,,310.61,,,EN,2025-12-04T11:00:00.000Z
GHED_CHE_pc_US_SHA2011,Current health expenditure (CHE) per capita in US$,numeric,AFR,Africa,Country,BFA,Burkina Faso,Year,2015,false,,,,,,,,,,,,,32.34,,,,,,32.34,,,EN,2025-12-04T11:00:00.000Z
GHED_CHE_pc_US_SHA2011,Current health expenditure (CHE) per capita in US$,numeric,AMR,Americas,Country,DOM,Dominican Republic,Year,2015,false,,,,,,,,,,,,,322,,,,,,322.05,,,EN,2025-12-04T11:00:00.000Z
GHED_CHE_pc_US_SHA2011,Current health expenditure (CHE) per capita in US$,numeric,EUR,Europe,Country,MKD,North Macedonia,Year,2015,false,,,,,,,,,,,,,322.3,,,,,,322.25,,,EN,2025-12-04T11:00:00.000Z
GHED_CHE_pc_US_SHA2011,Current health expenditure (CHE) per capita in US$,numeric,SEAR,South-East Asia,Country,BGD,Bangladesh,Year,2015,false,,,,,,,,,,,,,33.21,,,,,,33.21,,,EN,2025-12-04T11:00:00.000Z
GHED_CHE_pc_US_SHA2011,Current health expenditure (CHE) per capita in US$,numeric,AFR,Africa,Country,TZA,United Republic of Tanzania,Year,2015,false,,,,,,,,,,,,,33.27,,,,,,33.27,,,EN,2025-12-04T11:00:00.000Z
GHED_CHE_pc_US_SHA2011,Current health expenditure (CHE) per capita in US$,numeric,AFR,Africa,Country,TCD,Chad,Year,2015,false,,,,,,,,,,,,,33.82,,,,,,33.82,,,EN,2025-12-04T11:00:00.000Z
GHED_CHE_pc_US_SHA2011,Current health expenditure (CHE) per capita in US$,numeric,EMR,Eastern Mediterranean,Country,PAK,Pakistan,Year,2015,false,,,,,,,,,,,,,33.99,,,,,,33.99,,,EN,2025-12-04T11:00:00.000Z
GHED_CHE_pc_US_SHA2011,Current health expenditure (CHE) per capita in US$,numeric,AMR,Americas,Country,SLV,El Salvador,Year,2015,false,,,,,,,,,,,,,332,,,,,,331.97,,,EN,2025-12-04T11:00:00.000Z
GHED_CHE_pc_US_SHA2011,Current health expenditure (CHE) per capita in US$,numeric,AMR,Americas,Country,JAM,Jamaica,Year,2015,false,,,,,,,,,,,,,334.9,,,,,,334.90,,,EN,2025-12-04T11:00:00.000Z
GHED_CHE_pc_US_SHA2011,Current health expenditure (CHE) per capita in US$,numeric,AFR,Africa,Country,MWI,Malawi,Year,2015,false,,,,,,,,,,,,,34.97,,,,,,34.97,,,EN,2025-12-04T11:00:00.000Z
GHED_CHE_pc_US_SHA2011,Current health expenditure (CHE) per capita in US$,numeric,WPR,Western Pacific,Country,NZL,New Zealand,Year,2015,false,,,,,,,,,,,,,3434,,,,,,3433.60,,,EN,2025-12-04T11:00:00.000Z
GHED_CHE_pc_US_SHA2011,Current health expenditure (CHE) per capita in US$,numeric,EUR,Europe,Country,GEO,Georgia,Year,2015,false,,,,,,,,,,,,,347.7,,,,,,347.72,,,EN,2025-12-04T11:00:00.000Z
GHED_CHE_pc_US_SHA2011,Current health expenditure (CHE) per capita in US$,numeric,EUR,Europe,Country,SMR,San Marino,Year,2015,false,,,,,,,,,,,,,3530,,,,,,3530.05,,,EN,2025-12-04T11:00:00.000Z
GHED_CHE_pc_US_SHA2011,Current health expenditure (CHE) per capita in US$,numeric,EUR,Europe,Country,BLR,Belarus,Year,2015,false,,,,,,,,,,,,,360.9,,,,,,360.92,,,EN,2025-12-04T11:00:00.000Z
GHED_CHE_pc_US_SHA2011,Current health expenditure (CHE) per capita in US$,numeric,WPR,Western Pacific,Country,FSM,Micronesia (Federated States of),Year,2015,false,,,,,,,,,,,,,362.3,,,,,,362.28,,,EN,2025-12-04T11:00:00.000Z
GHED_CHE_pc_US_SHA2011,Current health expenditure (CHE) per capita in US$,numeric,EUR,Europe,Country,TKM,Turkmenistan,Year,2015,false,,,,,,,,,,,,,362.7,,,,,,362.73,,,EN,2025-12-04T11:00:00.000Z
GHED_CHE_pc_US_SHA2011,Current health expenditure (CHE) per capita in US$,numeric,EUR,Europe,Country,ARM,Armenia,Year,2015,false,,,,,,,,,,,,,365.5,,,,,,365.52,,,EN,2025-12-04T11:00:00.000Z
GHED_CHE_pc_US_SHA2011,Current health expenditure (CHE) per capita in US$,numeric,WPR,Western Pacific,Country,MYS,Malaysia,Year,2015,false,,,,,,,,,,,,,368.8,,,,,,368.77,,,EN,2025-12-04T11:00:00.000Z
GHED_CHE_pc_US_SHA2011,Current health expenditure (CHE) per capita in US$,numeric,AFR,Africa,Country,BWA,Botswana,Year,2015,false,,,,,,,,,,,,,374.8,,,,,,374.79,,,EN,2025-12-04T11:00:00.000Z
GHED_CHE_pc_US_SHA2011,Current health expenditure (CHE) per capita in US$,numeric,WPR,Western Pacific,Country,JPN,Japan,Year,2015,false,,,,,,,,,,,,,3754,,,,,,3754.18,,,EN,2025-12-04T11:00:00.000Z
GHED_CHE_pc_US_SHA2011,Current health expenditure (CHE) per capita in US$,numeric,EMR,Eastern Mediterranean,Country,SYR,Syrian Arab Republic,Year,2015,false,,,,,,,,,,,,,38.18,,,,,,38.18,,,EN,2025-12-04T11:00:00.000Z
GHED_CHE_pc_US_SHA2011,Current health expenditure (CHE) per capita in US$,numeric,WPR,Western Pacific,Country,CHN,China,Year,2015,false,,,,,,,,,,,,,393.1,,,,,,393.10,,,EN,2025-12-04T11:00:00.000Z
GHED_CHE_pc_US_SHA2011,Current health expenditure (CHE) per capita in US$,numeric,AMR,Americas,Country,PRY,Paraguay,Year,2015,false,,,,,,,,,,,,,393.4,,,,,,393.42,,,EN,2025-12-04T11:00:00.000Z
GHED_CHE_pc_US_SHA2011,Current health expenditure (CHE) per capita in US$,numeric,AMR,Americas,Country,DMA,Dominica,Year,2015,false,,,,,,,,,,,,,396.2,,,,,,396.24,,,EN,2025-12-04T11:00:00.000Z
GHED_CHE_pc_US_SHA2011,Current health expenditure (CHE) per capita in US$,numeric,AFR,Africa,Country,UGA,Uganda,Year,2015,false,,,,,,,,,,,,,40.1,,,,,,40.10,,,EN,2025-12-04T11:00:00.000Z
GHED_CHE_pc_US_SHA2011,Current health expenditure (CHE) per capita in US$,numeric,AFR,Africa,Country,MOZ,Mozambique,Year,2015,false,,,,,,,,,,,,,40.36,,,,,,40.36,,,EN,2025-12-04T11:00:00.000Z
GHED_CHE_pc_US_SHA2011,Current health expenditure (CHE) per capita in US$,numeric,AMR,Americas,Country,GRD,Grenada,Year,2015,false,,,,,,,,,,,,,404,,,,,,404.01,,,EN,2025-12-04T11:00:00.000Z
GHED_CHE_pc_US_SHA2011,Current health expenditure (CHE) per capita in US$,numeric,EUR,Europe,Country,FIN,Finland,Year,2015,false,,,,,,,,,,,,,4128,,,,,,4128.21,,,EN,2025-12-04T11:00:00.000Z
GHED_CHE_pc_US_SHA2011,Current health expenditure (CHE) per capita in US$,numeric,EUR,Europe,Country,FRA,France,Year,2015,false,,,,,,,,,,,,,4227,,,,,,4226.63,,,EN,2025-12-04T11:00:00.000Z
GHED_CHE_pc_US_SHA2011,Current health expenditure (CHE) per capita in US$,numeric,EMR,Eastern Mediterranean,Country,IRN,Iran (Islamic Republic of),Year,2015,false,,,,,,,,,,,,,423.3,,,,,,423.29,,,EN,2025-12-04T11:00:00.000Z
GHED_CHE_pc_US_SHA2011,Current health expenditure (CHE) per capita in US$,numeric,AFR,Africa,Country,GIN,Guinea,Year,2015,false,,,,,,,,,,,,,43.42,,,,,,43.42,,,EN,2025-12-04T11:00:00.000Z
GHED_CHE_pc_US_SHA2011,Current health expenditure (CHE) per capita in US$,numeric,EUR,Europe,Country,BIH,Bosnia and Herzegovina,Year,2015,false,,,,,,,,,,,,,430.8,,,,,,430.83,,,EN,2025-12-04T11:00:00.000Z
GHED_CHE_pc_US_SHA2011,Current health expenditure (CHE) per capita in US$,numeric,EUR,Europe,Country,ISL,Iceland,Year,2015,false,,,,,,,,,,,,,4304,,,,,,4303.84,,,EN,2025-12-04T11:00:00.000Z
GHED_CHE_pc_US_SHA2011,Current health expenditure (CHE) per capita in US$,numeric,EMR,Eastern Mediterranean,Country,LBY,Libya,Year,2015,false,,,,,,,,,,,,,433.1,,,,,,433.07,,,EN,2025-12-04T11:00:00.000Z
GHED_CHE_pc_US_SHA2011,Current health expenditure (CHE) per capita in US$,numeric,EUR,Europe,Country,ROU,Romania,Year,2015,false,,,,,,,,,,,,,442.2,,,,,,442.24,,,EN,2025-12-04T11:00:00.000Z
GHED_CHE_pc_US_SHA2011,Current health expenditure (CHE) per capita in US$,numeric,EUR,Europe,Country,TUR,Türkiye,Year,2015,false,,,,,,,,,,,,,444.7,,,,,,444.71,,,EN,2025-12-04T11:00:00.000Z
GHED_CHE_pc_US_SHA2011,Current health expenditure (CHE) per capita in US$,numeric,EUR,Europe,Country,BEL,Belgium,Year,2015,false,,,,,,,,,,,,,4465,,,,,,4465.46,,,EN,2025-12-04T11:00:00.000Z
GHED_CHE_pc_US_SHA2011,Current health expenditure (CHE) per capita in US$,numeric,EUR,Europe,Country,GBR,United Kingdom of Great Britain and Northern Ireland,Year,2015,false,,,,,,,,,,,,,4470,,,,,,4470.09,,,EN,2025-12-04T11:00:00.000Z
GHED_CHE_pc_US_SHA2011,Current health expenditure (CHE) per capita in US$,numeric,WPR,Western Pacific,Country,PNG,Papua New Guinea,Year,2015,false,,,,,,,,,,,,,45.19,,,,,,45.19,,,EN,2025-12-04T11:00:00.000Z
GHED_CHE_pc_US_SHA2011,Current health expenditure (CHE) per capita in US$,numeric,WPR,Western Pacific,Country,TUV,Tuvalu,Year,2015,false,,,,,,,,,,,,,451.4,,,,,,451.35,,,EN,2025-12-04T11:00:00.000Z
GHED_CHE_pc_US_SHA2011,Current health expenditure (CHE) per capita in US$,numeric,EUR,Europe,Country,IRL,Ireland,Year,2015,false,,,,,,,,,,,,,4576,,,,,,4575.85,,,EN,2025-12-04T11:00:00.000Z
GHED_CHE_pc_US_SHA2011,Current health expenditure (CHE) per capita in US$,numeric,SEAR,South-East Asia,Country,NPL,Nepal,Year,2015,false,,,,,,,,,,,,,46.5,,,,,,46.50,,,EN,2025-12-04T11:00:00.000Z
GHED_CHE_pc_US_SHA2011,Current health expenditure (CHE) per capita in US$,numeric,EUR,Europe,Country,DEU,Germany,Year,2015,false,,,,,,,,,,,,,4606,,,,,,4605.59,,,EN,2025-12-04T11:00:00.000Z
GHED_CHE_pc_US_SHA2011,Current health expenditure (CHE) per capita in US$,numeric,AMR,Americas,Country,ECU,Ecuador,Year,2015,false,,,,,,,,,,,,,464.2,,,,,,464.22,,,EN,2025-12-04T11:00:00.000Z
GHED_CHE_pc_US_SHA2011,Current health expenditure (CHE) per capita in US$,numeric,EUR,Europe,Country,AUT,Austria,Year,2015,false,,,,,,,,,,,,,4650,,,,,,4649.60,,,EN,2025-12-04T11:00:00.000Z
GHED_CHE_pc_US_SHA2011,Current health expenditure (CHE) per capita in US$,numeric,AMR,Americas,Country,CAN,Canada,Year,2015,false,,,,,,,,,,,,,4659,,,,,,4658.84,,,EN,2025-12-04T11:00:00.000Z
GHED_CHE_pc_US_SHA2011,Current health expenditure (CHE) per capita in US$,numeric,EUR,Europe,Country,NLD,Netherlands (Kingdom of the),Year,2015,false,,,,,,,,,,,,,4677,,,,,,4676.56,,,EN,2025-12-04T11:00:00.000Z
GHED_CHE_pc_US_SHA2011,Current health expenditure (CHE) per capita in US$,numeric,AMR,Americas,Country,COL,Colombia,Year,2015,false,,,,,,,,,,,,,470.1,,,,,,470.10,,,EN,2025-12-04T11:00:00.000Z
GHED_CHE_pc_US_SHA2011,Current health expenditure (CHE) per capita in US$,numeric,AMR,Americas,Country,LCA,Saint Lucia,Year,2015,false,,,,,,,,,,,,,473.2,,,,,,473.24,,,EN,2025-12-04T11:00:00.000Z
GHED_CHE_pc_US_SHA2011,Current health expenditure (CHE) per capita in US$,numeric,AFR,Africa,Country,NAM,Namibia,Year,2015,false,,,,,,,,,,,,,476.5,,,,,,476.51,,,EN,2025-12-04T11:00:00.000Z
GHED_CHE_pc_US_SHA2011,Current health expenditure (CHE) per capita in US$,numeric,AFR,Africa,Country,RWA,Rwanda,Year,2015,false,,,,,,,,,,,,,48.81,,,,,,48.81,,,EN,2025-12-04T11:00:00.000Z
GHED_CHE_pc_US_SHA2011,Current health expenditure (CHE) per capita in US$,numeric,EUR,Europe,Country,SRB,Serbia,Year,2015,false,,,,,,,,,,,,,491.3,,,,,,491.25,,,EN,2025-12-04T11:00:00.000Z
GHED_CHE_pc_US_SHA2011,Current health expenditure (CHE) per capita in US$,numeric,AFR,Africa,Country,ZAF,South Africa,Year,2015,false,,,,,,,,,,,,,491.9,,,,,,491.91,,,EN,2025-12-04T11:00:00.000Z
GHED_CHE_pc_US_SHA2011,Current health expenditure (CHE) per capita in US$,numeric,EUR,Europe,Country,RUS,Russian Federation,Year,2015,false,,,,,,,,,,,,,496.9,,,,,,496.95,,,EN,2025-12-04T11:00:00.000Z
GHED_CHE_pc_US_SHA2011,Current health expenditure (CHE) per capita in US$,numeric,AFR,Africa,Country,TGO,Togo,Year,2015,false,,,,,,,,,,,,,50.85,,,,,,50.85,,,EN,2026-04-09T12:00:00.000Z
GHED_CHE_pc_US_SHA2011,Current health expenditure (CHE) per capita in US$,numeric,WPR,Western Pacific,Country,COK,Cook Islands,Year,2015,false,,,,,,,,,,,,,500.7,,,,,,500.73,,,EN,2025-12-04T11:00:00.000Z
GHED_CHE_pc_US_SHA2011,Current health expenditure (CHE) per capita in US$,numeric,AMR,Americas,Country,SUR,Suriname,Year,2015,false,,,,,,,,,,,,,511.9,,,,,,511.91,,,EN,2025-12-04T11:00:00.000Z
GHED_CHE_pc_US_SHA2011,Current health expenditure (CHE) per capita in US$,numeric,AFR,Africa,Country,MUS,Mauritius,Year,2015,false,,,,,,,,,,,,,515.7,,,,,,515.72,,,EN,2025-12-04T11:00:00.000Z
GHED_CHE_pc_US_SHA2011,Current health expenditure (CHE) per capita in US$,numeric,WPR,Western Pacific,Country,LAO,Lao People's Democratic Republic,Year,2015,false,,,,,,,,,,,,,52.04,,,,,,52.04,,,EN,2025-12-04T11:00:00.000Z
GHED_CHE_pc_US_SHA2011,Current health expenditure (CHE) per capita in US$,numeric,AFR,Africa,Country,GNB,Guinea-Bissau,Year,2015,false,,,,,,,,,,,,,52.46,,,,,,52.46,,,EN,2025-12-04T11:00:00.000Z
GHED_CHE_pc_US_SHA2011,Current health expenditure (CHE) per capita in US$,numeric,WPR,Western Pacific,Country,AUS,Australia,Year,2015,false,,,,,,,,,,,,,5272,,,,,,5271.93,,,EN,2025-12-04T11:00:00.000Z
GHED_CHE_pc_US_SHA2011,Current health expenditure (CHE) per capita in US$,numeric,AFR,Africa,Country,SEN,Senegal,Year,2015,false,,,,,,,,,,,,,53.32,,,,,,53.32,,,EN,2025-12-04T11:00:00.000Z
GHED_CHE_pc_US_SHA2011,Current health expenditure (CHE) per capita in US$,numeric,EUR,Europe,Country,BGR,Bulgaria,Year,2015,false,,,,,,,,,,,,,534.2,,,,,,534.21,,,EN,2025-12-04T11:00:00.000Z
GHED_CHE_pc_US_SHA2011,Current health expenditure (CHE) per capita in US$,numeric,EUR,Europe,Country,LUX,Luxembourg,Year,2015,false,,,,,,,,,,,,,5422,,,,,,5421.93,,,EN,2025-12-04T11:00:00.000Z
GHED_CHE_pc_US_SHA2011,Current health expenditure (CHE) per capita in US$,numeric,EUR,Europe,Country,DNK,Denmark,Year,2015,false,,,,,,,,,,,,,5509,,,,,,5508.53,,,EN,2025-12-04T11:00:00.000Z
GHED_CHE_pc_US_SHA2011,Current health expenditure (CHE) per capita in US$,numeric,AMR,Americas,Country,MEX,Mexico,Year,2015,false,,,,,,,,,,,,,553.9,,,,,,553.91,,,EN,2025-12-04T11:00:00.000Z
GHED_CHE_pc_US_SHA2011,Current health expenditure (CHE) per capita in US$,numeric,WPR,Western Pacific,Country,MHL,Marshall Islands,Year,2015,false,,,,,,,,,,,,,557.4,,,,,,557.35,,,EN,2025-12-04T11:00:00.000Z
GHED_CHE_pc_US_SHA2011,Current health expenditure (CHE) per capita in US$,numeric,EUR,Europe,Country,SWE,Sweden,Year,2015,false,,,,,,,,,,,,,5626,,,,,,5626.05,,,EN,2025-12-04T11:00:00.000Z
GHED_CHE_pc_US_SHA2011,Current health expenditure (CHE) per capita in US$,numeric,AFR,Africa,Country,SYC,Seychelles,Year,2015,false,,,,,,,,,,,,,567,,,,,,566.97,,,EN,2025-12-04T11:00:00.000Z
GHED_CHE_pc_US_SHA2011,Current health expenditure (CHE) per capita in US$,numeric,AFR,Africa,Country,MRT,Mauritania,Year,2015,false,,,,,,,,,,,,,57.12,,,,,,57.12,,,EN,2025-12-04T11:00:00.000Z
GHED_CHE_pc_US_SHA2011,Current health expenditure (CHE) per capita in US$,numeric,AFR,Africa,Country,COG,Congo,Year,2015,false,,,,,,,,,,,,,57.3,,,,,,57.30,,,EN,2025-12-04T11:00:00.000Z
GHED_CHE_pc_US_SHA2011,Current health expenditure (CHE) per capita in US$,numeric,AFR,Africa,Country,ZMB,Zambia,Year,2015,false,,,,,,,,,,,,,57.39,,,,,,57.39,,,EN,2025-12-04T11:00:00.000Z
GHED_CHE_pc_US_SHA2011,Current health expenditure (CHE) per capita in US$,numeric,EMR,Eastern Mediterranean,Country,LBN,Lebanon,Year,2015,false,,,,,,,,,,,,,572.1,,,,,,572.07,,,EN,2025-12-04T11:00:00.000Z
GHED_CHE_pc_US_SHA2011,Current health expenditure (CHE) per capita in US$,numeric,SEAR,South-East Asia,Country,IND,India,Year,2015,false,,,,,,,,,,,,,58.12,,,,,,58.12,,,EN,2025-12-04T11:00:00.000Z
GHED_CHE_pc_US_SHA2011,Current health expenditure (CHE) per capita in US$,numeric,AFR,Africa,Country,CMR,Cameroon,Year,2015,false,,,,,,,,,,,,,58.38,,,,,,58.38,,,EN,2025-12-04T11:00:00.000Z
GHED_CHE_pc_US_SHA2011,Current health expenditure (CHE) per capita in US$,numeric,AFR,Africa,Country,CIV,Cote d'Ivoire,Year,2015,false,,,,,,,,,,,,,58.43,,,,,,58.43,,,EN,2025-12-04T11:00:00.000Z
GHED_CHE_pc_US_SHA2011,Current health expenditure (CHE) per capita in US$,numeric,EUR,Europe,Country,MNE,Montenegro,Year,2015,false,,,,,,,,,,,,,582.2,,,,,,582.19,,,EN,2025-12-04T11:00:00.000Z
GHED_CHE_pc_US_SHA2011,Current health expenditure (CHE) per capita in US$,numeric,EMR,Eastern Mediterranean,Country,AFG,Afghanistan,Year,2015,false,,,,,,,,,,,,,59.92,,,,,,59.92,,,EN,2025-12-04T11:00:00.000Z
GHED_CHE_pc_US_SHA2011,Current health expenditure (CHE) per capita in US$,numeric,AFR,Africa,Country,COM,Comoros,Year,2015,false,,,,,,,,,,,,,61.16,,,,,,61.16,,,EN,2025-12-04T11:00:00.000Z
GHED_CHE_pc_US_SHA2011,Current health expenditure (CHE) per capita in US$,numeric,EUR,Europe,Country,TJK,Tajikistan,Year,2015,false,,,,,,,,,,,,,62.76,,,,,,62.76,,,EN,2025-12-04T11:00:00.000Z
GHED_CHE_pc_US_SHA2011,Current health expenditure (CHE) per capita in US$,numeric,SEAR,South-East Asia,Country,MMR,Myanmar,Year,2015,false,,,,,,,,,,,,,63.62,,,,,,63.62,,,EN,2025-12-04T11:00:00.000Z
GHED_CHE_pc_US_SHA2011,Current health expenditure (CHE) per capita in US$,numeric,AMR,Americas,Country,HTI,Haiti,Year,2015,false,,,,,,,,,,,,,68.51,,,,,,68.51,,,EN,2025-12-04T11:00:00.000Z
GHED_CHE_pc_US_SHA2011,Current health expenditure (CHE) per capita in US$,numeric,AFR,Africa,Country,LBR,Liberia,Year,2015,false,,,,,,,,,,,,,68.9,,,,,,68.90,,,EN,2025-12-04T11:00:00.000Z
GHED_CHE_pc_US_SHA2011,Current health expenditure (CHE) per capita in US$,numeric,WPR,Western Pacific,Country,KHM,Cambodia,Year,2015,false,,,,,,,,,,,,,70.23,,,,,,70.23,,,EN,2025-12-04T11:00:00.000Z
GHED_CHE_pc_US_SHA2011,Current health expenditure (CHE) per capita in US$,numeric,AFR,Africa,Country,KEN,Kenya,Year,2015,false,,,,,,,,,,,,,70.95,,,,,,70.95,,,EN,2025-12-04T11:00:00.000Z
GHED_CHE_pc_US_SHA2011,Current health expenditure (CHE) per capita in US$,numeric,WPR,Western Pacific,Country,BRN,Brunei Darussalam,Year,2015,false,,,,,,,,,,,,,731,,,,,,731.05,,,EN,2025-12-04T11:00:00.000Z
GHED_CHE_pc_US_SHA2011,Current health expenditure (CHE) per capita in US$,numeric,EUR,Europe,Country,MCO,Monaco,Year,2015,false,,,,,,,,,,,,,7354,,,,,,7354.13,,,EN,2025-12-04T11:00:00.000Z
GHED_CHE_pc_US_SHA2011,Current health expenditure (CHE) per capita in US$,numeric,EUR,Europe,Country,NOR,Norway,Year,2015,false,,,,,,,,,,,,,7567,,,,,,7566.56,,,EN,2025-12-04T11:00:00.000Z
GHED_CHE_pc_US_SHA2011,Current health expenditure (CHE) per capita in US$,numeric,EMR,Eastern Mediterranean,Country,OMN,Oman,Year,2015,false,,,,,,,,,,,,,767,,,,,,767.04,,,EN,2025-12-04T11:00:00.000Z
GHED_CHE_pc_US_SHA2011,Current health expenditure (CHE) per capita in US$,numeric,EUR,Europe,Country,LVA,Latvia,Year,2015,false,,,,,,,,,,,,,775.9,,,,,,775.86,,,EN,2025-12-04T11:00:00.000Z
GHED_CHE_pc_US_SHA2011,Current health expenditure (CHE) per capita in US$,numeric,AFR,Africa,Country,GHA,Ghana,Year,2015,false,,,,,,,,,,,,,78.22,,,,,,78.22,,,EN,2025-12-04T11:00:00.000Z
GHED_CHE_pc_US_SHA2011,Current health expenditure (CHE) per capita in US$,numeric,AMR,Americas,Country,ATG,Antigua and Barbuda,Year,2015,false,,,,,,,,,,,,,789.3,,,,,,789.31,,,EN,2025-12-04T11:00:00.000Z
GHED_CHE_pc_US_SHA2011,Current health expenditure (CHE) per capita in US$,numeric,EMR,Eastern Mediterranean,Country,DJI,Djibouti,Year,2015,false,,,,,,,,,,,,,79.54,,,,,,79.54,,,EN,2025-12-04T11:00:00.000Z
GHED_CHE_pc_US_SHA2011,Current health expenditure (CHE) per capita in US$,numeric,EUR,Europe,Country,KGZ,Kyrgyzstan,Year,2015,false,,,,,,,,,,,,,79.55,,,,,,79.55,,,EN,2025-12-04T11:00:00.000Z
GHED_CHE_pc_US_SHA2011,Current health expenditure (CHE) per capita in US$,numeric,AMR,Americas,Country,BRA,Brazil,Year,2015,false,,,,,,,,,,,,,796.2,,,,,,796.15,,,EN,2025-12-04T11:00:00.000Z
GHED_CHE_pc_US_SHA2011,Current health expenditure (CHE) per capita in US$,numeric,EUR,Europe,Country,HRV,Croatia,Year,2015,false,,,,,,,,,,,,,803.4,,,,,,803.42,,,EN,2025-12-04T11:00:00.000Z
GHED_CHE_pc_US_SHA2011,Current health expenditure (CHE) per capita in US$,numeric,EUR,Europe,Country,POL,Poland,Year,2015,false,,,,,,,,,,,,,804,,,,,,803.96,,,EN,2025-12-04T11:00:00.000Z
GHED_CHE_pc_US_SHA2011,Current health expenditure (CHE) per capita in US$,numeric,SEAR,South-East Asia,Country,MDV,Maldives,Year,2015,false,,,,,,,,,,,,,837.5,,,,,,837.47,,,EN,2025-12-04T11:00:00.000Z
GHED_CHE_pc_US_SHA2011,Current health expenditure (CHE) per capita in US$,numeric,AFR,Africa,Country,STP,Sao Tome and Principe,Year,2015,false,,,,,,,,,,,,,85.38,,,,,,85.38,,,EN,2025-12-04T11:00:00.000Z
GHED_CHE_pc_US_SHA2011,Current health expenditure (CHE) per capita in US$,numeric,EUR,Europe,Country,HUN,Hungary,Year,2015,false,,,,,,,,,,,,,874,,,,,,874.04,,,EN,2025-12-04T11:00:00.000Z
GHED_CHE_pc_US_SHA2011,Current health expenditure (CHE) per capita in US$,numeric,EMR,Eastern Mediterranean,Country,YEM,Yemen,Year,2015,false,,,,,,,,,,,,,88.41,,,,,,88.41,,,EN,2025-12-04T11:00:00.000Z
GHED_CHE_pc_US_SHA2011,Current health expenditure (CHE) per capita in US$,numeric,AMR,Americas,Country,CRI,Costa Rica,Year,2015,false,,,,,,,,,,,,,889.4,,,,,,889.38,,,EN,2025-12-04T11:00:00.000Z
GHED_CHE_pc_US_SHA2011,Current health expenditure (CHE) per capita in US$,numeric,WPR,Western Pacific,Country,SLB,Solomon Islands,Year,2015,false,,,,,,,,,,,,,91.09,,,,,,91.09,,,EN,2025-12-04T11:00:00.000Z
GHED_CHE_pc_US_SHA2011,Current health expenditure (CHE) per capita in US$,numeric,EUR,Europe,Country,LTU,Lithuania,Year,2015,false,,,,,,,,,,,,,918.5,,,,,,918.51,,,EN,2025-12-04T11:00:00.000Z
GHED_CHE_pc_US_SHA2011,Current health expenditure (CHE) per capita in US$,numeric,AFR,Africa,Country,NGA,Nigeria,Year,2015,false,,,,,,,,,,,,,92.91,,,,,,92.91,,,EN,2025-12-04T11:00:00.000Z
GHED_CHE_pc_US_SHA2011,Current health expenditure (CHE) per capita in US$,numeric,EUR,Europe,Country,CHE,Switzerland,Year,2015,false,,,,,,,,,,,,,9200,,,,,,9200.10,,,EN,2025-12-04T11:00:00.000Z
GHED_CHE_pc_US_SHA2011,Current health expenditure (CHE) per capita in US$,numeric,AMR,Americas,Country,USA,United States of America,Year,2015,false,,,,,,,,,,,,,9201,,,,,,9200.93,,,EN,2025-12-04T11:00:00.000Z
GHED_CHE_pc_US_SHA2011,Current health expenditure (CHE) per capita in US$,numeric,EMR,Eastern Mediterranean,Country,SDN,Sudan,Year,2015,false,,,,,,,,,,,,,93.7,,,,,,93.70,,,EN,2025-12-04T11:00:00.000Z
GHED_CHE_pc_US_SHA2011,Current health expenditure (CHE) per capita in US$,numeric,WPR,Western Pacific,Country,IDN,Indonesia,Year,2015,false,,,,,,,,,,,,,96.16,,,,,,96.16,,,EN,2025-12-04T11:00:00.000Z
GHED_CHE_pc_US_SHA2011,Current health expenditure (CHE) per capita in US$,numeric,SEAR,South-East Asia,Country,BTN,Bhutan,Year,2015,false,,,,,,,,,,,,,96.87,,,,,,96.87,,,EN,2025-12-04T11:00:00.000Z
GHED_CHE_pc_US_SHA2011,Current health expenditure (CHE) per capita in US$,numeric,EUR,Europe,Country,LIE,Liechtenstein,Year,2015,false,,,,,,,,,,,,,9640,,,,,,9639.75,,,EN,2026-01-11T11:00:00.000Z
GHED_CHE_pc_US_SHA2011,Current health expenditure (CHE) per capita in US$,numeric,WPR,Western Pacific,Country,NRU,Naoero,Year,2015,false,,,,,,,,,,,,,973.3,,,,,,973.31,,,EN,2025-12-04T11:00:00.000Z
GHED_CHE_pc_US_SHA2011,Current health expenditure (CHE) per capita in US$,numeric,AMR,Americas,Country,PAN,Panama,Year,2015,false,,,,,,,,,,,,,982.1,,,,,,982.07,,,EN,2025-12-04T11:00:00.000Z
GHED_CHE_pc_US_SHA2011,Current health expenditure (CHE) per capita in US$,numeric,AMR,Americas,Country,CUB,Cuba,Year,2015,false,,,,,,,,,,,,,991.1,,,,,,991.08,,,EN,2025-12-04T11:00:00.000Z
GHED_CHE_pc_US_SHA2011,Current health expenditure (CHE) per capita in US$,numeric,EUR,Europe,Country,HUN,Hungary,Year,2014,false,,,,,,,,,,,,,1009,,,,,,1008.93,,,EN,2025-12-04T11:00:00.000Z
GHED_CHE_pc_US_SHA2011,Current health expenditure (CHE) per capita in US$,numeric,EUR,Europe,Country,LIE,Liechtenstein,Year,2014,false,,,,,,,,,,,,,10097,,,,,,10096.85,,,EN,2026-01-11T11:00:00.000Z
GHED_CHE_pc_US_SHA2011,Current health expenditure (CHE) per capita in US$,numeric,AMR,Americas,Country,TTO,Trinidad and Tobago,Year,2014,false,,,,,,,,,,,,,1011,,,,,,1010.83,,,EN,2025-12-04T11:00:00.000Z
GHED_CHE_pc_US_SHA2011,Current health expenditure (CHE) per capita in US$,numeric,EUR,Europe,Country,LTU,Lithuania,Year,2014,false,,,,,,,,,,,,,1020,,,,,,1019.71,,,EN,2025-12-04T11:00:00.000Z
GHED_CHE_pc_US_SHA2011,Current health expenditure (CHE) per capita in US$,numeric,WPR,Western Pacific,Country,IDN,Indonesia,Year,2014,false,,,,,,,,,,,,,102,,,,,,102.00,,,EN,2025-12-04T11:00:00.000Z
GHED_CHE_pc_US_SHA2011,Current health expenditure (CHE) per capita in US$,numeric,AFR,Africa,Country,NGA,Nigeria,Year,2014,false,,,,,,,,,,,,,102.4,,,,,,102.40,,,EN,2025-12-04T11:00:00.000Z
GHED_CHE_pc_US_SHA2011,Current health expenditure (CHE) per capita in US$,numeric,AMR,Americas,Country,BRA,Brazil,Year,2014,false,,,,,,,,,,,,,1031,,,,,,1030.66,,,EN,2025-12-04T11:00:00.000Z
GHED_CHE_pc_US_SHA2011,Current health expenditure (CHE) per capita in US$,numeric,WPR,Western Pacific,Country,SLB,Solomon Islands,Year,2014,false,,,,,,,,,,,,,105.9,,,,,,105.85,,,EN,2025-12-04T11:00:00.000Z
GHED_CHE_pc_US_SHA2011,Current health expenditure (CHE) per capita in US$,numeric,WPR,Western Pacific,Country,PHL,Philippines,Year,2014,false,,,,,,,,,,,,,106.2,,,,,,106.16,,,EN,2025-12-04T11:00:00.000Z
GHED_CHE_pc_US_SHA2011,Current health expenditure (CHE) per capita in US$,numeric,WPR,Western Pacific,Country,VUT,Vanuatu,Year,2014,false,,,,,,,,,,,,,108.2,,,,,,108.23,,,EN,2025-12-04T11:00:00.000Z
GHED_CHE_pc_US_SHA2011,Current health expenditure (CHE) per capita in US$,numeric,AFR,Africa,Country,ZWE,Zimbabwe,Year,2014,false,,,,,,,,,,,,,111.6,,,,,,111.61,,,EN,2025-12-04T11:00:00.000Z
GHED_CHE_pc_US_SHA2011,Current health expenditure (CHE) per capita in US$,numeric,EMR,Eastern Mediterranean,Country,BHR,Bahrain,Year,2014,false,,,,,,,,,,,,,1122,,,,,,1122.16,,,EN,2025-12-04T11:00:00.000Z
GHED_CHE_pc_US_SHA2011,Current health expenditure (CHE) per capita in US$,numeric,AMR,Americas,Country,CHL,Chile,Year,2014,false,,,,,,,,,,,,,1139,,,,,,1138.66,,,EN,2025-12-04T11:00:00.000Z
GHED_CHE_pc_US_SHA2011,Current health expenditure (CHE) per capita in US$,numeric,AMR,Americas,Country,BRB,Barbados,Year,2014,false,,,,,,,,,,,,,1175,,,,,,1175.44,,,EN,2025-12-04T11:00:00.000Z
GHED_CHE_pc_US_SHA2011,Current health expenditure (CHE) per capita in US$,numeric,EUR,Europe,Country,UZB,Uzbekistan,Year,2014,false,,,,,,,,,,,,,118.4,,,,,,118.44,,,EN,2025-12-04T11:00:00.000Z
GHED_CHE_pc_US_SHA2011,Current health expenditure (CHE) per capita in US$,numeric,AFR,Africa,Country,STP,Sao Tome and Principe,Year,2014,false,,,,,,,,,,,,,118.7,,,,,,118.71,,,EN,2025-12-04T11:00:00.000Z
GHED_CHE_pc_US_SHA2011,Current health expenditure (CHE) per capita in US$,numeric,WPR,Western Pacific,Country,VNM,Viet Nam,Year,2014,false,,,,,,,,,,,,,119.4,,,,,,119.45,,,EN,2025-12-04T11:00:00.000Z
GHED_CHE_pc_US_SHA2011,Current health expenditure (CHE) per capita in US$,numeric,AFR,Africa,Country,LSO,Lesotho,Year,2014,false,,,,,,,,,,,,,121.2,,,,,,121.22,,,EN,2025-12-04T11:00:00.000Z
GHED_CHE_pc_US_SHA2011,Current health expenditure (CHE) per capita in US$,numeric,EUR,Europe,Country,EST,Estonia,Year,2014,false,,,,,,,,,,,,,1288,,,,,,1287.76,,,EN,2025-12-04T11:00:00.000Z
GHED_CHE_pc_US_SHA2011,Current health expenditure (CHE) per capita in US$,numeric,EUR,Europe,Country,SVK,Slovakia,Year,2014,false,,,,,,,,,,,,,1289,,,,,,1289.35,,,EN,2025-12-04T11:00:00.000Z
GHED_CHE_pc_US_SHA2011,Current health expenditure (CHE) per capita in US$,numeric,AMR,Americas,Country,ARG,Argentina,Year,2014,false,,,,,,,,,,,,,1291,,,,,,1291.32,,,EN,2025-12-04T11:00:00.000Z
GHED_CHE_pc_US_SHA2011,Current health expenditure (CHE) per capita in US$,numeric,EMR,Eastern Mediterranean,Country,KWT,Kuwait,Year,2014,false,,,,,,,,,,,,,1294,,,,,,1293.83,,,EN,2025-12-04T11:00:00.000Z
GHED_CHE_pc_US_SHA2011,Current health expenditure (CHE) per capita in US$,numeric,EMR,Eastern Mediterranean,Country,SOM,Somalia,Year,2014,false,,,,,,,,,,,,,13.15,,,,,,13.15,,,EN,2025-12-04T11:00:00.000Z
GHED_CHE_pc_US_SHA2011,Current health expenditure (CHE) per capita in US$,numeric,AFR,Africa,Country,AGO,Angola,Year,2014,false,,,,,,,,,,,,,130.6,,,,,,130.59,,,EN,2025-12-04T11:00:00.000Z
GHED_CHE_pc_US_SHA2011,Current health expenditure (CHE) per capita in US$,numeric,SEAR,South-East Asia,Country,LKA,Sri Lanka,Year,2014,false,,,,,,,,,,,,,132.8,,,,,,132.82,,,EN,2025-12-04T11:00:00.000Z
GHED_CHE_pc_US_SHA2011,Current health expenditure (CHE) per capita in US$,numeric,EMR,Eastern Mediterranean,Country,SAU,Saudi Arabia,Year,2014,false,,,,,,,,,,,,,1364,,,,,,1363.59,,,EN,2025-12-04T11:00:00.000Z
GHED_CHE_pc_US_SHA2011,Current health expenditure (CHE) per capita in US$,numeric,AFR,Africa,Country,SLE,Sierra Leone,Year,2014,false,,,,,,,,,,,,,143.6,,,,,,143.61,,,EN,2025-12-04T11:00:00.000Z
GHED_CHE_pc_US_SHA2011,Current health expenditure (CHE) per capita in US$,numeric,WPR,Western Pacific,Country,PLW,Palau,Year,2014,false,,,,,,,,,,,,,1481,,,,,,1481.36,,,EN,2025-12-04T11:00:00.000Z
GHED_CHE_pc_US_SHA2011,Current health expenditure (CHE) per capita in US$,numeric,AMR,Americas,Country,URY,Uruguay,Year,2014,false,,,,,,,,,,,,,1496,,,,,,1495.60,,,EN,2025-12-04T11:00:00.000Z
GHED_CHE_pc_US_SHA2011,Current health expenditure (CHE) per capita in US$,numeric,EUR,Europe,Country,CZE,Czechia,Year,2014,false,,,,,,,,,,,,,1513,,,,,,1512.59,,,EN,2025-12-04T11:00:00.000Z
GHED_CHE_pc_US_SHA2011,Current health expenditure (CHE) per capita in US$,numeric,EMR,Eastern Mediterranean,Country,EGY,Egypt,Year,2014,false,,,,,,,,,,,,,155.1,,,,,,155.06,,,EN,2025-12-04T11:00:00.000Z
GHED_CHE_pc_US_SHA2011,Current health expenditure (CHE) per capita in US$,numeric,WPR,Western Pacific,Country,KIR,Kiribati,Year,2014,false,,,,,,,,,,,,,155.4,,,,,,155.39,,,EN,2025-12-04T11:00:00.000Z
GHED_CHE_pc_US_SHA2011,Current health expenditure (CHE) per capita in US$,numeric,AMR,Americas,Country,NIC,Nicaragua,Year,2014,false,,,,,,,,,,,,,156.2,,,,,,156.22,,,EN,2025-12-04T11:00:00.000Z
GHED_CHE_pc_US_SHA2011,Current health expenditure (CHE) per capita in US$,numeric,AMR,Americas,Country,BHS,Bahamas,Year,2014,false,,,,,,,,,,,,,1619,,,,,,1619.37,,,EN,2025-12-04T11:00:00.000Z
GHED_CHE_pc_US_SHA2011,Current health expenditure (CHE) per capita in US$,numeric,WPR,Western Pacific,Country,NIU,Niue,Year,2014,false,,,,,,,,,,,,,1676,,,,,,1676.25,,,EN,2025-12-04T11:00:00.000Z
GHED_CHE_pc_US_SHA2011,Current health expenditure (CHE) per capita in US$,numeric,AFR,Africa,Country,GMB,Gambia,Year,2014,false,,,,,,,,,,,,,17.34,,,,,,17.34,,,EN,2025-12-04T11:00:00.000Z
GHED_CHE_pc_US_SHA2011,Current health expenditure (CHE) per capita in US$,numeric,EUR,Europe,Country,GRC,Greece,Year,2014,false,,,,,,,,,,,,,1700,,,,,,1700.49,,,EN,2025-12-04T11:00:00.000Z
GHED_CHE_pc_US_SHA2011,Current health expenditure (CHE) per capita in US$,numeric,AMR,Americas,Country,HND,Honduras,Year,2014,false,,,,,,,,,,,,,172.5,,,,,,172.53,,,EN,2025-12-04T11:00:00.000Z
GHED_CHE_pc_US_SHA2011,Current health expenditure (CHE) per capita in US$,numeric,WPR,Western Pacific,Country,MNG,Mongolia,Year,2014,false,,,,,,,,,,,,,176.7,,,,,,176.70,,,EN,2025-12-04T11:00:00.000Z
GHED_CHE_pc_US_SHA2011,Current health expenditure (CHE) per capita in US$,numeric,EMR,Eastern Mediterranean,Country,ARE,United Arab Emirates,Year,2014,false,,,,,,,,,,,,,1777,,,,,,1776.73,,,EN,2025-12-04T11:00:00.000Z
GHED_CHE_pc_US_SHA2011,Current health expenditure (CHE) per capita in US$,numeric,WPR,Western Pacific,Country,FJI,Fiji,Year,2014,false,,,,,,,,,,,,,178.3,,,,,,178.31,,,EN,2025-12-04T11:00:00.000Z
GHED_CHE_pc_US_SHA2011,Current health expenditure (CHE) per capita in US$,numeric,EMR,Eastern Mediterranean,Country,IRQ,Iraq,Year,2014,false,,,,,,,,,,,,,179,,,,,,178.98,,,EN,2025-12-04T11:00:00.000Z
GHED_CHE_pc_US_SHA2011,Current health expenditure (CHE) per capita in US$,numeric,AMR,Americas,Country,BOL,Bolivia (Plurinational State of),Year,2014,false,,,,,,,,,,,,,179.3,,,,,,179.33,,,EN,2025-12-04T11:00:00.000Z
GHED_CHE_pc_US_SHA2011,Current health expenditure (CHE) per capita in US$,numeric,AFR,Africa,Country,BDI,Burundi,Year,2014,false,,,,,,,,,,,,,18.07,,,,,,18.07,,,EN,2025-12-04T11:00:00.000Z
GHED_CHE_pc_US_SHA2011,Current health expenditure (CHE) per capita in US$,numeric,AFR,Africa,Country,COD,Democratic Republic of the Congo,Year,2014,false,,,,,,,,,,,,,18.22,,,,,,18.22,,,EN,2025-12-04T11:00:00.000Z
GHED_CHE_pc_US_SHA2011,Current health expenditure (CHE) per capita in US$,numeric,AFR,Africa,Country,CAF,Central African Republic,Year,2014,false,,,,,,,,,,,,,18.71,,,,,,18.71,,,EN,2025-12-04T11:00:00.000Z
GHED_CHE_pc_US_SHA2011,Current health expenditure (CHE) per capita in US$,numeric,EUR,Europe,Country,CYP,Cyprus,Year,2014,false,,,,,,,,,,,,,1869,,,,,,1869.46,,,EN,2025-12-04T11:00:00.000Z
GHED_CHE_pc_US_SHA2011,Current health expenditure (CHE) per capita in US$,numeric,EMR,Eastern Mediterranean,Country,MAR,Morocco,Year,2014,false,,,,,,,,,,,,,188.6,,,,,,188.64,,,EN,2025-12-04T11:00:00.000Z
GHED_CHE_pc_US_SHA2011,Current health expenditure (CHE) per capita in US$,numeric,WPR,Western Pacific,Country,KOR,Republic of Korea,Year,2014,false,,,,,,,,,,,,,1923,,,,,,1922.99,,,EN,2025-12-04T11:00:00.000Z
GHED_CHE_pc_US_SHA2011,Current health expenditure (CHE) per capita in US$,numeric,AFR,Africa,Country,CPV,Cabo Verde,Year,2014,false,,,,,,,,,,,,,193.4,,,,,,193.39,,,EN,2025-12-04T11:00:00.000Z
GHED_CHE_pc_US_SHA2011,Current health expenditure (CHE) per capita in US$,numeric,EUR,Europe,Country,PRT,Portugal,Year,2014,false,,,,,,,,,,,,,2057,,,,,,2056.61,,,EN,2025-12-04T11:00:00.000Z
GHED_CHE_pc_US_SHA2011,Current health expenditure (CHE) per capita in US$,numeric,EUR,Europe,Country,SVN,Slovenia,Year,2014,false,,,,,,,,,,,,,2062,,,,,,2062.38,,,EN,2025-12-04T11:00:00.000Z
GHED_CHE_pc_US_SHA2011,Current health expenditure (CHE) per capita in US$,numeric,EUR,Europe,Country,UKR,Ukraine,Year,2014,false,,,,,,,,,,,,,208.9,,,,,,208.94,,,EN,2025-12-04T11:00:00.000Z
GHED_CHE_pc_US_SHA2011,Current health expenditure (CHE) per capita in US$,numeric,AFR,Africa,Country,ETH,Ethiopia,Year,2014,false,,,,,,,,,,,,,21.61,,,,,,21.61,,,EN,2025-12-04T11:00:00.000Z
GHED_CHE_pc_US_SHA2011,Current health expenditure (CHE) per capita in US$,numeric,WPR,Western Pacific,Country,TON,Tonga,Year,2014,false,,,,,,,,,,,,,210.9,,,,,,210.86,,,EN,2025-12-04T11:00:00.000Z
GHED_CHE_pc_US_SHA2011,Current health expenditure (CHE) per capita in US$,numeric,SEAR,South-East Asia,Country,THA,Thailand,Year,2014,false,,,,,,,,,,,,,213.7,,,,,,213.74,,,EN,2025-12-04T11:00:00.000Z
GHED_CHE_pc_US_SHA2011,Current health expenditure (CHE) per capita in US$,numeric,AMR,Americas,Country,GUY,Guyana,Year,2014,false,,,,,,,,,,,,,216,,,,,,216.04,,,EN,2025-12-04T11:00:00.000Z
GHED_CHE_pc_US_SHA2011,Current health expenditure (CHE) per capita in US$,numeric,AMR,Americas,Country,GTM,Guatemala,Year,2014,false,,,,,,,,,,,,,217.2,,,,,,217.24,,,EN,2025-12-04T11:00:00.000Z
GHED_CHE_pc_US_SHA2011,Current health expenditure (CHE) per capita in US$,numeric,AFR,Africa,Country,MDG,Madagascar,Year,2014,false,,,,,,,,,,,,,22.57,,,,,,22.57,,,EN,2025-12-04T11:00:00.000Z
GHED_CHE_pc_US_SHA2011,Current health expenditure (CHE) per capita in US$,numeric,WPR,Western Pacific,Country,SGP,Singapore,Year,2014,false,,,,,,,,,,,,,2233,,,,,,2233.35,,,EN,2025-12-04T11:00:00.000Z
GHED_CHE_pc_US_SHA2011,Current health expenditure (CHE) per capita in US$,numeric,EMR,Eastern Mediterranean,Country,QAT,Qatar,Year,2014,false,,,,,,,,,,,,,2252,,,,,,2252.41,,,EN,2025-12-04T11:00:00.000Z
GHED_CHE_pc_US_SHA2011,Current health expenditure (CHE) per capita in US$,numeric,EUR,Europe,Country,MDA,Republic of Moldova,Year,2014,false,,,,,,,,,,,,,230.8,,,,,,230.77,,,EN,2025-12-04T11:00:00.000Z
GHED_CHE_pc_US_SHA2011,Current health expenditure (CHE) per capita in US$,numeric,AFR,Africa,Country,GAB,Gabon,Year,2014,false,,,,,,,,,,,,,233.1,,,,,,233.05,,,EN,2025-12-04T11:00:00.000Z
GHED_CHE_pc_US_SHA2011,Current health expenditure (CHE) per capita in US$,numeric,EUR,Europe,Country,MLT,Malta,Year,2014,false,,,,,,,,,,,,,2467,,,,,,2466.89,,,EN,2025-12-04T11:00:00.000Z
GHED_CHE_pc_US_SHA2011,Current health expenditure (CHE) per capita in US$,numeric,AFR,Africa,Country,NER,Niger,Year,2014,false,,,,,,,,,,,,,25.09,,,,,,25.09,,,EN,2025-12-04T11:00:00.000Z
GHED_CHE_pc_US_SHA2011,Current health expenditure (CHE) per capita in US$,numeric,WPR,Western Pacific,Country,WSM,Samoa,Year,2014,false,,,,,,,,,,,,,252.3,,,,,,252.31,,,EN,2025-12-04T11:00:00.000Z
GHED_CHE_pc_US_SHA2011,Current health expenditure (CHE) per capita in US$,numeric,EUR,Europe,Country,ESP,Spain,Year,2014,false,,,,,,,,,,,,,2717,,,,,,2716.58,,,EN,2025-12-04T11:00:00.000Z
GHED_CHE_pc_US_SHA2011,Current health expenditure (CHE) per capita in US$,numeric,EUR,Europe,Country,AZE,Azerbaijan,Year,2014,false,,,,,,,,,,,,,280.2,,,,,,280.22,,,EN,2025-12-04T11:00:00.000Z
GHED_CHE_pc_US_SHA2011,Current health expenditure (CHE) per capita in US$,numeric,EUR,Europe,Country,ISR,Israel,Year,2014,false,,,,,,,,,,,,,2804,,,,,,2804.23,,,EN,2025-12-04T11:00:00.000Z
GHED_CHE_pc_US_SHA2011,Current health expenditure (CHE) per capita in US$,numeric,AFR,Africa,Country,SWZ,Eswatini,Year,2014,false,,,,,,,,,,,,,282.4,,,,,,282.43,,,EN,2025-12-04T11:00:00.000Z
GHED_CHE_pc_US_SHA2011,Current health expenditure (CHE) per capita in US$,numeric,EMR,Eastern Mediterranean,Country,TUN,Tunisia,Year,2014,false,,,,,,,,,,,,,287.6,,,,,,287.61,,,EN,2025-12-04T11:00:00.000Z
GHED_CHE_pc_US_SHA2011,Current health expenditure (CHE) per capita in US$,numeric,SEAR,South-East Asia,Country,BGD,Bangladesh,Year,2014,false,,,,,,,,,,,,,29.91,,,,,,29.91,,,EN,2025-12-04T11:00:00.000Z
GHED_CHE_pc_US_SHA2011,Current health expenditure (CHE) per capita in US$,numeric,AFR,Africa,Country,GNQ,Equatorial Guinea,Year,2014,false,,,,,,,,,,,,,290.5,,,,,,290.54,,,EN,2025-12-04T11:00:00.000Z
GHED_CHE_pc_US_SHA2011,Current health expenditure (CHE) per capita in US$,numeric,EUR,Europe,Country,ALB,Albania,Year,2014,false,,,,,,,,,,,,,293.1,,,,,,293.13,,,EN,2025-12-04T11:00:00.000Z
GHED_CHE_pc_US_SHA2011,Current health expenditure (CHE) per capita in US$,numeric,AMR,Americas,Country,BLZ,Belize,Year,2014,false,,,,,,,,,,,,,298.5,,,,,,298.52,,,EN,2025-12-04T11:00:00.000Z
GHED_CHE_pc_US_SHA2011,Current health expenditure (CHE) per capita in US$,numeric,AMR,Americas,Country,VCT,Saint Vincent and the Grenadines,Year,2014,false,,,,,,,,,,,,,299.3,,,,,,299.33,,,EN,2025-12-04T11:00:00.000Z
GHED_CHE_pc_US_SHA2011,Current health expenditure (CHE) per capita in US$,numeric,EUR,Europe,Country,AND,Andorra,Year,2014,false,,,,,,,,,,,,,3005,,,,,,3005.22,,,EN,2025-12-04T11:00:00.000Z
GHED_CHE_pc_US_SHA2011,Current health expenditure (CHE) per capita in US$,numeric,EMR,Eastern Mediterranean,Country,JOR,Jordan,Year,2014,false,,,,,,,,,,,,,302.1,,,,,,302.14,,,EN,2025-12-04T11:00:00.000Z
GHED_CHE_pc_US_SHA2011,Current health expenditure (CHE) per capita in US$,numeric,AMR,Americas,Country,DOM,Dominican Republic,Year,2014,false,,,,,,,,,,,,,312.4,,,,,,312.44,,,EN,2025-12-04T11:00:00.000Z
GHED_CHE_pc_US_SHA2011,Current health expenditure (CHE) per capita in US$,numeric,AMR,Americas,Country,JAM,Jamaica,Year,2014,false,,,,,,,,,,,,,312.8,,,,,,312.77,,,EN,2025-12-04T11:00:00.000Z
GHED_CHE_pc_US_SHA2011,Current health expenditure (CHE) per capita in US$,numeric,EMR,Eastern Mediterranean,Country,PSE,"occupied Palestinian territory, including east Jerusalem",Year,2014,false,,,,,,,,,,,,,314.3,,,,,,314.27,,,EN,2025-12-04T11:00:00.000Z
GHED_CHE_pc_US_SHA2011,Current health expenditure (CHE) per capita in US$,numeric,AMR,Americas,Country,SLV,El Salvador,Year,2014,false,,,,,,,,,,,,,315.2,,,,,,315.23,,,EN,2025-12-04T11:00:00.000Z
GHED_CHE_pc_US_SHA2011,Current health expenditure (CHE) per capita in US$,numeric,EUR,Europe,Country,ITA,Italy,Year,2014,false,,,,,,,,,,,,,3190,,,,,,3190.47,,,EN,2025-12-04T11:00:00.000Z
GHED_CHE_pc_US_SHA2011,Current health expenditure (CHE) per capita in US$,numeric,EMR,Eastern Mediterranean,Country,PAK,Pakistan,Year,2014,false,,,,,,,,,,,,,32.12,,,,,,32.12,,,EN,2025-12-04T11:00:00.000Z
GHED_CHE_pc_US_SHA2011,Current health expenditure (CHE) per capita in US$,numeric,AFR,Africa,Country,BEN,Benin,Year,2014,false,,,,,,,,,,,,,32.41,,,,,,32.41,,,EN,2025-12-04T11:00:00.000Z
GHED_CHE_pc_US_SHA2011,Current health expenditure (CHE) per capita in US$,numeric,AFR,Africa,Country,ERI,Eritrea,Year,2014,false,,,,,,,,,,,,,32.93,,,,,,32.93,,,EN,2025-12-04T11:00:00.000Z
GHED_CHE_pc_US_SHA2011,Current health expenditure (CHE) per capita in US$,numeric,AMR,Americas,Country,PER,Peru,Year,2014,false,,,,,,,,,,,,,332.2,,,,,,332.19,,,EN,2025-12-04T11:00:00.000Z
GHED_CHE_pc_US_SHA2011,Current health expenditure (CHE) per capita in US$,numeric,WPR,Western Pacific,Country,FSM,Micronesia (Federated States of),Year,2014,false,,,,,,,,,,,,,345,,,,,,345.02,,,EN,2025-12-04T11:00:00.000Z
GHED_CHE_pc_US_SHA2011,Current health expenditure (CHE) per capita in US$,numeric,AFR,Africa,Country,MWI,Malawi,Year,2014,false,,,,,,,,,,,,,35.34,,,,,,35.34,,,EN,2025-12-04T11:00:00.000Z
GHED_CHE_pc_US_SHA2011,Current health expenditure (CHE) per capita in US$,numeric,AFR,Africa,Country,MLI,Mali,Year,2014,false,,,,,,,,,,,,,35.73,,,,,,35.73,,,EN,2025-12-04T11:00:00.000Z
GHED_CHE_pc_US_SHA2011,Current health expenditure (CHE) per capita in US$,numeric,EUR,Europe,Country,MKD,North Macedonia,Year,2014,false,,,,,,,,,,,,,357.6,,,,,,357.64,,,EN,2025-12-04T11:00:00.000Z
GHED_CHE_pc_US_SHA2011,Current health expenditure (CHE) per capita in US$,numeric,AFR,Africa,Country,GIN,Guinea,Year,2014,false,,,,,,,,,,,,,36.64,,,,,,36.64,,,EN,2025-12-04T11:00:00.000Z
GHED_CHE_pc_US_SHA2011,Current health expenditure (CHE) per capita in US$,numeric,WPR,Western Pacific,Country,CHN,China,Year,2014,false,,,,,,,,,,,,,362.3,,,,,,362.29,,,EN,2025-12-04T11:00:00.000Z
GHED_CHE_pc_US_SHA2011,Current health expenditure (CHE) per capita in US$,numeric,AFR,Africa,Country,DZA,Algeria,Year,2014,false,,,,,,,,,,,,,366.6,,,,,,366.59,,,EN,2025-12-04T11:00:00.000Z
GHED_CHE_pc_US_SHA2011,Current health expenditure (CHE) per capita in US$,numeric,EUR,Europe,Country,KAZ,Kazakhstan,Year,2014,false,,,,,,,,,,,,,369.7,,,,,,369.69,,,EN,2025-12-04T11:00:00.000Z
GHED_CHE_pc_US_SHA2011,Current health expenditure (CHE) per capita in US$,numeric,AFR,Africa,Country,BFA,Burkina Faso,Year,2014,false,,,,,,,,,,,,,38.25,,,,,,38.25,,,EN,2025-12-04T11:00:00.000Z
GHED_CHE_pc_US_SHA2011,Current health expenditure (CHE) per capita in US$,numeric,AMR,Americas,Country,GRD,Grenada,Year,2014,false,,,,,,,,,,,,,381.2,,,,,,381.23,,,EN,2025-12-04T11:00:00.000Z
GHED_CHE_pc_US_SHA2011,Current health expenditure (CHE) per capita in US$,numeric,AMR,Americas,Country,DMA,Dominica,Year,2014,false,,,,,,,,,,,,,389.1,,,,,,389.05,,,EN,2025-12-04T11:00:00.000Z
GHED_CHE_pc_US_SHA2011,Current health expenditure (CHE) per capita in US$,numeric,AFR,Africa,Country,TZA,United Republic of Tanzania,Year,2014,false,,,,,,,,,,,,,39.85,,,,,,39.85,,,EN,2025-12-04T11:00:00.000Z
GHED_CHE_pc_US_SHA2011,Current health expenditure (CHE) per capita in US$,numeric,EUR,Europe,Country,GEO,Georgia,Year,2014,false,,,,,,,,,,,,,392.9,,,,,,392.86,,,EN,2025-12-04T11:00:00.000Z
GHED_CHE_pc_US_SHA2011,Current health expenditure (CHE) per capita in US$,numeric,EUR,Europe,Country,TKM,Turkmenistan,Year,2014,false,,,,,,,,,,,,,393.9,,,,,,393.87,,,EN,2025-12-04T11:00:00.000Z
GHED_CHE_pc_US_SHA2011,Current health expenditure (CHE) per capita in US$,numeric,EMR,Eastern Mediterranean,Country,IRN,Iran (Islamic Republic of),Year,2014,false,,,,,,,,,,,,,395,,,,,,395.03,,,EN,2025-12-04T11:00:00.000Z
GHED_CHE_pc_US_SHA2011,Current health expenditure (CHE) per capita in US$,numeric,WPR,Western Pacific,Country,NZL,New Zealand,Year,2014,false,,,,,,,,,,,,,3997,,,,,,3997.43,,,EN,2025-12-04T11:00:00.000Z
GHED_CHE_pc_US_SHA2011,Current health expenditure (CHE) per capita in US$,numeric,EUR,Europe,Country,ARM,Armenia,Year,2014,false,,,,,,,,,,,,,404.3,,,,,,404.34,,,EN,2025-12-04T11:00:00.000Z
GHED_CHE_pc_US_SHA2011,Current health expenditure (CHE) per capita in US$,numeric,SEAR,South-East Asia,Country,NPL,Nepal,Year,2014,false,,,,,,,,,,,,,41.97,,,,,,41.97,,,EN,2025-12-04T11:00:00.000Z
GHED_CHE_pc_US_SHA2011,Current health expenditure (CHE) per capita in US$,numeric,EUR,Europe,Country,SMR,San Marino,Year,2014,false,,,,,,,,,,,,,4120,,,,,,4120.03,,,EN,2025-12-04T11:00:00.000Z
GHED_CHE_pc_US_SHA2011,Current health expenditure (CHE) per capita in US$,numeric,WPR,Western Pacific,Country,JPN,Japan,Year,2014,false,,,,,,,,,,,,,4121,,,,,,4121.21,,,EN,2025-12-04T11:00:00.000Z
GHED_CHE_pc_US_SHA2011,Current health expenditure (CHE) per capita in US$,numeric,WPR,Western Pacific,Country,MYS,Malaysia,Year,2014,false,,,,,,,,,,,,,414.4,,,,,,414.44,,,EN,2025-12-04T11:00:00.000Z
GHED_CHE_pc_US_SHA2011,Current health expenditure (CHE) per capita in US$,numeric,AFR,Africa,Country,BWA,Botswana,Year,2014,false,,,,,,,,,,,,,418.8,,,,,,418.82,,,EN,2025-12-04T11:00:00.000Z
GHED_CHE_pc_US_SHA2011,Current health expenditure (CHE) per capita in US$,numeric,AFR,Africa,Country,TCD,Chad,Year,2014,false,,,,,,,,,,,,,42.16,,,,,,42.16,,,EN,2025-12-04T11:00:00.000Z
GHED_CHE_pc_US_SHA2011,Current health expenditure (CHE) per capita in US$,numeric,AFR,Africa,Country,MOZ,Mozambique,Year,2014,false,,,,,,,,,,,,,43.5,,,,,,43.50,,,EN,2025-12-04T11:00:00.000Z
GHED_CHE_pc_US_SHA2011,Current health expenditure (CHE) per capita in US$,numeric,AMR,Americas,Country,ECU,Ecuador,Year,2014,false,,,,,,,,,,,,,433.4,,,,,,433.42,,,EN,2025-12-04T11:00:00.000Z
GHED_CHE_pc_US_SHA2011,Current health expenditure (CHE) per capita in US$,numeric,AMR,Americas,Country,PRY,Paraguay,Year,2014,false,,,,,,,,,,,,,440.9,,,,,,440.86,,,EN,2025-12-04T11:00:00.000Z
GHED_CHE_pc_US_SHA2011,Current health expenditure (CHE) per capita in US$,numeric,AMR,Americas,Country,SUR,Suriname,Year,2014,false,,,,,,,,,,,,,441,,,,,,440.95,,,EN,2025-12-04T11:00:00.000Z
GHED_CHE_pc_US_SHA2011,Current health expenditure (CHE) per capita in US$,numeric,EUR,Europe,Country,BLR,Belarus,Year,2014,false,,,,,,,,,,,,,448.3,,,,,,448.27,,,EN,2025-12-04T11:00:00.000Z
GHED_CHE_pc_US_SHA2011,Current health expenditure (CHE) per capita in US$,numeric,WPR,Western Pacific,Country,MHL,Marshall Islands,Year,2014,false,,,,,,,,,,,,,449.9,,,,,,449.91,,,EN,2025-12-04T11:00:00.000Z
GHED_CHE_pc_US_SHA2011,Current health expenditure (CHE) per capita in US$,numeric,AFR,Africa,Country,TGO,Togo,Year,2014,false,,,,,,,,,,,,,45.2,,,,,,45.20,,,EN,2026-04-09T12:00:00.000Z
GHED_CHE_pc_US_SHA2011,Current health expenditure (CHE) per capita in US$,numeric,WPR,Western Pacific,Country,LAO,Lao People's Democratic Republic,Year,2014,false,,,,,,,,,,,,,45.53,,,,,,45.53,,,EN,2025-12-04T11:00:00.000Z
GHED_CHE_pc_US_SHA2011,Current health expenditure (CHE) per capita in US$,numeric,AFR,Africa,Country,NAM,Namibia,Year,2014,false,,,,,,,,,,,,,452.3,,,,,,452.26,,,EN,2025-12-04T11:00:00.000Z
GHED_CHE_pc_US_SHA2011,Current health expenditure (CHE) per capita in US$,numeric,EUR,Europe,Country,ISL,Iceland,Year,2014,false,,,,,,,,,,,,,4523,,,,,,4522.91,,,EN,2025-12-04T11:00:00.000Z
GHED_CHE_pc_US_SHA2011,Current health expenditure (CHE) per capita in US$,numeric,EMR,Eastern Mediterranean,Country,LBY,Libya,Year,2014,false,,,,,,,,,,,,,462.2,,,,,,462.19,,,EN,2025-12-04T11:00:00.000Z
GHED_CHE_pc_US_SHA2011,Current health expenditure (CHE) per capita in US$,numeric,AMR,Americas,Country,LCA,Saint Lucia,Year,2014,false,,,,,,,,,,,,,470.5,,,,,,470.48,,,EN,2025-12-04T11:00:00.000Z
GHED_CHE_pc_US_SHA2011,Current health expenditure (CHE) per capita in US$,numeric,EUR,Europe,Country,GBR,United Kingdom of Great Britain and Northern Ireland,Year,2014,false,,,,,,,,,,,,,4733,,,,,,4733.37,,,EN,2025-12-04T11:00:00.000Z
GHED_CHE_pc_US_SHA2011,Current health expenditure (CHE) per capita in US$,numeric,EMR,Eastern Mediterranean,Country,SYR,Syrian Arab Republic,Year,2014,false,,,,,,,,,,,,,48.92,,,,,,48.92,,,EN,2025-12-04T11:00:00.000Z
GHED_CHE_pc_US_SHA2011,Current health expenditure (CHE) per capita in US$,numeric,EUR,Europe,Country,FIN,Finland,Year,2014,false,,,,,,,,,,,,,4922,,,,,,4922.43,,,EN,2025-12-04T11:00:00.000Z
GHED_CHE_pc_US_SHA2011,Current health expenditure (CHE) per capita in US$,numeric,EUR,Europe,Country,BIH,Bosnia and Herzegovina,Year,2014,false,,,,,,,,,,,,,493.1,,,,,,493.07,,,EN,2025-12-04T11:00:00.000Z
GHED_CHE_pc_US_SHA2011,Current health expenditure (CHE) per capita in US$,numeric,AFR,Africa,Country,RWA,Rwanda,Year,2014,false,,,,,,,,,,,,,50.64,,,,,,50.64,,,EN,2025-12-04T11:00:00.000Z
GHED_CHE_pc_US_SHA2011,Current health expenditure (CHE) per capita in US$,numeric,AFR,Africa,Country,UGA,Uganda,Year,2014,false,,,,,,,,,,,,,50.96,,,,,,50.96,,,EN,2025-12-04T11:00:00.000Z
GHED_CHE_pc_US_SHA2011,Current health expenditure (CHE) per capita in US$,numeric,EUR,Europe,Country,FRA,France,Year,2014,false,,,,,,,,,,,,,5007,,,,,,5007.30,,,EN,2025-12-04T11:00:00.000Z
GHED_CHE_pc_US_SHA2011,Current health expenditure (CHE) per capita in US$,numeric,EUR,Europe,Country,ROU,Romania,Year,2014,false,,,,,,,,,,,,,503.3,,,,,,503.35,,,EN,2025-12-04T11:00:00.000Z
GHED_CHE_pc_US_SHA2011,Current health expenditure (CHE) per capita in US$,numeric,EUR,Europe,Country,BEL,Belgium,Year,2014,false,,,,,,,,,,,,,5110,,,,,,5110.17,,,EN,2025-12-04T11:00:00.000Z
GHED_CHE_pc_US_SHA2011,Current health expenditure (CHE) per capita in US$,numeric,WPR,Western Pacific,Country,TUV,Tuvalu,Year,2014,false,,,,,,,,,,,,,512.6,,,,,,512.64,,,EN,2025-12-04T11:00:00.000Z
GHED_CHE_pc_US_SHA2011,Current health expenditure (CHE) per capita in US$,numeric,EUR,Europe,Country,TUR,Türkiye,Year,2014,false,,,,,,,,,,,,,520.4,,,,,,520.41,,,EN,2025-12-04T11:00:00.000Z
GHED_CHE_pc_US_SHA2011,Current health expenditure (CHE) per capita in US$,numeric,AMR,Americas,Country,CAN,Canada,Year,2014,false,,,,,,,,,,,,,5210,,,,,,5209.93,,,EN,2025-12-04T11:00:00.000Z
GHED_CHE_pc_US_SHA2011,Current health expenditure (CHE) per capita in US$,numeric,EUR,Europe,Country,DEU,Germany,Year,2014,false,,,,,,,,,,,,,5287,,,,,,5287.34,,,EN,2025-12-04T11:00:00.000Z
GHED_CHE_pc_US_SHA2011,Current health expenditure (CHE) per capita in US$,numeric,EUR,Europe,Country,IRL,Ireland,Year,2014,false,,,,,,,,,,,,,5310,,,,,,5309.90,,,EN,2025-12-04T11:00:00.000Z
GHED_CHE_pc_US_SHA2011,Current health expenditure (CHE) per capita in US$,numeric,AFR,Africa,Country,ZAF,South Africa,Year,2014,false,,,,,,,,,,,,,539.3,,,,,,539.31,,,EN,2025-12-04T11:00:00.000Z
GHED_CHE_pc_US_SHA2011,Current health expenditure (CHE) per capita in US$,numeric,SEAR,South-East Asia,Country,MMR,Myanmar,Year,2014,false,,,,,,,,,,,,,54.28,,,,,,54.28,,,EN,2025-12-04T11:00:00.000Z
GHED_CHE_pc_US_SHA2011,Current health expenditure (CHE) per capita in US$,numeric,AFR,Africa,Country,LBR,Liberia,Year,2014,false,,,,,,,,,,,,,54.82,,,,,,54.82,,,EN,2025-12-04T11:00:00.000Z
GHED_CHE_pc_US_SHA2011,Current health expenditure (CHE) per capita in US$,numeric,EUR,Europe,Country,AUT,Austria,Year,2014,false,,,,,,,,,,,,,5418,,,,,,5418.48,,,EN,2025-12-04T11:00:00.000Z
GHED_CHE_pc_US_SHA2011,Current health expenditure (CHE) per capita in US$,numeric,AFR,Africa,Country,MUS,Mauritius,Year,2014,false,,,,,,,,,,,,,544.4,,,,,,544.44,,,EN,2025-12-04T11:00:00.000Z
GHED_CHE_pc_US_SHA2011,Current health expenditure (CHE) per capita in US$,numeric,SEAR,South-East Asia,Country,IND,India,Year,2014,false,,,,,,,,,,,,,56.35,,,,,,56.35,,,EN,2025-12-04T11:00:00.000Z
GHED_CHE_pc_US_SHA2011,Current health expenditure (CHE) per capita in US$,numeric,EUR,Europe,Country,NLD,Netherlands (Kingdom of the),Year,2014,false,,,,,,,,,,,,,5602,,,,,,5601.89,,,EN,2025-12-04T11:00:00.000Z
GHED_CHE_pc_US_SHA2011,Current health expenditure (CHE) per capita in US$,numeric,EMR,Eastern Mediterranean,Country,LBN,Lebanon,Year,2014,false,,,,,,,,,,,,,570,,,,,,569.98,,,EN,2025-12-04T11:00:00.000Z
GHED_CHE_pc_US_SHA2011,Current health expenditure (CHE) per capita in US$,numeric,EUR,Europe,Country,MNE,Montenegro,Year,2014,false,,,,,,,,,,,,,581.4,,,,,,581.40,,,EN,2025-12-04T11:00:00.000Z
GHED_CHE_pc_US_SHA2011,Current health expenditure (CHE) per capita in US$,numeric,AFR,Africa,Country,SYC,Seychelles,Year,2014,false,,,,,,,,,,,,,588.2,,,,,,588.18,,,EN,2025-12-04T11:00:00.000Z
GHED_CHE_pc_US_SHA2011,Current health expenditure (CHE) per capita in US$,numeric,AMR,Americas,Country,COL,Colombia,Year,2014,false,,,,,,,,,,,,,588.3,,,,,,588.29,,,EN,2025-12-04T11:00:00.000Z
GHED_CHE_pc_US_SHA2011,Current health expenditure (CHE) per capita in US$,numeric,AFR,Africa,Country,MRT,Mauritania,Year,2014,false,,,,,,,,,,,,,59.39,,,,,,59.39,,,EN,2025-12-04T11:00:00.000Z
GHED_CHE_pc_US_SHA2011,Current health expenditure (CHE) per capita in US$,numeric,EMR,Eastern Mediterranean,Country,AFG,Afghanistan,Year,2014,false,,,,,,,,,,,,,60.05,,,,,,60.05,,,EN,2025-12-04T11:00:00.000Z
GHED_CHE_pc_US_SHA2011,Current health expenditure (CHE) per capita in US$,numeric,EUR,Europe,Country,SRB,Serbia,Year,2014,false,,,,,,,,,,,,,608.9,,,,,,608.86,,,EN,2025-12-04T11:00:00.000Z
GHED_CHE_pc_US_SHA2011,Current health expenditure (CHE) per capita in US$,numeric,AMR,Americas,Country,MEX,Mexico,Year,2014,false,,,,,,,,,,,,,609.8,,,,,,609.82,,,EN,2025-12-04T11:00:00.000Z
GHED_CHE_pc_US_SHA2011,Current health expenditure (CHE) per capita in US$,numeric,WPR,Western Pacific,Country,AUS,Australia,Year,2014,false,,,,,,,,,,,,,6098,,,,,,6098.25,,,EN,2025-12-04T11:00:00.000Z
GHED_CHE_pc_US_SHA2011,Current health expenditure (CHE) per capita in US$,numeric,AFR,Africa,Country,SEN,Senegal,Year,2014,false,,,,,,,,,,,,,61.41,,,,,,61.41,,,EN,2025-12-04T11:00:00.000Z
GHED_CHE_pc_US_SHA2011,Current health expenditure (CHE) per capita in US$,numeric,EUR,Europe,Country,BGR,Bulgaria,Year,2014,false,,,,,,,,,,,,,616.2,,,,,,616.16,,,EN,2025-12-04T11:00:00.000Z
GHED_CHE_pc_US_SHA2011,Current health expenditure (CHE) per capita in US$,numeric,WPR,Western Pacific,Country,KHM,Cambodia,Year,2014,false,,,,,,,,,,,,,63.1,,,,,,63.10,,,EN,2025-12-04T11:00:00.000Z
GHED_CHE_pc_US_SHA2011,Current health expenditure (CHE) per capita in US$,numeric,EUR,Europe,Country,DNK,Denmark,Year,2014,false,,,,,,,,,,,,,6448,,,,,,6447.92,,,EN,2025-12-04T11:00:00.000Z
GHED_CHE_pc_US_SHA2011,Current health expenditure (CHE) per capita in US$,numeric,AFR,Africa,Country,GNB,Guinea-Bissau,Year,2014,false,,,,,,,,,,,,,65,,,,,,65.00,,,EN,2025-12-04T11:00:00.000Z
GHED_CHE_pc_US_SHA2011,Current health expenditure (CHE) per capita in US$,numeric,AMR,Americas,Country,HTI,Haiti,Year,2014,false,,,,,,,,,,,,,65.11,,,,,,65.11,,,EN,2025-12-04T11:00:00.000Z
GHED_CHE_pc_US_SHA2011,Current health expenditure (CHE) per capita in US$,numeric,AFR,Africa,Country,ZMB,Zambia,Year,2014,false,,,,,,,,,,,,,65.39,,,,,,65.39,,,EN,2025-12-04T11:00:00.000Z
GHED_CHE_pc_US_SHA2011,Current health expenditure (CHE) per capita in US$,numeric,EMR,Eastern Mediterranean,Country,DJI,Djibouti,Year,2014,false,,,,,,,,,,,,,65.54,,,,,,65.54,,,EN,2025-12-04T11:00:00.000Z
GHED_CHE_pc_US_SHA2011,Current health expenditure (CHE) per capita in US$,numeric,WPR,Western Pacific,Country,COK,Cook Islands,Year,2014,false,,,,,,,,,,,,,651.1,,,,,,651.12,,,EN,2025-12-04T11:00:00.000Z
GHED_CHE_pc_US_SHA2011,Current health expenditure (CHE) per capita in US$,numeric,EUR,Europe,Country,LUX,Luxembourg,Year,2014,false,,,,,,,,,,,,,6547,,,,,,6547.03,,,EN,2025-12-04T11:00:00.000Z
GHED_CHE_pc_US_SHA2011,Current health expenditure (CHE) per capita in US$,numeric,EUR,Europe,Country,SWE,Sweden,Year,2014,false,,,,,,,,,,,,,6632,,,,,,6632.24,,,EN,2025-12-04T11:00:00.000Z
GHED_CHE_pc_US_SHA2011,Current health expenditure (CHE) per capita in US$,numeric,SEAR,South-East Asia,Country,MDV,Maldives,Year,2014,false,,,,,,,,,,,,,707.4,,,,,,707.39,,,EN,2025-12-04T11:00:00.000Z
GHED_CHE_pc_US_SHA2011,Current health expenditure (CHE) per capita in US$,numeric,AFR,Africa,Country,COG,Congo,Year,2014,false,,,,,,,,,,,,,71.03,,,,,,71.03,,,EN,2025-12-04T11:00:00.000Z
GHED_CHE_pc_US_SHA2011,Current health expenditure (CHE) per capita in US$,numeric,AFR,Africa,Country,CMR,Cameroon,Year,2014,false,,,,,,,,,,,,,71.61,,,,,,71.61,,,EN,2025-12-04T11:00:00.000Z
GHED_CHE_pc_US_SHA2011,Current health expenditure (CHE) per capita in US$,numeric,AFR,Africa,Country,KEN,Kenya,Year,2014,false,,,,,,,,,,,,,72.85,,,,,,72.85,,,EN,2025-12-04T11:00:00.000Z
GHED_CHE_pc_US_SHA2011,Current health expenditure (CHE) per capita in US$,numeric,EMR,Eastern Mediterranean,Country,OMN,Oman,Year,2014,false,,,,,,,,,,,,,726.6,,,,,,726.65,,,EN,2025-12-04T11:00:00.000Z
GHED_CHE_pc_US_SHA2011,Current health expenditure (CHE) per capita in US$,numeric,EUR,Europe,Country,TJK,Tajikistan,Year,2014,false,,,,,,,,,,,,,73.07,,,,,,73.07,,,EN,2025-12-04T11:00:00.000Z
GHED_CHE_pc_US_SHA2011,Current health expenditure (CHE) per capita in US$,numeric,WPR,Western Pacific,Country,NRU,Naoero,Year,2014,false,,,,,,,,,,,,,736,,,,,,736.00,,,EN,2025-12-04T11:00:00.000Z
GHED_CHE_pc_US_SHA2011,Current health expenditure (CHE) per capita in US$,numeric,EUR,Europe,Country,RUS,Russian Federation,Year,2014,false,,,,,,,,,,,,,736.3,,,,,,736.32,,,EN,2025-12-04T11:00:00.000Z
GHED_CHE_pc_US_SHA2011,Current health expenditure (CHE) per capita in US$,numeric,AFR,Africa,Country,CIV,Cote d'Ivoire,Year,2014,false,,,,,,,,,,,,,74.36,,,,,,74.36,,,EN,2025-12-04T11:00:00.000Z
GHED_CHE_pc_US_SHA2011,Current health expenditure (CHE) per capita in US$,numeric,AFR,Africa,Country,GHA,Ghana,Year,2014,false,,,,,,,,,,,,,78.47,,,,,,78.47,,,EN,2025-12-04T11:00:00.000Z
GHED_CHE_pc_US_SHA2011,Current health expenditure (CHE) per capita in US$,numeric,WPR,Western Pacific,Country,BRN,Brunei Darussalam,Year,2014,false,,,,,,,,,,,,,785.4,,,,,,785.41,,,EN,2025-12-04T11:00:00.000Z
GHED_CHE_pc_US_SHA2011,Current health expenditure (CHE) per capita in US$,numeric,AMR,Americas,Country,ATG,Antigua and Barbuda,Year,2014,false,,,,,,,,,,,,,826.8,,,,,,826.76,,,EN,2025-12-04T11:00:00.000Z
GHED_CHE_pc_US_SHA2011,Current health expenditure (CHE) per capita in US$,numeric,EMR,Eastern Mediterranean,Country,YEM,Yemen,Year,2014,false,,,,,,,,,,,,,83.49,,,,,,83.49,,,EN,2025-12-04T11:00:00.000Z
GHED_CHE_pc_US_SHA2011,Current health expenditure (CHE) per capita in US$,numeric,AMR,Americas,Country,CRI,Costa Rica,Year,2014,false,,,,,,,,,,,,,836.2,,,,,,836.23,,,EN,2025-12-04T11:00:00.000Z
GHED_CHE_pc_US_SHA2011,Current health expenditure (CHE) per capita in US$,numeric,AFR,Africa,Country,COM,Comoros,Year,2014,false,,,,,,,,,,,,,84.64,,,,,,84.64,,,EN,2025-12-04T11:00:00.000Z
GHED_CHE_pc_US_SHA2011,Current health expenditure (CHE) per capita in US$,numeric,EUR,Europe,Country,LVA,Latvia,Year,2014,false,,,,,,,,,,,,,856.8,,,,,,856.77,,,EN,2025-12-04T11:00:00.000Z
GHED_CHE_pc_US_SHA2011,Current health expenditure (CHE) per capita in US$,numeric,AMR,Americas,Country,CUB,Cuba,Year,2014,false,,,,,,,,,,,,,867.7,,,,,,867.70,,,EN,2025-12-04T11:00:00.000Z
GHED_CHE_pc_US_SHA2011,Current health expenditure (CHE) per capita in US$,numeric,EUR,Europe,Country,MCO,Monaco,Year,2014,false,,,,,,,,,,,,,8692,,,,,,8691.70,,,EN,2025-12-04T11:00:00.000Z
GHED_CHE_pc_US_SHA2011,Current health expenditure (CHE) per capita in US$,numeric,SEAR,South-East Asia,Country,BTN,Bhutan,Year,2014,false,,,,,,,,,,,,,87.19,,,,,,87.19,,,EN,2025-12-04T11:00:00.000Z
GHED_CHE_pc_US_SHA2011,Current health expenditure (CHE) per capita in US$,numeric,AMR,Americas,Country,USA,United States of America,Year,2014,false,,,,,,,,,,,,,8796,,,,,,8796.34,,,EN,2025-12-04T11:00:00.000Z
GHED_CHE_pc_US_SHA2011,Current health expenditure (CHE) per capita in US$,numeric,EMR,Eastern Mediterranean,Country,SDN,Sudan,Year,2014,false,,,,,,,,,,,,,88.78,,,,,,88.78,,,EN,2025-12-04T11:00:00.000Z
GHED_CHE_pc_US_SHA2011,Current health expenditure (CHE) per capita in US$,numeric,WPR,Western Pacific,Country,PNG,Papua New Guinea,Year,2014,false,,,,,,,,,,,,,89.08,,,,,,89.08,,,EN,2025-12-04T11:00:00.000Z
GHED_CHE_pc_US_SHA2011,Current health expenditure (CHE) per capita in US$,numeric,EUR,Europe,Country,POL,Poland,Year,2014,false,,,,,,,,,,,,,911.3,,,,,,911.30,,,EN,2025-12-04T11:00:00.000Z
GHED_CHE_pc_US_SHA2011,Current health expenditure (CHE) per capita in US$,numeric,EUR,Europe,Country,NOR,Norway,Year,2014,false,,,,,,,,,,,,,9116,,,,,,9116.38,,,EN,2025-12-04T11:00:00.000Z
GHED_CHE_pc_US_SHA2011,Current health expenditure (CHE) per capita in US$,numeric,EUR,Europe,Country,HRV,Croatia,Year,2014,false,,,,,,,,,,,,,915.3,,,,,,915.27,,,EN,2025-12-04T11:00:00.000Z
GHED_CHE_pc_US_SHA2011,Current health expenditure (CHE) per capita in US$,numeric,AMR,Americas,Country,PAN,Panama,Year,2014,false,,,,,,,,,,,,,919.3,,,,,,919.29,,,EN,2025-12-04T11:00:00.000Z
GHED_CHE_pc_US_SHA2011,Current health expenditure (CHE) per capita in US$,numeric,SEAR,South-East Asia,Country,TLS,Timor-Leste,Year,2014,false,,,,,,,,,,,,,93.11,,,,,,93.11,,,EN,2025-12-04T11:00:00.000Z
GHED_CHE_pc_US_SHA2011,Current health expenditure (CHE) per capita in US$,numeric,EUR,Europe,Country,KGZ,Kyrgyzstan,Year,2014,false,,,,,,,,,,,,,93.16,,,,,,93.16,,,EN,2025-12-04T11:00:00.000Z
GHED_CHE_pc_US_SHA2011,Current health expenditure (CHE) per capita in US$,numeric,EUR,Europe,Country,CHE,Switzerland,Year,2014,false,,,,,,,,,,,,,9470,,,,,,9469.66,,,EN,2025-12-04T11:00:00.000Z
GHED_CHE_pc_US_SHA2011,Current health expenditure (CHE) per capita in US$,numeric,AMR,Americas,Country,KNA,Saint Kitts and Nevis,Year,2014,false,,,,,,,,,,,,,962.3,,,,,,962.25,,,EN,2025-12-04T11:00:00.000Z
GHED_CHE_pc_US_SHA2011,Current health expenditure (CHE) per capita in US$,numeric,WPR,Western Pacific,Country,IDN,Indonesia,Year,2013,false,,,,,,,,,,,,,102.3,,,,,,102.34,,,EN,2025-12-04T11:00:00.000Z
GHED_CHE_pc_US_SHA2011,Current health expenditure (CHE) per capita in US$,numeric,SEAR,South-East Asia,Country,TLS,Timor-Leste,Year,2013,false,,,,,,,,,,,,,102.8,,,,,,102.80,,,EN,2025-12-04T11:00:00.000Z
GHED_CHE_pc_US_SHA2011,Current health expenditure (CHE) per capita in US$,numeric,EUR,Europe,Country,KGZ,Kyrgyzstan,Year,2013,false,,,,,,,,,,,,,103.6,,,,,,103.59,,,EN,2025-12-04T11:00:00.000Z
GHED_CHE_pc_US_SHA2011,Current health expenditure (CHE) per capita in US$,numeric,WPR,Western Pacific,Country,VNM,Viet Nam,Year,2013,false,,,,,,,,,,,,,104.1,,,,,,104.11,,,EN,2025-12-04T11:00:00.000Z
GHED_CHE_pc_US_SHA2011,Current health expenditure (CHE) per capita in US$,numeric,AFR,Africa,Country,GHA,Ghana,Year,2013,false,,,,,,,,,,,,,105.3,,,,,,105.35,,,EN,2025-12-04T11:00:00.000Z
GHED_CHE_pc_US_SHA2011,Current health expenditure (CHE) per capita in US$,numeric,EMR,Eastern Mediterranean,Country,BHR,Bahrain,Year,2013,false,,,,,,,,,,,,,1115,,,,,,1115.17,,,EN,2025-12-04T11:00:00.000Z
GHED_CHE_pc_US_SHA2011,Current health expenditure (CHE) per capita in US$,numeric,AMR,Americas,Country,CHL,Chile,Year,2013,false,,,,,,,,,,,,,1172,,,,,,1171.77,,,EN,2025-12-04T11:00:00.000Z
GHED_CHE_pc_US_SHA2011,Current health expenditure (CHE) per capita in US$,numeric,WPR,Western Pacific,Country,PHL,Philippines,Year,2013,false,,,,,,,,,,,,,118.9,,,,,,118.87,,,EN,2025-12-04T11:00:00.000Z
GHED_CHE_pc_US_SHA2011,Current health expenditure (CHE) per capita in US$,numeric,EMR,Eastern Mediterranean,Country,SAU,Saudi Arabia,Year,2013,false,,,,,,,,,,,,,1190,,,,,,1189.68,,,EN,2025-12-04T11:00:00.000Z
GHED_CHE_pc_US_SHA2011,Current health expenditure (CHE) per capita in US$,numeric,EUR,Europe,Country,EST,Estonia,Year,2013,false,,,,,,,,,,,,,1195,,,,,,1194.86,,,EN,2025-12-04T11:00:00.000Z
GHED_CHE_pc_US_SHA2011,Current health expenditure (CHE) per capita in US$,numeric,EMR,Eastern Mediterranean,Country,SOM,Somalia,Year,2013,false,,,,,,,,,,,,,12.88,,,,,,12.88,,,EN,2025-12-04T11:00:00.000Z
GHED_CHE_pc_US_SHA2011,Current health expenditure (CHE) per capita in US$,numeric,EMR,Eastern Mediterranean,Country,KWT,Kuwait,Year,2013,false,,,,,,,,,,,,,1235,,,,,,1235.29,,,EN,2025-12-04T11:00:00.000Z
GHED_CHE_pc_US_SHA2011,Current health expenditure (CHE) per capita in US$,numeric,AFR,Africa,Country,STP,Sao Tome and Principe,Year,2013,false,,,,,,,,,,,,,124.6,,,,,,124.59,,,EN,2025-12-04T11:00:00.000Z
GHED_CHE_pc_US_SHA2011,Current health expenditure (CHE) per capita in US$,numeric,AMR,Americas,Country,BRB,Barbados,Year,2013,false,,,,,,,,,,,,,1246,,,,,,1246.16,,,EN,2025-12-04T11:00:00.000Z
GHED_CHE_pc_US_SHA2011,Current health expenditure (CHE) per capita in US$,numeric,WPR,Western Pacific,Country,VUT,Vanuatu,Year,2013,false,,,,,,,,,,,,,130.9,,,,,,130.88,,,EN,2025-12-04T11:00:00.000Z
GHED_CHE_pc_US_SHA2011,Current health expenditure (CHE) per capita in US$,numeric,AFR,Africa,Country,LSO,Lesotho,Year,2013,false,,,,,,,,,,,,,131.4,,,,,,131.36,,,EN,2025-12-04T11:00:00.000Z
GHED_CHE_pc_US_SHA2011,Current health expenditure (CHE) per capita in US$,numeric,SEAR,South-East Asia,Country,LKA,Sri Lanka,Year,2013,false,,,,,,,,,,,,,133.2,,,,,,133.16,,,EN,2025-12-04T11:00:00.000Z
GHED_CHE_pc_US_SHA2011,Current health expenditure (CHE) per capita in US$,numeric,EUR,Europe,Country,SVK,Slovakia,Year,2013,false,,,,,,,,,,,,,1370,,,,,,1370.47,,,EN,2025-12-04T11:00:00.000Z
GHED_CHE_pc_US_SHA2011,Current health expenditure (CHE) per capita in US$,numeric,EMR,Eastern Mediterranean,Country,EGY,Egypt,Year,2013,false,,,,,,,,,,,,,139.7,,,,,,139.67,,,EN,2025-12-04T11:00:00.000Z
GHED_CHE_pc_US_SHA2011,Current health expenditure (CHE) per capita in US$,numeric,WPR,Western Pacific,Country,PLW,Palau,Year,2013,false,,,,,,,,,,,,,1399,,,,,,1399.30,,,EN,2025-12-04T11:00:00.000Z
GHED_CHE_pc_US_SHA2011,Current health expenditure (CHE) per capita in US$,numeric,AMR,Americas,Country,NIC,Nicaragua,Year,2013,false,,,,,,,,,,,,,140.2,,,,,,140.20,,,EN,2025-12-04T11:00:00.000Z
GHED_CHE_pc_US_SHA2011,Current health expenditure (CHE) per capita in US$,numeric,EUR,Europe,Country,UZB,Uzbekistan,Year,2013,false,,,,,,,,,,,,,140.7,,,,,,140.71,,,EN,2025-12-04T11:00:00.000Z
GHED_CHE_pc_US_SHA2011,Current health expenditure (CHE) per capita in US$,numeric,AFR,Africa,Country,AGO,Angola,Year,2013,false,,,,,,,,,,,,,142.8,,,,,,142.78,,,EN,2025-12-04T11:00:00.000Z
GHED_CHE_pc_US_SHA2011,Current health expenditure (CHE) per capita in US$,numeric,WPR,Western Pacific,Country,NIU,Niue,Year,2013,false,,,,,,,,,,,,,1423,,,,,,1423.13,,,EN,2025-12-04T11:00:00.000Z
GHED_CHE_pc_US_SHA2011,Current health expenditure (CHE) per capita in US$,numeric,AMR,Americas,Country,ARG,Argentina,Year,2013,false,,,,,,,,,,,,,1429,,,,,,1428.91,,,EN,2025-12-04T11:00:00.000Z
GHED_CHE_pc_US_SHA2011,Current health expenditure (CHE) per capita in US$,numeric,AFR,Africa,Country,COD,Democratic Republic of the Congo,Year,2013,false,,,,,,,,,,,,,15.38,,,,,,15.38,,,EN,2025-12-04T11:00:00.000Z
GHED_CHE_pc_US_SHA2011,Current health expenditure (CHE) per capita in US$,numeric,EUR,Europe,Country,CZE,Czechia,Year,2013,false,,,,,,,,,,,,,1509,,,,,,1508.80,,,EN,2025-12-04T11:00:00.000Z
GHED_CHE_pc_US_SHA2011,Current health expenditure (CHE) per capita in US$,numeric,AMR,Americas,Country,URY,Uruguay,Year,2013,false,,,,,,,,,,,,,1517,,,,,,1516.81,,,EN,2025-12-04T11:00:00.000Z
GHED_CHE_pc_US_SHA2011,Current health expenditure (CHE) per capita in US$,numeric,WPR,Western Pacific,Country,KIR,Kiribati,Year,2013,false,,,,,,,,,,,,,154.3,,,,,,154.34,,,EN,2025-12-04T11:00:00.000Z
GHED_CHE_pc_US_SHA2011,Current health expenditure (CHE) per capita in US$,numeric,AMR,Americas,Country,BHS,Bahamas,Year,2013,false,,,,,,,,,,,,,1559,,,,,,1559.35,,,EN,2025-12-04T11:00:00.000Z
GHED_CHE_pc_US_SHA2011,Current health expenditure (CHE) per capita in US$,numeric,WPR,Western Pacific,Country,FJI,Fiji,Year,2013,false,,,,,,,,,,,,,158.5,,,,,,158.52,,,EN,2025-12-04T11:00:00.000Z
GHED_CHE_pc_US_SHA2011,Current health expenditure (CHE) per capita in US$,numeric,AMR,Americas,Country,BOL,Bolivia (Plurinational State of),Year,2013,false,,,,,,,,,,,,,160,,,,,,159.99,,,EN,2025-12-04T11:00:00.000Z
GHED_CHE_pc_US_SHA2011,Current health expenditure (CHE) per capita in US$,numeric,AFR,Africa,Country,CAF,Central African Republic,Year,2013,false,,,,,,,,,,,,,17.37,,,,,,17.37,,,EN,2025-12-04T11:00:00.000Z
GHED_CHE_pc_US_SHA2011,Current health expenditure (CHE) per capita in US$,numeric,WPR,Western Pacific,Country,TON,Tonga,Year,2013,false,,,,,,,,,,,,,171.8,,,,,,171.82,,,EN,2025-12-04T11:00:00.000Z
GHED_CHE_pc_US_SHA2011,Current health expenditure (CHE) per capita in US$,numeric,WPR,Western Pacific,Country,KOR,Republic of Korea,Year,2013,false,,,,,,,,,,,,,1739,,,,,,1738.81,,,EN,2025-12-04T11:00:00.000Z
GHED_CHE_pc_US_SHA2011,Current health expenditure (CHE) per capita in US$,numeric,AMR,Americas,Country,HND,Honduras,Year,2013,false,,,,,,,,,,,,,176.4,,,,,,176.42,,,EN,2025-12-04T11:00:00.000Z
GHED_CHE_pc_US_SHA2011,Current health expenditure (CHE) per capita in US$,numeric,EMR,Eastern Mediterranean,Country,ARE,United Arab Emirates,Year,2013,false,,,,,,,,,,,,,1790,,,,,,1789.69,,,EN,2025-12-04T11:00:00.000Z
GHED_CHE_pc_US_SHA2011,Current health expenditure (CHE) per capita in US$,numeric,EMR,Eastern Mediterranean,Country,MAR,Morocco,Year,2013,false,,,,,,,,,,,,,179.8,,,,,,179.82,,,EN,2025-12-04T11:00:00.000Z
GHED_CHE_pc_US_SHA2011,Current health expenditure (CHE) per capita in US$,numeric,WPR,Western Pacific,Country,MNG,Mongolia,Year,2013,false,,,,,,,,,,,,,180.4,,,,,,180.42,,,EN,2025-12-04T11:00:00.000Z
GHED_CHE_pc_US_SHA2011,Current health expenditure (CHE) per capita in US$,numeric,EUR,Europe,Country,GRC,Greece,Year,2013,false,,,,,,,,,,,,,1832,,,,,,1832.03,,,EN,2025-12-04T11:00:00.000Z
GHED_CHE_pc_US_SHA2011,Current health expenditure (CHE) per capita in US$,numeric,EMR,Eastern Mediterranean,Country,IRQ,Iraq,Year,2013,false,,,,,,,,,,,,,186.8,,,,,,186.79,,,EN,2025-12-04T11:00:00.000Z
GHED_CHE_pc_US_SHA2011,Current health expenditure (CHE) per capita in US$,numeric,AFR,Africa,Country,ETH,Ethiopia,Year,2013,false,,,,,,,,,,,,,19.27,,,,,,19.27,,,EN,2025-12-04T11:00:00.000Z
GHED_CHE_pc_US_SHA2011,Current health expenditure (CHE) per capita in US$,numeric,AFR,Africa,Country,MDG,Madagascar,Year,2013,false,,,,,,,,,,,,,19.33,,,,,,19.33,,,EN,2025-12-04T11:00:00.000Z
GHED_CHE_pc_US_SHA2011,Current health expenditure (CHE) per capita in US$,numeric,AFR,Africa,Country,CPV,Cabo Verde,Year,2013,false,,,,,,,,,,,,,191.1,,,,,,191.10,,,EN,2025-12-04T11:00:00.000Z
GHED_CHE_pc_US_SHA2011,Current health expenditure (CHE) per capita in US$,numeric,EUR,Europe,Country,CYP,Cyprus,Year,2013,false,,,,,,,,,,,,,1923,,,,,,1923.04,,,EN,2025-12-04T11:00:00.000Z
GHED_CHE_pc_US_SHA2011,Current health expenditure (CHE) per capita in US$,numeric,AMR,Americas,Country,GTM,Guatemala,Year,2013,false,,,,,,,,,,,,,198.8,,,,,,198.79,,,EN,2025-12-04T11:00:00.000Z
GHED_CHE_pc_US_SHA2011,Current health expenditure (CHE) per capita in US$,numeric,AFR,Africa,Country,BDI,Burundi,Year,2013,false,,,,,,,,,,,,,20.26,,,,,,20.26,,,EN,2025-12-04T11:00:00.000Z
GHED_CHE_pc_US_SHA2011,Current health expenditure (CHE) per capita in US$,numeric,EUR,Europe,Country,PRT,Portugal,Year,2013,false,,,,,,,,,,,,,2027,,,,,,2027.42,,,EN,2025-12-04T11:00:00.000Z
GHED_CHE_pc_US_SHA2011,Current health expenditure (CHE) per capita in US$,numeric,EMR,Eastern Mediterranean,Country,QAT,Qatar,Year,2013,false,,,,,,,,,,,,,2030,,,,,,2029.87,,,EN,2025-12-04T11:00:00.000Z
GHED_CHE_pc_US_SHA2011,Current health expenditure (CHE) per capita in US$,numeric,EUR,Europe,Country,SVN,Slovenia,Year,2013,false,,,,,,,,,,,,,2055,,,,,,2055.38,,,EN,2025-12-04T11:00:00.000Z
GHED_CHE_pc_US_SHA2011,Current health expenditure (CHE) per capita in US$,numeric,SEAR,South-East Asia,Country,THA,Thailand,Year,2013,false,,,,,,,,,,,,,207.8,,,,,,207.81,,,EN,2025-12-04T11:00:00.000Z
GHED_CHE_pc_US_SHA2011,Current health expenditure (CHE) per capita in US$,numeric,WPR,Western Pacific,Country,SGP,Singapore,Year,2013,false,,,,,,,,,,,,,2103,,,,,,2102.97,,,EN,2025-12-04T11:00:00.000Z
GHED_CHE_pc_US_SHA2011,Current health expenditure (CHE) per capita in US$,numeric,AMR,Americas,Country,GUY,Guyana,Year,2013,false,,,,,,,,,,,,,211.3,,,,,,211.29,,,EN,2025-12-04T11:00:00.000Z
GHED_CHE_pc_US_SHA2011,Current health expenditure (CHE) per capita in US$,numeric,EUR,Europe,Country,MLT,Malta,Year,2013,false,,,,,,,,,,,,,2127,,,,,,2127.06,,,EN,2025-12-04T11:00:00.000Z
GHED_CHE_pc_US_SHA2011,Current health expenditure (CHE) per capita in US$,numeric,EUR,Europe,Country,MDA,Republic of Moldova,Year,2013,false,,,,,,,,,,,,,231.7,,,,,,231.66,,,EN,2025-12-04T11:00:00.000Z
GHED_CHE_pc_US_SHA2011,Current health expenditure (CHE) per capita in US$,numeric,AFR,Africa,Country,NER,Niger,Year,2013,false,,,,,,,,,,,,,24.61,,,,,,24.61,,,EN,2025-12-04T11:00:00.000Z
GHED_CHE_pc_US_SHA2011,Current health expenditure (CHE) per capita in US$,numeric,WPR,Western Pacific,Country,WSM,Samoa,Year,2013,false,,,,,,,,,,,,,247.4,,,,,,247.41,,,EN,2025-12-04T11:00:00.000Z
GHED_CHE_pc_US_SHA2011,Current health expenditure (CHE) per capita in US$,numeric,AFR,Africa,Country,GMB,Gambia,Year,2013,false,,,,,,,,,,,,,25.59,,,,,,25.59,,,EN,2025-12-04T11:00:00.000Z
GHED_CHE_pc_US_SHA2011,Current health expenditure (CHE) per capita in US$,numeric,AFR,Africa,Country,GIN,Guinea,Year,2013,false,,,,,,,,,,,,,25.9,,,,,,25.90,,,EN,2025-12-04T11:00:00.000Z
GHED_CHE_pc_US_SHA2011,Current health expenditure (CHE) per capita in US$,numeric,EUR,Europe,Country,AZE,Azerbaijan,Year,2013,false,,,,,,,,,,,,,251.7,,,,,,251.68,,,EN,2025-12-04T11:00:00.000Z
GHED_CHE_pc_US_SHA2011,Current health expenditure (CHE) per capita in US$,numeric,SEAR,South-East Asia,Country,BGD,Bangladesh,Year,2013,false,,,,,,,,,,,,,26.97,,,,,,26.97,,,EN,2025-12-04T11:00:00.000Z
GHED_CHE_pc_US_SHA2011,Current health expenditure (CHE) per capita in US$,numeric,AFR,Africa,Country,GAB,Gabon,Year,2013,false,,,,,,,,,,,,,261.3,,,,,,261.29,,,EN,2025-12-04T11:00:00.000Z
GHED_CHE_pc_US_SHA2011,Current health expenditure (CHE) per capita in US$,numeric,AMR,Americas,Country,BLZ,Belize,Year,2013,false,,,,,,,,,,,,,263.1,,,,,,263.11,,,EN,2025-12-04T11:00:00.000Z
GHED_CHE_pc_US_SHA2011,Current health expenditure (CHE) per capita in US$,numeric,EUR,Europe,Country,ESP,Spain,Year,2013,false,,,,,,,,,,,,,2664,,,,,,2664.48,,,EN,2025-12-04T11:00:00.000Z
GHED_CHE_pc_US_SHA2011,Current health expenditure (CHE) per capita in US$,numeric,EUR,Europe,Country,ISR,Israel,Year,2013,false,,,,,,,,,,,,,2673,,,,,,2673.34,,,EN,2025-12-04T11:00:00.000Z
GHED_CHE_pc_US_SHA2011,Current health expenditure (CHE) per capita in US$,numeric,EUR,Europe,Country,UKR,Ukraine,Year,2013,false,,,,,,,,,,,,,275.9,,,,,,275.94,,,EN,2025-12-04T11:00:00.000Z
GHED_CHE_pc_US_SHA2011,Current health expenditure (CHE) per capita in US$,numeric,EUR,Europe,Country,ALB,Albania,Year,2013,false,,,,,,,,,,,,,276.1,,,,,,276.08,,,EN,2025-12-04T11:00:00.000Z
GHED_CHE_pc_US_SHA2011,Current health expenditure (CHE) per capita in US$,numeric,EMR,Eastern Mediterranean,Country,PAK,Pakistan,Year,2013,false,,,,,,,,,,,,,28.21,,,,,,28.21,,,EN,2025-12-04T11:00:00.000Z
GHED_CHE_pc_US_SHA2011,Current health expenditure (CHE) per capita in US$,numeric,EMR,Eastern Mediterranean,Country,TUN,Tunisia,Year,2013,false,,,,,,,,,,,,,284.6,,,,,,284.65,,,EN,2025-12-04T11:00:00.000Z
GHED_CHE_pc_US_SHA2011,Current health expenditure (CHE) per capita in US$,numeric,AFR,Africa,Country,GNQ,Equatorial Guinea,Year,2013,false,,,,,,,,,,,,,286.3,,,,,,286.34,,,EN,2025-12-04T11:00:00.000Z
GHED_CHE_pc_US_SHA2011,Current health expenditure (CHE) per capita in US$,numeric,EUR,Europe,Country,AND,Andorra,Year,2013,false,,,,,,,,,,,,,2887,,,,,,2886.97,,,EN,2025-12-04T11:00:00.000Z
GHED_CHE_pc_US_SHA2011,Current health expenditure (CHE) per capita in US$,numeric,AFR,Africa,Country,MLI,Mali,Year,2013,false,,,,,,,,,,,,,30.07,,,,,,30.07,,,EN,2025-12-04T11:00:00.000Z
GHED_CHE_pc_US_SHA2011,Current health expenditure (CHE) per capita in US$,numeric,AMR,Americas,Country,VCT,Saint Vincent and the Grenadines,Year,2013,false,,,,,,,,,,,,,300,,,,,,300.02,,,EN,2025-12-04T11:00:00.000Z
GHED_CHE_pc_US_SHA2011,Current health expenditure (CHE) per capita in US$,numeric,AMR,Americas,Country,DOM,Dominican Republic,Year,2013,false,,,,,,,,,,,,,302.3,,,,,,302.29,,,EN,2025-12-04T11:00:00.000Z
GHED_CHE_pc_US_SHA2011,Current health expenditure (CHE) per capita in US$,numeric,AFR,Africa,Country,SWZ,Eswatini,Year,2013,false,,,,,,,,,,,,,303.4,,,,,,303.40,,,EN,2025-12-04T11:00:00.000Z
GHED_CHE_pc_US_SHA2011,Current health expenditure (CHE) per capita in US$,numeric,EMR,Eastern Mediterranean,Country,JOR,Jordan,Year,2013,false,,,,,,,,,,,,,308.9,,,,,,308.94,,,EN,2025-12-04T11:00:00.000Z
GHED_CHE_pc_US_SHA2011,Current health expenditure (CHE) per capita in US$,numeric,AFR,Africa,Country,ERI,Eritrea,Year,2013,false,,,,,,,,,,,,,31.64,,,,,,31.64,,,EN,2025-12-04T11:00:00.000Z
GHED_CHE_pc_US_SHA2011,Current health expenditure (CHE) per capita in US$,numeric,EUR,Europe,Country,ITA,Italy,Year,2013,false,,,,,,,,,,,,,3140,,,,,,3139.88,,,EN,2025-12-04T11:00:00.000Z
GHED_CHE_pc_US_SHA2011,Current health expenditure (CHE) per capita in US$,numeric,AMR,Americas,Country,PER,Peru,Year,2013,false,,,,,,,,,,,,,321,,,,,,320.96,,,EN,2025-12-04T11:00:00.000Z
GHED_CHE_pc_US_SHA2011,Current health expenditure (CHE) per capita in US$,numeric,AMR,Americas,Country,JAM,Jamaica,Year,2013,false,,,,,,,,,,,,,322,,,,,,322.03,,,EN,2025-12-04T11:00:00.000Z
GHED_CHE_pc_US_SHA2011,Current health expenditure (CHE) per capita in US$,numeric,AMR,Americas,Country,SLV,El Salvador,Year,2013,false,,,,,,,,,,,,,324.3,,,,,,324.28,,,EN,2025-12-04T11:00:00.000Z
GHED_CHE_pc_US_SHA2011,Current health expenditure (CHE) per capita in US$,numeric,EMR,Eastern Mediterranean,Country,PSE,"occupied Palestinian territory, including east Jerusalem",Year,2013,false,,,,,,,,,,,,,327.3,,,,,,327.26,,,EN,2025-12-04T11:00:00.000Z
GHED_CHE_pc_US_SHA2011,Current health expenditure (CHE) per capita in US$,numeric,WPR,Western Pacific,Country,CHN,China,Year,2013,false,,,,,,,,,,,,,329.1,,,,,,329.09,,,EN,2025-12-04T11:00:00.000Z
GHED_CHE_pc_US_SHA2011,Current health expenditure (CHE) per capita in US$,numeric,AFR,Africa,Country,BEN,Benin,Year,2013,false,,,,,,,,,,,,,33.53,,,,,,33.53,,,EN,2025-12-04T11:00:00.000Z
GHED_CHE_pc_US_SHA2011,Current health expenditure (CHE) per capita in US$,numeric,AFR,Africa,Country,DZA,Algeria,Year,2013,false,,,,,,,,,,,,,337.6,,,,,,337.57,,,EN,2025-12-04T11:00:00.000Z
GHED_CHE_pc_US_SHA2011,Current health expenditure (CHE) per capita in US$,numeric,EUR,Europe,Country,TKM,Turkmenistan,Year,2013,false,,,,,,,,,,,,,339.9,,,,,,339.92,,,EN,2025-12-04T11:00:00.000Z
GHED_CHE_pc_US_SHA2011,Current health expenditure (CHE) per capita in US$,numeric,SEAR,South-East Asia,Country,NPL,Nepal,Year,2013,false,,,,,,,,,,,,,35.14,,,,,,35.14,,,EN,2025-12-04T11:00:00.000Z
GHED_CHE_pc_US_SHA2011,Current health expenditure (CHE) per capita in US$,numeric,WPR,Western Pacific,Country,FSM,Micronesia (Federated States of),Year,2013,false,,,,,,,,,,,,,354.8,,,,,,354.82,,,EN,2025-12-04T11:00:00.000Z
GHED_CHE_pc_US_SHA2011,Current health expenditure (CHE) per capita in US$,numeric,EUR,Europe,Country,KAZ,Kazakhstan,Year,2013,false,,,,,,,,,,,,,358.9,,,,,,358.91,,,EN,2025-12-04T11:00:00.000Z
GHED_CHE_pc_US_SHA2011,Current health expenditure (CHE) per capita in US$,numeric,EUR,Europe,Country,MKD,North Macedonia,Year,2013,false,,,,,,,,,,,,,361.1,,,,,,361.13,,,EN,2025-12-04T11:00:00.000Z
GHED_CHE_pc_US_SHA2011,Current health expenditure (CHE) per capita in US$,numeric,EUR,Europe,Country,GEO,Georgia,Year,2013,false,,,,,,,,,,,,,368.2,,,,,,368.16,,,EN,2025-12-04T11:00:00.000Z
GHED_CHE_pc_US_SHA2011,Current health expenditure (CHE) per capita in US$,numeric,SEAR,South-East Asia,Country,MMR,Myanmar,Year,2013,false,,,,,,,,,,,,,37.69,,,,,,37.69,,,EN,2025-12-04T11:00:00.000Z
GHED_CHE_pc_US_SHA2011,Current health expenditure (CHE) per capita in US$,numeric,AFR,Africa,Country,TCD,Chad,Year,2013,false,,,,,,,,,,,,,38.59,,,,,,38.59,,,EN,2025-12-04T11:00:00.000Z
GHED_CHE_pc_US_SHA2011,Current health expenditure (CHE) per capita in US$,numeric,WPR,Western Pacific,Country,MYS,Malaysia,Year,2013,false,,,,,,,,,,,,,381.7,,,,,,381.69,,,EN,2025-12-04T11:00:00.000Z
GHED_CHE_pc_US_SHA2011,Current health expenditure (CHE) per capita in US$,numeric,AMR,Americas,Country,DMA,Dominica,Year,2013,false,,,,,,,,,,,,,382.1,,,,,,382.11,,,EN,2025-12-04T11:00:00.000Z
GHED_CHE_pc_US_SHA2011,Current health expenditure (CHE) per capita in US$,numeric,WPR,Western Pacific,Country,NZL,New Zealand,Year,2013,false,,,,,,,,,,,,,3834,,,,,,3833.82,,,EN,2025-12-04T11:00:00.000Z
GHED_CHE_pc_US_SHA2011,Current health expenditure (CHE) per capita in US$,numeric,AFR,Africa,Country,MWI,Malawi,Year,2013,false,,,,,,,,,,,,,39.54,,,,,,39.54,,,EN,2025-12-04T11:00:00.000Z
GHED_CHE_pc_US_SHA2011,Current health expenditure (CHE) per capita in US$,numeric,AMR,Americas,Country,PRY,Paraguay,Year,2013,false,,,,,,,,,,,,,391.8,,,,,,391.80,,,EN,2025-12-04T11:00:00.000Z
GHED_CHE_pc_US_SHA2011,Current health expenditure (CHE) per capita in US$,numeric,EUR,Europe,Country,ARM,Armenia,Year,2013,false,,,,,,,,,,,,,392.9,,,,,,392.85,,,EN,2025-12-04T11:00:00.000Z
GHED_CHE_pc_US_SHA2011,Current health expenditure (CHE) per capita in US$,numeric,EUR,Europe,Country,ISL,Iceland,Year,2013,false,,,,,,,,,,,,,4096,,,,,,4095.68,,,EN,2025-12-04T11:00:00.000Z
GHED_CHE_pc_US_SHA2011,Current health expenditure (CHE) per capita in US$,numeric,AFR,Africa,Country,MOZ,Mozambique,Year,2013,false,,,,,,,,,,,,,41.5,,,,,,41.50,,,EN,2025-12-04T11:00:00.000Z
GHED_CHE_pc_US_SHA2011,Current health expenditure (CHE) per capita in US$,numeric,EUR,Europe,Country,SMR,San Marino,Year,2013,false,,,,,,,,,,,,,4113,,,,,,4113.47,,,EN,2025-12-04T11:00:00.000Z
GHED_CHE_pc_US_SHA2011,Current health expenditure (CHE) per capita in US$,numeric,EMR,Eastern Mediterranean,Country,IRN,Iran (Islamic Republic of),Year,2013,false,,,,,,,,,,,,,412,,,,,,412.03,,,EN,2025-12-04T11:00:00.000Z
GHED_CHE_pc_US_SHA2011,Current health expenditure (CHE) per capita in US$,numeric,AMR,Americas,Country,ECU,Ecuador,Year,2013,false,,,,,,,,,,,,,414.1,,,,,,414.13,,,EN,2025-12-04T11:00:00.000Z
GHED_CHE_pc_US_SHA2011,Current health expenditure (CHE) per capita in US$,numeric,AMR,Americas,Country,GRD,Grenada,Year,2013,false,,,,,,,,,,,,,417.7,,,,,,417.75,,,EN,2025-12-04T11:00:00.000Z
GHED_CHE_pc_US_SHA2011,Current health expenditure (CHE) per capita in US$,numeric,AFR,Africa,Country,BFA,Burkina Faso,Year,2013,false,,,,,,,,,,,,,42.27,,,,,,42.27,,,EN,2025-12-04T11:00:00.000Z
GHED_CHE_pc_US_SHA2011,Current health expenditure (CHE) per capita in US$,numeric,AFR,Africa,Country,TGO,Togo,Year,2013,false,,,,,,,,,,,,,42.4,,,,,,42.40,,,EN,2026-04-09T12:00:00.000Z
GHED_CHE_pc_US_SHA2011,Current health expenditure (CHE) per capita in US$,numeric,AFR,Africa,Country,TZA,United Republic of Tanzania,Year,2013,false,,,,,,,,,,,,,43.47,,,,,,43.47,,,EN,2025-12-04T11:00:00.000Z
GHED_CHE_pc_US_SHA2011,Current health expenditure (CHE) per capita in US$,numeric,WPR,Western Pacific,Country,LAO,Lao People's Democratic Republic,Year,2013,false,,,,,,,,,,,,,43.5,,,,,,43.50,,,EN,2025-12-04T11:00:00.000Z
GHED_CHE_pc_US_SHA2011,Current health expenditure (CHE) per capita in US$,numeric,AFR,Africa,Country,BWA,Botswana,Year,2013,false,,,,,,,,,,,,,433.3,,,,,,433.29,,,EN,2025-12-04T11:00:00.000Z
GHED_CHE_pc_US_SHA2011,Current health expenditure (CHE) per capita in US$,numeric,AMR,Americas,Country,SUR,Suriname,Year,2013,false,,,,,,,,,,,,,434.5,,,,,,434.50,,,EN,2025-12-04T11:00:00.000Z
GHED_CHE_pc_US_SHA2011,Current health expenditure (CHE) per capita in US$,numeric,EUR,Europe,Country,GBR,United Kingdom of Great Britain and Northern Ireland,Year,2013,false,,,,,,,,,,,,,4340,,,,,,4340.17,,,EN,2025-12-04T11:00:00.000Z
GHED_CHE_pc_US_SHA2011,Current health expenditure (CHE) per capita in US$,numeric,WPR,Western Pacific,Country,JPN,Japan,Year,2013,false,,,,,,,,,,,,,4356,,,,,,4356.16,,,EN,2025-12-04T11:00:00.000Z
GHED_CHE_pc_US_SHA2011,Current health expenditure (CHE) per capita in US$,numeric,AFR,Africa,Country,MUS,Mauritius,Year,2013,false,,,,,,,,,,,,,440,,,,,,440.00,,,EN,2025-12-04T11:00:00.000Z
GHED_CHE_pc_US_SHA2011,Current health expenditure (CHE) per capita in US$,numeric,WPR,Western Pacific,Country,MHL,Marshall Islands,Year,2013,false,,,,,,,,,,,,,445.4,,,,,,445.42,,,EN,2025-12-04T11:00:00.000Z
GHED_CHE_pc_US_SHA2011,Current health expenditure (CHE) per capita in US$,numeric,EUR,Europe,Country,BLR,Belarus,Year,2013,false,,,,,,,,,,,,,454.5,,,,,,454.52,,,EN,2025-12-04T11:00:00.000Z
GHED_CHE_pc_US_SHA2011,Current health expenditure (CHE) per capita in US$,numeric,AFR,Africa,Country,GNB,Guinea-Bissau,Year,2013,false,,,,,,,,,,,,,46.06,,,,,,46.06,,,EN,2025-12-04T11:00:00.000Z
GHED_CHE_pc_US_SHA2011,Current health expenditure (CHE) per capita in US$,numeric,EMR,Eastern Mediterranean,Country,SYR,Syrian Arab Republic,Year,2013,false,,,,,,,,,,,,,47.07,,,,,,47.07,,,EN,2025-12-04T11:00:00.000Z
GHED_CHE_pc_US_SHA2011,Current health expenditure (CHE) per capita in US$,numeric,AFR,Africa,Country,RWA,Rwanda,Year,2013,false,,,,,,,,,,,,,47.75,,,,,,47.75,,,EN,2025-12-04T11:00:00.000Z
GHED_CHE_pc_US_SHA2011,Current health expenditure (CHE) per capita in US$,numeric,EUR,Europe,Country,BIH,Bosnia and Herzegovina,Year,2013,false,,,,,,,,,,,,,475.1,,,,,,475.07,,,EN,2025-12-04T11:00:00.000Z
GHED_CHE_pc_US_SHA2011,Current health expenditure (CHE) per capita in US$,numeric,AFR,Africa,Country,LBR,Liberia,Year,2013,false,,,,,,,,,,,,,48.73,,,,,,48.73,,,EN,2025-12-04T11:00:00.000Z
GHED_CHE_pc_US_SHA2011,Current health expenditure (CHE) per capita in US$,numeric,WPR,Western Pacific,Country,TUV,Tuvalu,Year,2013,false,,,,,,,,,,,,,484.6,,,,,,484.59,,,EN,2025-12-04T11:00:00.000Z
GHED_CHE_pc_US_SHA2011,Current health expenditure (CHE) per capita in US$,numeric,AMR,Americas,Country,LCA,Saint Lucia,Year,2013,false,,,,,,,,,,,,,485.7,,,,,,485.66,,,EN,2025-12-04T11:00:00.000Z
GHED_CHE_pc_US_SHA2011,Current health expenditure (CHE) per capita in US$,numeric,EUR,Europe,Country,FRA,France,Year,2013,false,,,,,,,,,,,,,4885,,,,,,4884.72,,,EN,2025-12-04T11:00:00.000Z
GHED_CHE_pc_US_SHA2011,Current health expenditure (CHE) per capita in US$,numeric,EUR,Europe,Country,FIN,Finland,Year,2013,false,,,,,,,,,,,,,4892,,,,,,4892.03,,,EN,2025-12-04T11:00:00.000Z
GHED_CHE_pc_US_SHA2011,Current health expenditure (CHE) per capita in US$,numeric,EUR,Europe,Country,ROU,Romania,Year,2013,false,,,,,,,,,,,,,495.2,,,,,,495.24,,,EN,2025-12-04T11:00:00.000Z
GHED_CHE_pc_US_SHA2011,Current health expenditure (CHE) per capita in US$,numeric,EUR,Europe,Country,BEL,Belgium,Year,2013,false,,,,,,,,,,,,,5006,,,,,,5005.65,,,EN,2025-12-04T11:00:00.000Z
GHED_CHE_pc_US_SHA2011,Current health expenditure (CHE) per capita in US$,numeric,EUR,Europe,Country,DEU,Germany,Year,2013,false,,,,,,,,,,,,,5081,,,,,,5080.62,,,EN,2025-12-04T11:00:00.000Z
GHED_CHE_pc_US_SHA2011,Current health expenditure (CHE) per capita in US$,numeric,AFR,Africa,Country,UGA,Uganda,Year,2013,false,,,,,,,,,,,,,52.91,,,,,,52.91,,,EN,2025-12-04T11:00:00.000Z
GHED_CHE_pc_US_SHA2011,Current health expenditure (CHE) per capita in US$,numeric,EUR,Europe,Country,AUT,Austria,Year,2013,false,,,,,,,,,,,,,5252,,,,,,5251.97,,,EN,2025-12-04T11:00:00.000Z
GHED_CHE_pc_US_SHA2011,Current health expenditure (CHE) per capita in US$,numeric,EUR,Europe,Country,IRL,Ireland,Year,2013,false,,,,,,,,,,,,,5296,,,,,,5295.52,,,EN,2025-12-04T11:00:00.000Z
GHED_CHE_pc_US_SHA2011,Current health expenditure (CHE) per capita in US$,numeric,AFR,Africa,Country,NAM,Namibia,Year,2013,false,,,,,,,,,,,,,539.4,,,,,,539.41,,,EN,2025-12-04T11:00:00.000Z
GHED_CHE_pc_US_SHA2011,Current health expenditure (CHE) per capita in US$,numeric,WPR,Western Pacific,Country,COK,Cook Islands,Year,2013,false,,,,,,,,,,,,,541.8,,,,,,541.84,,,EN,2025-12-04T11:00:00.000Z
GHED_CHE_pc_US_SHA2011,Current health expenditure (CHE) per capita in US$,numeric,AFR,Africa,Country,SYC,Seychelles,Year,2013,false,,,,,,,,,,,,,545.2,,,,,,545.25,,,EN,2025-12-04T11:00:00.000Z
GHED_CHE_pc_US_SHA2011,Current health expenditure (CHE) per capita in US$,numeric,AMR,Americas,Country,CAN,Canada,Year,2013,false,,,,,,,,,,,,,5460,,,,,,5460.03,,,EN,2025-12-04T11:00:00.000Z
GHED_CHE_pc_US_SHA2011,Current health expenditure (CHE) per capita in US$,numeric,EUR,Europe,Country,TUR,Türkiye,Year,2013,false,,,,,,,,,,,,,548,,,,,,547.95,,,EN,2025-12-04T11:00:00.000Z
GHED_CHE_pc_US_SHA2011,Current health expenditure (CHE) per capita in US$,numeric,SEAR,South-East Asia,Country,IND,India,Year,2013,false,,,,,,,,,,,,,55.47,,,,,,55.47,,,EN,2025-12-04T11:00:00.000Z
GHED_CHE_pc_US_SHA2011,Current health expenditure (CHE) per capita in US$,numeric,AFR,Africa,Country,MRT,Mauritania,Year,2013,false,,,,,,,,,,,,,55.47,,,,,,55.47,,,EN,2025-12-04T11:00:00.000Z
GHED_CHE_pc_US_SHA2011,Current health expenditure (CHE) per capita in US$,numeric,EUR,Europe,Country,BGR,Bulgaria,Year,2013,false,,,,,,,,,,,,,553.7,,,,,,553.69,,,EN,2025-12-04T11:00:00.000Z
GHED_CHE_pc_US_SHA2011,Current health expenditure (CHE) per capita in US$,numeric,EUR,Europe,Country,NLD,Netherlands (Kingdom of the),Year,2013,false,,,,,,,,,,,,,5533,,,,,,5532.73,,,EN,2025-12-04T11:00:00.000Z
GHED_CHE_pc_US_SHA2011,Current health expenditure (CHE) per capita in US$,numeric,EMR,Eastern Mediterranean,Country,AFG,Afghanistan,Year,2013,false,,,,,,,,,,,,,56.16,,,,,,56.16,,,EN,2025-12-04T11:00:00.000Z
GHED_CHE_pc_US_SHA2011,Current health expenditure (CHE) per capita in US$,numeric,AFR,Africa,Country,CMR,Cameroon,Year,2013,false,,,,,,,,,,,,,57.23,,,,,,57.23,,,EN,2025-12-04T11:00:00.000Z
GHED_CHE_pc_US_SHA2011,Current health expenditure (CHE) per capita in US$,numeric,EMR,Eastern Mediterranean,Country,LBN,Lebanon,Year,2013,false,,,,,,,,,,,,,576.9,,,,,,576.87,,,EN,2025-12-04T11:00:00.000Z
GHED_CHE_pc_US_SHA2011,Current health expenditure (CHE) per capita in US$,numeric,AMR,Americas,Country,COL,Colombia,Year,2013,false,,,,,,,,,,,,,581,,,,,,580.96,,,EN,2025-12-04T11:00:00.000Z
GHED_CHE_pc_US_SHA2011,Current health expenditure (CHE) per capita in US$,numeric,WPR,Western Pacific,Country,AUS,Australia,Year,2013,false,,,,,,,,,,,,,5812,,,,,,5811.87,,,EN,2025-12-04T11:00:00.000Z
GHED_CHE_pc_US_SHA2011,Current health expenditure (CHE) per capita in US$,numeric,EMR,Eastern Mediterranean,Country,OMN,Oman,Year,2013,false,,,,,,,,,,,,,587.7,,,,,,587.71,,,EN,2025-12-04T11:00:00.000Z
GHED_CHE_pc_US_SHA2011,Current health expenditure (CHE) per capita in US$,numeric,AMR,Americas,Country,HTI,Haiti,Year,2013,false,,,,,,,,,,,,,59.38,,,,,,59.38,,,EN,2025-12-04T11:00:00.000Z
GHED_CHE_pc_US_SHA2011,Current health expenditure (CHE) per capita in US$,numeric,AFR,Africa,Country,ZAF,South Africa,Year,2013,false,,,,,,,,,,,,,593.8,,,,,,593.80,,,EN,2025-12-04T11:00:00.000Z
GHED_CHE_pc_US_SHA2011,Current health expenditure (CHE) per capita in US$,numeric,EMR,Eastern Mediterranean,Country,LBY,Libya,Year,2013,false,,,,,,,,,,,,,594.7,,,,,,594.65,,,EN,2025-12-04T11:00:00.000Z
GHED_CHE_pc_US_SHA2011,Current health expenditure (CHE) per capita in US$,numeric,EUR,Europe,Country,MNE,Montenegro,Year,2013,false,,,,,,,,,,,,,597.2,,,,,,597.18,,,EN,2025-12-04T11:00:00.000Z
GHED_CHE_pc_US_SHA2011,Current health expenditure (CHE) per capita in US$,numeric,AFR,Africa,Country,SEN,Senegal,Year,2013,false,,,,,,,,,,,,,60.52,,,,,,60.52,,,EN,2025-12-04T11:00:00.000Z
GHED_CHE_pc_US_SHA2011,Current health expenditure (CHE) per capita in US$,numeric,EMR,Eastern Mediterranean,Country,DJI,Djibouti,Year,2013,false,,,,,,,,,,,,,60.57,,,,,,60.57,,,EN,2025-12-04T11:00:00.000Z
GHED_CHE_pc_US_SHA2011,Current health expenditure (CHE) per capita in US$,numeric,AMR,Americas,Country,MEX,Mexico,Year,2013,false,,,,,,,,,,,,,625.6,,,,,,625.60,,,EN,2025-12-04T11:00:00.000Z
GHED_CHE_pc_US_SHA2011,Current health expenditure (CHE) per capita in US$,numeric,EUR,Europe,Country,SRB,Serbia,Year,2013,false,,,,,,,,,,,,,627.5,,,,,,627.53,,,EN,2025-12-04T11:00:00.000Z
GHED_CHE_pc_US_SHA2011,Current health expenditure (CHE) per capita in US$,numeric,EUR,Europe,Country,DNK,Denmark,Year,2013,false,,,,,,,,,,,,,6320,,,,,,6320.08,,,EN,2025-12-04T11:00:00.000Z
GHED_CHE_pc_US_SHA2011,Current health expenditure (CHE) per capita in US$,numeric,EUR,Europe,Country,LUX,Luxembourg,Year,2013,false,,,,,,,,,,,,,6357,,,,,,6356.64,,,EN,2025-12-04T11:00:00.000Z
GHED_CHE_pc_US_SHA2011,Current health expenditure (CHE) per capita in US$,numeric,WPR,Western Pacific,Country,KHM,Cambodia,Year,2013,false,,,,,,,,,,,,,65.4,,,,,,65.40,,,EN,2025-12-04T11:00:00.000Z
GHED_CHE_pc_US_SHA2011,Current health expenditure (CHE) per capita in US$,numeric,AFR,Africa,Country,CIV,Cote d'Ivoire,Year,2013,false,,,,,,,,,,,,,67.13,,,,,,67.13,,,EN,2025-12-04T11:00:00.000Z
GHED_CHE_pc_US_SHA2011,Current health expenditure (CHE) per capita in US$,numeric,AFR,Africa,Country,KEN,Kenya,Year,2013,false,,,,,,,,,,,,,67.6,,,,,,67.60,,,EN,2025-12-04T11:00:00.000Z
GHED_CHE_pc_US_SHA2011,Current health expenditure (CHE) per capita in US$,numeric,EUR,Europe,Country,TJK,Tajikistan,Year,2013,false,,,,,,,,,,,,,67.62,,,,,,67.62,,,EN,2025-12-04T11:00:00.000Z
GHED_CHE_pc_US_SHA2011,Current health expenditure (CHE) per capita in US$,numeric,SEAR,South-East Asia,Country,MDV,Maldives,Year,2013,false,,,,,,,,,,,,,671.7,,,,,,671.65,,,EN,2025-12-04T11:00:00.000Z
GHED_CHE_pc_US_SHA2011,Current health expenditure (CHE) per capita in US$,numeric,EUR,Europe,Country,SWE,Sweden,Year,2013,false,,,,,,,,,,,,,6716,,,,,,6716.21,,,EN,2025-12-04T11:00:00.000Z
GHED_CHE_pc_US_SHA2011,Current health expenditure (CHE) per capita in US$,numeric,EMR,Eastern Mediterranean,Country,YEM,Yemen,Year,2013,false,,,,,,,,,,,,,68.4,,,,,,68.40,,,EN,2025-12-04T11:00:00.000Z
GHED_CHE_pc_US_SHA2011,Current health expenditure (CHE) per capita in US$,numeric,AFR,Africa,Country,COG,Congo,Year,2013,false,,,,,,,,,,,,,71.86,,,,,,71.86,,,EN,2025-12-04T11:00:00.000Z
GHED_CHE_pc_US_SHA2011,Current health expenditure (CHE) per capita in US$,numeric,AMR,Americas,Country,CUB,Cuba,Year,2013,false,,,,,,,,,,,,,712.3,,,,,,712.27,,,EN,2025-12-04T11:00:00.000Z
GHED_CHE_pc_US_SHA2011,Current health expenditure (CHE) per capita in US$,numeric,AMR,Americas,Country,ATG,Antigua and Barbuda,Year,2013,false,,,,,,,,,,,,,739.1,,,,,,739.10,,,EN,2025-12-04T11:00:00.000Z
GHED_CHE_pc_US_SHA2011,Current health expenditure (CHE) per capita in US$,numeric,WPR,Western Pacific,Country,PNG,Papua New Guinea,Year,2013,false,,,,,,,,,,,,,76.75,,,,,,76.75,,,EN,2025-12-04T11:00:00.000Z
GHED_CHE_pc_US_SHA2011,Current health expenditure (CHE) per capita in US$,numeric,EUR,Europe,Country,RUS,Russian Federation,Year,2013,false,,,,,,,,,,,,,805.5,,,,,,805.52,,,EN,2025-12-04T11:00:00.000Z
GHED_CHE_pc_US_SHA2011,Current health expenditure (CHE) per capita in US$,numeric,AMR,Americas,Country,PAN,Panama,Year,2013,false,,,,,,,,,,,,,805.8,,,,,,805.79,,,EN,2025-12-04T11:00:00.000Z
GHED_CHE_pc_US_SHA2011,Current health expenditure (CHE) per capita in US$,numeric,EUR,Europe,Country,LVA,Latvia,Year,2013,false,,,,,,,,,,,,,807.1,,,,,,807.13,,,EN,2025-12-04T11:00:00.000Z
GHED_CHE_pc_US_SHA2011,Current health expenditure (CHE) per capita in US$,numeric,WPR,Western Pacific,Country,NRU,Naoero,Year,2013,false,,,,,,,,,,,,,808.1,,,,,,808.11,,,EN,2025-12-04T11:00:00.000Z
GHED_CHE_pc_US_SHA2011,Current health expenditure (CHE) per capita in US$,numeric,AFR,Africa,Country,COM,Comoros,Year,2013,false,,,,,,,,,,,,,81.82,,,,,,81.82,,,EN,2025-12-04T11:00:00.000Z
GHED_CHE_pc_US_SHA2011,Current health expenditure (CHE) per capita in US$,numeric,AMR,Americas,Country,CRI,Costa Rica,Year,2013,false,,,,,,,,,,,,,829.9,,,,,,829.94,,,EN,2025-12-04T11:00:00.000Z
GHED_CHE_pc_US_SHA2011,Current health expenditure (CHE) per capita in US$,numeric,AFR,Africa,Country,ZMB,Zambia,Year,2013,false,,,,,,,,,,,,,83.29,,,,,,83.29,,,EN,2025-12-04T11:00:00.000Z
GHED_CHE_pc_US_SHA2011,Current health expenditure (CHE) per capita in US$,numeric,WPR,Western Pacific,Country,BRN,Brunei Darussalam,Year,2013,false,,,,,,,,,,,,,835.3,,,,,,835.32,,,EN,2025-12-04T11:00:00.000Z
GHED_CHE_pc_US_SHA2011,Current health expenditure (CHE) per capita in US$,numeric,AFR,Africa,Country,SLE,Sierra Leone,Year,2013,false,,,,,,,,,,,,,84.94,,,,,,84.94,,,EN,2025-12-04T11:00:00.000Z
GHED_CHE_pc_US_SHA2011,Current health expenditure (CHE) per capita in US$,numeric,AMR,Americas,Country,USA,United States of America,Year,2013,false,,,,,,,,,,,,,8412,,,,,,8412.25,,,EN,2025-12-04T11:00:00.000Z
GHED_CHE_pc_US_SHA2011,Current health expenditure (CHE) per capita in US$,numeric,EUR,Europe,Country,MCO,Monaco,Year,2013,false,,,,,,,,,,,,,8459,,,,,,8459.11,,,EN,2025-12-04T11:00:00.000Z
GHED_CHE_pc_US_SHA2011,Current health expenditure (CHE) per capita in US$,numeric,SEAR,South-East Asia,Country,BTN,Bhutan,Year,2013,false,,,,,,,,,,,,,86.41,,,,,,86.41,,,EN,2025-12-04T11:00:00.000Z
GHED_CHE_pc_US_SHA2011,Current health expenditure (CHE) per capita in US$,numeric,EUR,Europe,Country,POL,Poland,Year,2013,false,,,,,,,,,,,,,878.1,,,,,,878.09,,,EN,2025-12-04T11:00:00.000Z
GHED_CHE_pc_US_SHA2011,Current health expenditure (CHE) per capita in US$,numeric,EUR,Europe,Country,HRV,Croatia,Year,2013,false,,,,,,,,,,,,,894.1,,,,,,894.07,,,EN,2025-12-04T11:00:00.000Z
GHED_CHE_pc_US_SHA2011,Current health expenditure (CHE) per capita in US$,numeric,EUR,Europe,Country,NOR,Norway,Year,2013,false,,,,,,,,,,,,,9241,,,,,,9241.27,,,EN,2025-12-04T11:00:00.000Z
GHED_CHE_pc_US_SHA2011,Current health expenditure (CHE) per capita in US$,numeric,EUR,Europe,Country,CHE,Switzerland,Year,2013,false,,,,,,,,,,,,,9247,,,,,,9247.28,,,EN,2025-12-04T11:00:00.000Z
GHED_CHE_pc_US_SHA2011,Current health expenditure (CHE) per capita in US$,numeric,AMR,Americas,Country,KNA,Saint Kitts and Nevis,Year,2013,false,,,,,,,,,,,,,938.9,,,,,,938.89,,,EN,2025-12-04T11:00:00.000Z
GHED_CHE_pc_US_SHA2011,Current health expenditure (CHE) per capita in US$,numeric,EUR,Europe,Country,LTU,Lithuania,Year,2013,false,,,,,,,,,,,,,958,,,,,,958.05,,,EN,2025-12-04T11:00:00.000Z
GHED_CHE_pc_US_SHA2011,Current health expenditure (CHE) per capita in US$,numeric,AFR,Africa,Country,ZWE,Zimbabwe,Year,2013,false,,,,,,,,,,,,,96.86,,,,,,96.86,,,EN,2025-12-04T11:00:00.000Z
GHED_CHE_pc_US_SHA2011,Current health expenditure (CHE) per capita in US$,numeric,AFR,Africa,Country,NGA,Nigeria,Year,2013,false,,,,,,,,,,,,,97.3,,,,,,97.30,,,EN,2025-12-04T11:00:00.000Z
GHED_CHE_pc_US_SHA2011,Current health expenditure (CHE) per capita in US$,numeric,EMR,Eastern Mediterranean,Country,SDN,Sudan,Year,2013,false,,,,,,,,,,,,,97.49,,,,,,97.49,,,EN,2025-12-04T11:00:00.000Z
GHED_CHE_pc_US_SHA2011,Current health expenditure (CHE) per capita in US$,numeric,AMR,Americas,Country,TTO,Trinidad and Tobago,Year,2013,false,,,,,,,,,,,,,970.9,,,,,,970.90,,,EN,2025-12-04T11:00:00.000Z
GHED_CHE_pc_US_SHA2011,Current health expenditure (CHE) per capita in US$,numeric,WPR,Western Pacific,Country,SLB,Solomon Islands,Year,2013,false,,,,,,,,,,,,,99,,,,,,99.00,,,EN,2025-12-04T11:00:00.000Z
GHED_CHE_pc_US_SHA2011,Current health expenditure (CHE) per capita in US$,numeric,EUR,Europe,Country,HUN,Hungary,Year,2013,false,,,,,,,,,,,,,992,,,,,,991.99,,,EN,2025-12-04T11:00:00.000Z
GHED_CHE_pc_US_SHA2011,Current health expenditure (CHE) per capita in US$,numeric,AMR,Americas,Country,BRA,Brazil,Year,2013,false,,,,,,,,,,,,,993.8,,,,,,993.80,,,EN,2025-12-04T11:00:00.000Z
GHED_CHE_pc_US_SHA2011,Current health expenditure (CHE) per capita in US$,numeric,EUR,Europe,Country,LIE,Liechtenstein,Year,2013,false,,,,,,,,,,,,,9956,,,,,,9956.30,,,EN,2026-01-11T11:00:00.000Z
GHED_CHE_pc_US_SHA2011,Current health expenditure (CHE) per capita in US$,numeric,WPR,Western Pacific,Country,SLB,Solomon Islands,Year,2012,false,,,,,,,,,,,,,100.8,,,,,,100.85,,,EN,2025-12-04T11:00:00.000Z
GHED_CHE_pc_US_SHA2011,Current health expenditure (CHE) per capita in US$,numeric,EUR,Europe,Country,HRV,Croatia,Year,2012,false,,,,,,,,,,,,,1034,,,,,,1034.02,,,EN,2025-12-04T11:00:00.000Z
GHED_CHE_pc_US_SHA2011,Current health expenditure (CHE) per capita in US$,numeric,EMR,Eastern Mediterranean,Country,BHR,Bahrain,Year,2012,false,,,,,,,,,,,,,1038,,,,,,1038.17,,,EN,2025-12-04T11:00:00.000Z
GHED_CHE_pc_US_SHA2011,Current health expenditure (CHE) per capita in US$,numeric,WPR,Western Pacific,Country,IDN,Indonesia,Year,2012,false,,,,,,,,,,,,,105.9,,,,,,105.85,,,EN,2025-12-04T11:00:00.000Z
GHED_CHE_pc_US_SHA2011,Current health expenditure (CHE) per capita in US$,numeric,EUR,Europe,Country,EST,Estonia,Year,2012,false,,,,,,,,,,,,,1059,,,,,,1058.72,,,EN,2025-12-04T11:00:00.000Z
GHED_CHE_pc_US_SHA2011,Current health expenditure (CHE) per capita in US$,numeric,AMR,Americas,Country,CHL,Chile,Year,2012,false,,,,,,,,,,,,,1071,,,,,,1070.51,,,EN,2025-12-04T11:00:00.000Z
GHED_CHE_pc_US_SHA2011,Current health expenditure (CHE) per capita in US$,numeric,WPR,Western Pacific,Country,PHL,Philippines,Year,2012,false,,,,,,,,,,,,,109.2,,,,,,109.21,,,EN,2025-12-04T11:00:00.000Z
GHED_CHE_pc_US_SHA2011,Current health expenditure (CHE) per capita in US$,numeric,WPR,Western Pacific,Country,VNM,Viet Nam,Year,2012,false,,,,,,,,,,,,,109.3,,,,,,109.29,,,EN,2025-12-04T11:00:00.000Z
GHED_CHE_pc_US_SHA2011,Current health expenditure (CHE) per capita in US$,numeric,EMR,Eastern Mediterranean,Country,SAU,Saudi Arabia,Year,2012,false,,,,,,,,,,,,,1093,,,,,,1093.16,,,EN,2025-12-04T11:00:00.000Z
GHED_CHE_pc_US_SHA2011,Current health expenditure (CHE) per capita in US$,numeric,SEAR,South-East Asia,Country,LKA,Sri Lanka,Year,2012,false,,,,,,,,,,,,,110,,,,,,110.04,,,EN,2025-12-04T11:00:00.000Z
GHED_CHE_pc_US_SHA2011,Current health expenditure (CHE) per capita in US$,numeric,WPR,Western Pacific,Country,VUT,Vanuatu,Year,2012,false,,,,,,,,,,,,,118.3,,,,,,118.28,,,EN,2025-12-04T11:00:00.000Z
GHED_CHE_pc_US_SHA2011,Current health expenditure (CHE) per capita in US$,numeric,WPR,Western Pacific,Country,NIU,Niue,Year,2012,false,,,,,,,,,,,,,1198,,,,,,1198.02,,,EN,2025-12-04T11:00:00.000Z
GHED_CHE_pc_US_SHA2011,Current health expenditure (CHE) per capita in US$,numeric,AFR,Africa,Country,AGO,Angola,Year,2012,false,,,,,,,,,,,,,121.8,,,,,,121.85,,,EN,2025-12-04T11:00:00.000Z
GHED_CHE_pc_US_SHA2011,Current health expenditure (CHE) per capita in US$,numeric,EMR,Eastern Mediterranean,Country,KWT,Kuwait,Year,2012,false,,,,,,,,,,,,,1217,,,,,,1216.87,,,EN,2025-12-04T11:00:00.000Z
GHED_CHE_pc_US_SHA2011,Current health expenditure (CHE) per capita in US$,numeric,WPR,Western Pacific,Country,PLW,Palau,Year,2012,false,,,,,,,,,,,,,1240,,,,,,1239.99,,,EN,2025-12-04T11:00:00.000Z
GHED_CHE_pc_US_SHA2011,Current health expenditure (CHE) per capita in US$,numeric,AFR,Africa,Country,LSO,Lesotho,Year,2012,false,,,,,,,,,,,,,125.4,,,,,,125.38,,,EN,2025-12-04T11:00:00.000Z
GHED_CHE_pc_US_SHA2011,Current health expenditure (CHE) per capita in US$,numeric,EUR,Europe,Country,UZB,Uzbekistan,Year,2012,false,,,,,,,,,,,,,127.9,,,,,,127.94,,,EN,2025-12-04T11:00:00.000Z
GHED_CHE_pc_US_SHA2011,Current health expenditure (CHE) per capita in US$,numeric,AMR,Americas,Country,BRB,Barbados,Year,2012,false,,,,,,,,,,,,,1295,,,,,,1294.79,,,EN,2025-12-04T11:00:00.000Z
GHED_CHE_pc_US_SHA2011,Current health expenditure (CHE) per capita in US$,numeric,AFR,Africa,Country,COD,Democratic Republic of the Congo,Year,2012,false,,,,,,,,,,,,,13.21,,,,,,13.21,,,EN,2025-12-04T11:00:00.000Z
GHED_CHE_pc_US_SHA2011,Current health expenditure (CHE) per capita in US$,numeric,EUR,Europe,Country,SVK,Slovakia,Year,2012,false,,,,,,,,,,,,,1319,,,,,,1319.44,,,EN,2025-12-04T11:00:00.000Z
GHED_CHE_pc_US_SHA2011,Current health expenditure (CHE) per capita in US$,numeric,AMR,Americas,Country,NIC,Nicaragua,Year,2012,false,,,,,,,,,,,,,133.6,,,,,,133.64,,,EN,2025-12-04T11:00:00.000Z
GHED_CHE_pc_US_SHA2011,Current health expenditure (CHE) per capita in US$,numeric,AMR,Americas,Country,URY,Uruguay,Year,2012,false,,,,,,,,,,,,,1347,,,,,,1347.03,,,EN,2025-12-04T11:00:00.000Z
GHED_CHE_pc_US_SHA2011,Current health expenditure (CHE) per capita in US$,numeric,AMR,Americas,Country,BOL,Bolivia (Plurinational State of),Year,2012,false,,,,,,,,,,,,,135.3,,,,,,135.32,,,EN,2025-12-04T11:00:00.000Z
GHED_CHE_pc_US_SHA2011,Current health expenditure (CHE) per capita in US$,numeric,AMR,Americas,Country,ARG,Argentina,Year,2012,false,,,,,,,,,,,,,1363,,,,,,1363.22,,,EN,2025-12-04T11:00:00.000Z
GHED_CHE_pc_US_SHA2011,Current health expenditure (CHE) per capita in US$,numeric,EMR,Eastern Mediterranean,Country,EGY,Egypt,Year,2012,false,,,,,,,,,,,,,139.8,,,,,,139.82,,,EN,2025-12-04T11:00:00.000Z
GHED_CHE_pc_US_SHA2011,Current health expenditure (CHE) per capita in US$,numeric,WPR,Western Pacific,Country,KIR,Kiribati,Year,2012,false,,,,,,,,,,,,,146.6,,,,,,146.62,,,EN,2025-12-04T11:00:00.000Z
GHED_CHE_pc_US_SHA2011,Current health expenditure (CHE) per capita in US$,numeric,EUR,Europe,Country,CZE,Czechia,Year,2012,false,,,,,,,,,,,,,1510,,,,,,1509.78,,,EN,2025-12-04T11:00:00.000Z
GHED_CHE_pc_US_SHA2011,Current health expenditure (CHE) per capita in US$,numeric,AMR,Americas,Country,BHS,Bahamas,Year,2012,false,,,,,,,,,,,,,1519,,,,,,1518.65,,,EN,2025-12-04T11:00:00.000Z
GHED_CHE_pc_US_SHA2011,Current health expenditure (CHE) per capita in US$,numeric,WPR,Western Pacific,Country,FJI,Fiji,Year,2012,false,,,,,,,,,,,,,153.6,,,,,,153.57,,,EN,2025-12-04T11:00:00.000Z
GHED_CHE_pc_US_SHA2011,Current health expenditure (CHE) per capita in US$,numeric,WPR,Western Pacific,Country,KOR,Republic of Korea,Year,2012,false,,,,,,,,,,,,,1604,,,,,,1603.93,,,EN,2025-12-04T11:00:00.000Z
GHED_CHE_pc_US_SHA2011,Current health expenditure (CHE) per capita in US$,numeric,WPR,Western Pacific,Country,MNG,Mongolia,Year,2012,false,,,,,,,,,,,,,169.7,,,,,,169.65,,,EN,2025-12-04T11:00:00.000Z
GHED_CHE_pc_US_SHA2011,Current health expenditure (CHE) per capita in US$,numeric,EMR,Eastern Mediterranean,Country,ARE,United Arab Emirates,Year,2012,false,,,,,,,,,,,,,1711,,,,,,1711.39,,,EN,2025-12-04T11:00:00.000Z
GHED_CHE_pc_US_SHA2011,Current health expenditure (CHE) per capita in US$,numeric,EMR,Eastern Mediterranean,Country,QAT,Qatar,Year,2012,false,,,,,,,,,,,,,1713,,,,,,1712.67,,,EN,2025-12-04T11:00:00.000Z
GHED_CHE_pc_US_SHA2011,Current health expenditure (CHE) per capita in US$,numeric,EMR,Eastern Mediterranean,Country,MAR,Morocco,Year,2012,false,,,,,,,,,,,,,172,,,,,,172.04,,,EN,2025-12-04T11:00:00.000Z
GHED_CHE_pc_US_SHA2011,Current health expenditure (CHE) per capita in US$,numeric,EMR,Eastern Mediterranean,Country,IRQ,Iraq,Year,2012,false,,,,,,,,,,,,,174.5,,,,,,174.48,,,EN,2025-12-04T11:00:00.000Z
GHED_CHE_pc_US_SHA2011,Current health expenditure (CHE) per capita in US$,numeric,AFR,Africa,Country,CPV,Cabo Verde,Year,2012,false,,,,,,,,,,,,,174.7,,,,,,174.66,,,EN,2025-12-04T11:00:00.000Z
GHED_CHE_pc_US_SHA2011,Current health expenditure (CHE) per capita in US$,numeric,AMR,Americas,Country,HND,Honduras,Year,2012,false,,,,,,,,,,,,,184,,,,,,184.04,,,EN,2025-12-04T11:00:00.000Z
GHED_CHE_pc_US_SHA2011,Current health expenditure (CHE) per capita in US$,numeric,WPR,Western Pacific,Country,SGP,Singapore,Year,2012,false,,,,,,,,,,,,,1853,,,,,,1853.02,,,EN,2025-12-04T11:00:00.000Z
GHED_CHE_pc_US_SHA2011,Current health expenditure (CHE) per capita in US$,numeric,EUR,Europe,Country,MLT,Malta,Year,2012,false,,,,,,,,,,,,,1899,,,,,,1898.51,,,EN,2025-12-04T11:00:00.000Z
GHED_CHE_pc_US_SHA2011,Current health expenditure (CHE) per capita in US$,numeric,EUR,Europe,Country,CYP,Cyprus,Year,2012,false,,,,,,,,,,,,,1899,,,,,,1899.37,,,EN,2025-12-04T11:00:00.000Z
GHED_CHE_pc_US_SHA2011,Current health expenditure (CHE) per capita in US$,numeric,AFR,Africa,Country,MDG,Madagascar,Year,2012,false,,,,,,,,,,,,,19.3,,,,,,19.30,,,EN,2025-12-04T11:00:00.000Z
GHED_CHE_pc_US_SHA2011,Current health expenditure (CHE) per capita in US$,numeric,EUR,Europe,Country,GRC,Greece,Year,2012,false,,,,,,,,,,,,,1948,,,,,,1948.25,,,EN,2025-12-04T11:00:00.000Z
GHED_CHE_pc_US_SHA2011,Current health expenditure (CHE) per capita in US$,numeric,WPR,Western Pacific,Country,WSM,Samoa,Year,2012,false,,,,,,,,,,,,,197,,,,,,197.02,,,EN,2025-12-04T11:00:00.000Z
GHED_CHE_pc_US_SHA2011,Current health expenditure (CHE) per capita in US$,numeric,EUR,Europe,Country,SVN,Slovenia,Year,2012,false,,,,,,,,,,,,,1975,,,,,,1974.85,,,EN,2025-12-04T11:00:00.000Z
GHED_CHE_pc_US_SHA2011,Current health expenditure (CHE) per capita in US$,numeric,EUR,Europe,Country,PRT,Portugal,Year,2012,false,,,,,,,,,,,,,1977,,,,,,1976.91,,,EN,2025-12-04T11:00:00.000Z
GHED_CHE_pc_US_SHA2011,Current health expenditure (CHE) per capita in US$,numeric,AFR,Africa,Country,ETH,Ethiopia,Year,2012,false,,,,,,,,,,,,,20,,,,,,20.00,,,EN,2025-12-04T11:00:00.000Z
GHED_CHE_pc_US_SHA2011,Current health expenditure (CHE) per capita in US$,numeric,AFR,Africa,Country,BDI,Burundi,Year,2012,false,,,,,,,,,,,,,20.01,,,,,,20.01,,,EN,2025-12-04T11:00:00.000Z
GHED_CHE_pc_US_SHA2011,Current health expenditure (CHE) per capita in US$,numeric,AMR,Americas,Country,GTM,Guatemala,Year,2012,false,,,,,,,,,,,,,200.8,,,,,,200.85,,,EN,2025-12-04T11:00:00.000Z
GHED_CHE_pc_US_SHA2011,Current health expenditure (CHE) per capita in US$,numeric,SEAR,South-East Asia,Country,THA,Thailand,Year,2012,false,,,,,,,,,,,,,201.7,,,,,,201.71,,,EN,2025-12-04T11:00:00.000Z
GHED_CHE_pc_US_SHA2011,Current health expenditure (CHE) per capita in US$,numeric,AMR,Americas,Country,GUY,Guyana,Year,2012,false,,,,,,,,,,,,,201.9,,,,,,201.89,,,EN,2025-12-04T11:00:00.000Z
GHED_CHE_pc_US_SHA2011,Current health expenditure (CHE) per capita in US$,numeric,AFR,Africa,Country,CAF,Central African Republic,Year,2012,false,,,,,,,,,,,,,21.33,,,,,,21.33,,,EN,2025-12-04T11:00:00.000Z
GHED_CHE_pc_US_SHA2011,Current health expenditure (CHE) per capita in US$,numeric,AFR,Africa,Country,NER,Niger,Year,2012,false,,,,,,,,,,,,,22.71,,,,,,22.71,,,EN,2025-12-04T11:00:00.000Z
GHED_CHE_pc_US_SHA2011,Current health expenditure (CHE) per capita in US$,numeric,EUR,Europe,Country,MDA,Republic of Moldova,Year,2012,false,,,,,,,,,,,,,223.6,,,,,,223.62,,,EN,2025-12-04T11:00:00.000Z
GHED_CHE_pc_US_SHA2011,Current health expenditure (CHE) per capita in US$,numeric,AFR,Africa,Country,GAB,Gabon,Year,2012,false,,,,,,,,,,,,,225.1,,,,,,225.08,,,EN,2025-12-04T11:00:00.000Z
GHED_CHE_pc_US_SHA2011,Current health expenditure (CHE) per capita in US$,numeric,SEAR,South-East Asia,Country,BGD,Bangladesh,Year,2012,false,,,,,,,,,,,,,23.44,,,,,,23.44,,,EN,2025-12-04T11:00:00.000Z
GHED_CHE_pc_US_SHA2011,Current health expenditure (CHE) per capita in US$,numeric,AFR,Africa,Country,GIN,Guinea,Year,2012,false,,,,,,,,,,,,,23.7,,,,,,23.70,,,EN,2025-12-04T11:00:00.000Z
GHED_CHE_pc_US_SHA2011,Current health expenditure (CHE) per capita in US$,numeric,EUR,Europe,Country,AZE,Azerbaijan,Year,2012,false,,,,,,,,,,,,,234.6,,,,,,234.60,,,EN,2025-12-04T11:00:00.000Z
GHED_CHE_pc_US_SHA2011,Current health expenditure (CHE) per capita in US$,numeric,EUR,Europe,Country,ISR,Israel,Year,2012,false,,,,,,,,,,,,,2405,,,,,,2405.18,,,EN,2025-12-04T11:00:00.000Z
GHED_CHE_pc_US_SHA2011,Current health expenditure (CHE) per capita in US$,numeric,AMR,Americas,Country,BLZ,Belize,Year,2012,false,,,,,,,,,,,,,248,,,,,,247.98,,,EN,2025-12-04T11:00:00.000Z
GHED_CHE_pc_US_SHA2011,Current health expenditure (CHE) per capita in US$,numeric,EMR,Eastern Mediterranean,Country,PAK,Pakistan,Year,2012,false,,,,,,,,,,,,,25.6,,,,,,25.60,,,EN,2025-12-04T11:00:00.000Z
GHED_CHE_pc_US_SHA2011,Current health expenditure (CHE) per capita in US$,numeric,EUR,Europe,Country,ALB,Albania,Year,2012,false,,,,,,,,,,,,,260.7,,,,,,260.68,,,EN,2025-12-04T11:00:00.000Z
GHED_CHE_pc_US_SHA2011,Current health expenditure (CHE) per capita in US$,numeric,EUR,Europe,Country,ESP,Spain,Year,2012,false,,,,,,,,,,,,,2621,,,,,,2620.84,,,EN,2025-12-04T11:00:00.000Z
GHED_CHE_pc_US_SHA2011,Current health expenditure (CHE) per capita in US$,numeric,AFR,Africa,Country,MLI,Mali,Year,2012,false,,,,,,,,,,,,,27.53,,,,,,27.53,,,EN,2025-12-04T11:00:00.000Z
GHED_CHE_pc_US_SHA2011,Current health expenditure (CHE) per capita in US$,numeric,AFR,Africa,Country,ERI,Eritrea,Year,2012,false,,,,,,,,,,,,,27.79,,,,,,27.79,,,EN,2025-12-04T11:00:00.000Z
GHED_CHE_pc_US_SHA2011,Current health expenditure (CHE) per capita in US$,numeric,EMR,Eastern Mediterranean,Country,TUN,Tunisia,Year,2012,false,,,,,,,,,,,,,270.3,,,,,,270.29,,,EN,2025-12-04T11:00:00.000Z
GHED_CHE_pc_US_SHA2011,Current health expenditure (CHE) per capita in US$,numeric,EUR,Europe,Country,UKR,Ukraine,Year,2012,false,,,,,,,,,,,,,270.8,,,,,,270.76,,,EN,2025-12-04T11:00:00.000Z
GHED_CHE_pc_US_SHA2011,Current health expenditure (CHE) per capita in US$,numeric,EUR,Europe,Country,AND,Andorra,Year,2012,false,,,,,,,,,,,,,2789,,,,,,2788.69,,,EN,2025-12-04T11:00:00.000Z
GHED_CHE_pc_US_SHA2011,Current health expenditure (CHE) per capita in US$,numeric,AFR,Africa,Country,GNQ,Equatorial Guinea,Year,2012,false,,,,,,,,,,,,,280.9,,,,,,280.90,,,EN,2025-12-04T11:00:00.000Z
GHED_CHE_pc_US_SHA2011,Current health expenditure (CHE) per capita in US$,numeric,WPR,Western Pacific,Country,CHN,China,Year,2012,false,,,,,,,,,,,,,284.7,,,,,,284.70,,,EN,2025-12-04T11:00:00.000Z
GHED_CHE_pc_US_SHA2011,Current health expenditure (CHE) per capita in US$,numeric,EUR,Europe,Country,TKM,Turkmenistan,Year,2012,false,,,,,,,,,,,,,289.1,,,,,,289.13,,,EN,2025-12-04T11:00:00.000Z
GHED_CHE_pc_US_SHA2011,Current health expenditure (CHE) per capita in US$,numeric,AFR,Africa,Country,GMB,Gambia,Year,2012,false,,,,,,,,,,,,,29.56,,,,,,29.56,,,EN,2025-12-04T11:00:00.000Z
GHED_CHE_pc_US_SHA2011,Current health expenditure (CHE) per capita in US$,numeric,EMR,Eastern Mediterranean,Country,PSE,"occupied Palestinian territory, including east Jerusalem",Year,2012,false,,,,,,,,,,,,,298.3,,,,,,298.34,,,EN,2025-12-04T11:00:00.000Z
GHED_CHE_pc_US_SHA2011,Current health expenditure (CHE) per capita in US$,numeric,AMR,Americas,Country,VCT,Saint Vincent and the Grenadines,Year,2012,false,,,,,,,,,,,,,298.8,,,,,,298.78,,,EN,2025-12-04T11:00:00.000Z
GHED_CHE_pc_US_SHA2011,Current health expenditure (CHE) per capita in US$,numeric,AMR,Americas,Country,SLV,El Salvador,Year,2012,false,,,,,,,,,,,,,301,,,,,,301.04,,,EN,2025-12-04T11:00:00.000Z
GHED_CHE_pc_US_SHA2011,Current health expenditure (CHE) per capita in US$,numeric,AMR,Americas,Country,DOM,Dominican Republic,Year,2012,false,,,,,,,,,,,,,304.2,,,,,,304.24,,,EN,2025-12-04T11:00:00.000Z
GHED_CHE_pc_US_SHA2011,Current health expenditure (CHE) per capita in US$,numeric,EUR,Europe,Country,ITA,Italy,Year,2012,false,,,,,,,,,,,,,3071,,,,,,3071.00,,,EN,2025-12-04T11:00:00.000Z
GHED_CHE_pc_US_SHA2011,Current health expenditure (CHE) per capita in US$,numeric,AMR,Americas,Country,PER,Peru,Year,2012,false,,,,,,,,,,,,,309.3,,,,,,309.31,,,EN,2025-12-04T11:00:00.000Z
GHED_CHE_pc_US_SHA2011,Current health expenditure (CHE) per capita in US$,numeric,EUR,Europe,Country,MKD,North Macedonia,Year,2012,false,,,,,,,,,,,,,318,,,,,,317.98,,,EN,2025-12-04T11:00:00.000Z
GHED_CHE_pc_US_SHA2011,Current health expenditure (CHE) per capita in US$,numeric,WPR,Western Pacific,Country,TON,Tonga,Year,2012,false,,,,,,,,,,,,,318.4,,,,,,318.42,,,EN,2025-12-04T11:00:00.000Z
GHED_CHE_pc_US_SHA2011,Current health expenditure (CHE) per capita in US$,numeric,WPR,Western Pacific,Country,LAO,Lao People's Democratic Republic,Year,2012,false,,,,,,,,,,,,,32.47,,,,,,32.47,,,EN,2025-12-04T11:00:00.000Z
GHED_CHE_pc_US_SHA2011,Current health expenditure (CHE) per capita in US$,numeric,AFR,Africa,Country,MWI,Malawi,Year,2012,false,,,,,,,,,,,,,32.54,,,,,,32.54,,,EN,2025-12-04T11:00:00.000Z
GHED_CHE_pc_US_SHA2011,Current health expenditure (CHE) per capita in US$,numeric,AFR,Africa,Country,BEN,Benin,Year,2012,false,,,,,,,,,,,,,32.96,,,,,,32.96,,,EN,2025-12-04T11:00:00.000Z
GHED_CHE_pc_US_SHA2011,Current health expenditure (CHE) per capita in US$,numeric,EMR,Eastern Mediterranean,Country,JOR,Jordan,Year,2012,false,,,,,,,,,,,,,326,,,,,,325.98,,,EN,2025-12-04T11:00:00.000Z
GHED_CHE_pc_US_SHA2011,Current health expenditure (CHE) per capita in US$,numeric,SEAR,South-East Asia,Country,NPL,Nepal,Year,2012,false,,,,,,,,,,,,,33.65,,,,,,33.65,,,EN,2025-12-04T11:00:00.000Z
GHED_CHE_pc_US_SHA2011,Current health expenditure (CHE) per capita in US$,numeric,AFR,Africa,Country,BFA,Burkina Faso,Year,2012,false,,,,,,,,,,,,,33.67,,,,,,33.67,,,EN,2025-12-04T11:00:00.000Z
GHED_CHE_pc_US_SHA2011,Current health expenditure (CHE) per capita in US$,numeric,AMR,Americas,Country,JAM,Jamaica,Year,2012,false,,,,,,,,,,,,,330.4,,,,,,330.39,,,EN,2025-12-04T11:00:00.000Z
GHED_CHE_pc_US_SHA2011,Current health expenditure (CHE) per capita in US$,numeric,EUR,Europe,Country,ARM,Armenia,Year,2012,false,,,,,,,,,,,,,331.9,,,,,,331.91,,,EN,2025-12-04T11:00:00.000Z
GHED_CHE_pc_US_SHA2011,Current health expenditure (CHE) per capita in US$,numeric,AFR,Africa,Country,SWZ,Eswatini,Year,2012,false,,,,,,,,,,,,,340,,,,,,340.03,,,EN,2025-12-04T11:00:00.000Z
GHED_CHE_pc_US_SHA2011,Current health expenditure (CHE) per capita in US$,numeric,AFR,Africa,Country,DZA,Algeria,Year,2012,false,,,,,,,,,,,,,340.1,,,,,,340.09,,,EN,2025-12-04T11:00:00.000Z
GHED_CHE_pc_US_SHA2011,Current health expenditure (CHE) per capita in US$,numeric,EUR,Europe,Country,GEO,Georgia,Year,2012,false,,,,,,,,,,,,,349.9,,,,,,349.90,,,EN,2025-12-04T11:00:00.000Z
GHED_CHE_pc_US_SHA2011,Current health expenditure (CHE) per capita in US$,numeric,AFR,Africa,Country,MOZ,Mozambique,Year,2012,false,,,,,,,,,,,,,35.25,,,,,,35.25,,,EN,2025-12-04T11:00:00.000Z
GHED_CHE_pc_US_SHA2011,Current health expenditure (CHE) per capita in US$,numeric,AFR,Africa,Country,TCD,Chad,Year,2012,false,,,,,,,,,,,,,36.2,,,,,,36.20,,,EN,2025-12-04T11:00:00.000Z
GHED_CHE_pc_US_SHA2011,Current health expenditure (CHE) per capita in US$,numeric,EUR,Europe,Country,BLR,Belarus,Year,2012,false,,,,,,,,,,,,,364.1,,,,,,364.10,,,EN,2025-12-04T11:00:00.000Z
GHED_CHE_pc_US_SHA2011,Current health expenditure (CHE) per capita in US$,numeric,EUR,Europe,Country,KAZ,Kazakhstan,Year,2012,false,,,,,,,,,,,,,365,,,,,,365.04,,,EN,2025-12-04T11:00:00.000Z
GHED_CHE_pc_US_SHA2011,Current health expenditure (CHE) per capita in US$,numeric,AMR,Americas,Country,PRY,Paraguay,Year,2012,false,,,,,,,,,,,,,368.8,,,,,,368.79,,,EN,2025-12-04T11:00:00.000Z
GHED_CHE_pc_US_SHA2011,Current health expenditure (CHE) per capita in US$,numeric,WPR,Western Pacific,Country,NZL,New Zealand,Year,2012,false,,,,,,,,,,,,,3683,,,,,,3682.94,,,EN,2025-12-04T11:00:00.000Z
GHED_CHE_pc_US_SHA2011,Current health expenditure (CHE) per capita in US$,numeric,SEAR,South-East Asia,Country,MMR,Myanmar,Year,2012,false,,,,,,,,,,,,,37.26,,,,,,37.26,,,EN,2025-12-04T11:00:00.000Z
GHED_CHE_pc_US_SHA2011,Current health expenditure (CHE) per capita in US$,numeric,AFR,Africa,Country,GNB,Guinea-Bissau,Year,2012,false,,,,,,,,,,,,,37.75,,,,,,37.75,,,EN,2025-12-04T11:00:00.000Z
GHED_CHE_pc_US_SHA2011,Current health expenditure (CHE) per capita in US$,numeric,AFR,Africa,Country,TGO,Togo,Year,2012,false,,,,,,,,,,,,,37.78,,,,,,37.78,,,EN,2026-04-09T12:00:00.000Z
GHED_CHE_pc_US_SHA2011,Current health expenditure (CHE) per capita in US$,numeric,WPR,Western Pacific,Country,MYS,Malaysia,Year,2012,false,,,,,,,,,,,,,371.8,,,,,,371.76,,,EN,2025-12-04T11:00:00.000Z
GHED_CHE_pc_US_SHA2011,Current health expenditure (CHE) per capita in US$,numeric,WPR,Western Pacific,Country,FSM,Micronesia (Federated States of),Year,2012,false,,,,,,,,,,,,,372.1,,,,,,372.10,,,EN,2025-12-04T11:00:00.000Z
GHED_CHE_pc_US_SHA2011,Current health expenditure (CHE) per capita in US$,numeric,EUR,Europe,Country,ISL,Iceland,Year,2012,false,,,,,,,,,,,,,3784,,,,,,3784.38,,,EN,2025-12-04T11:00:00.000Z
GHED_CHE_pc_US_SHA2011,Current health expenditure (CHE) per capita in US$,numeric,AFR,Africa,Country,MUS,Mauritius,Year,2012,false,,,,,,,,,,,,,387.1,,,,,,387.10,,,EN,2025-12-04T11:00:00.000Z
GHED_CHE_pc_US_SHA2011,Current health expenditure (CHE) per capita in US$,numeric,AMR,Americas,Country,ECU,Ecuador,Year,2012,false,,,,,,,,,,,,,387.5,,,,,,387.55,,,EN,2025-12-04T11:00:00.000Z
GHED_CHE_pc_US_SHA2011,Current health expenditure (CHE) per capita in US$,numeric,EUR,Europe,Country,ROU,Romania,Year,2012,false,,,,,,,,,,,,,401.7,,,,,,401.67,,,EN,2025-12-04T11:00:00.000Z
GHED_CHE_pc_US_SHA2011,Current health expenditure (CHE) per capita in US$,numeric,AMR,Americas,Country,SUR,Suriname,Year,2012,false,,,,,,,,,,,,,406.1,,,,,,406.06,,,EN,2025-12-04T11:00:00.000Z
GHED_CHE_pc_US_SHA2011,Current health expenditure (CHE) per capita in US$,numeric,AMR,Americas,Country,DMA,Dominica,Year,2012,false,,,,,,,,,,,,,407.4,,,,,,407.42,,,EN,2025-12-04T11:00:00.000Z
GHED_CHE_pc_US_SHA2011,Current health expenditure (CHE) per capita in US$,numeric,WPR,Western Pacific,Country,MHL,Marshall Islands,Year,2012,false,,,,,,,,,,,,,410.5,,,,,,410.50,,,EN,2025-12-04T11:00:00.000Z
GHED_CHE_pc_US_SHA2011,Current health expenditure (CHE) per capita in US$,numeric,AMR,Americas,Country,GRD,Grenada,Year,2012,false,,,,,,,,,,,,,413,,,,,,413.03,,,EN,2025-12-04T11:00:00.000Z
GHED_CHE_pc_US_SHA2011,Current health expenditure (CHE) per capita in US$,numeric,AFR,Africa,Country,BWA,Botswana,Year,2012,false,,,,,,,,,,,,,418.8,,,,,,418.82,,,EN,2025-12-04T11:00:00.000Z
GHED_CHE_pc_US_SHA2011,Current health expenditure (CHE) per capita in US$,numeric,AFR,Africa,Country,TZA,United Republic of Tanzania,Year,2012,false,,,,,,,,,,,,,42,,,,,,42.00,,,EN,2025-12-04T11:00:00.000Z
GHED_CHE_pc_US_SHA2011,Current health expenditure (CHE) per capita in US$,numeric,EUR,Europe,Country,GBR,United Kingdom of Great Britain and Northern Ireland,Year,2012,false,,,,,,,,,,,,,4204,,,,,,4204.08,,,EN,2025-12-04T11:00:00.000Z
GHED_CHE_pc_US_SHA2011,Current health expenditure (CHE) per capita in US$,numeric,EUR,Europe,Country,SMR,San Marino,Year,2012,false,,,,,,,,,,,,,4310,,,,,,4310.10,,,EN,2025-12-04T11:00:00.000Z
GHED_CHE_pc_US_SHA2011,Current health expenditure (CHE) per capita in US$,numeric,EUR,Europe,Country,BIH,Bosnia and Herzegovina,Year,2012,false,,,,,,,,,,,,,444.9,,,,,,444.94,,,EN,2025-12-04T11:00:00.000Z
GHED_CHE_pc_US_SHA2011,Current health expenditure (CHE) per capita in US$,numeric,AMR,Americas,Country,LCA,Saint Lucia,Year,2012,false,,,,,,,,,,,,,456.1,,,,,,456.06,,,EN,2025-12-04T11:00:00.000Z
GHED_CHE_pc_US_SHA2011,Current health expenditure (CHE) per capita in US$,numeric,EUR,Europe,Country,FIN,Finland,Year,2012,false,,,,,,,,,,,,,4573,,,,,,4573.20,,,EN,2025-12-04T11:00:00.000Z
GHED_CHE_pc_US_SHA2011,Current health expenditure (CHE) per capita in US$,numeric,AFR,Africa,Country,LBR,Liberia,Year,2012,false,,,,,,,,,,,,,46.67,,,,,,46.67,,,EN,2025-12-04T11:00:00.000Z
GHED_CHE_pc_US_SHA2011,Current health expenditure (CHE) per capita in US$,numeric,EUR,Europe,Country,FRA,France,Year,2012,false,,,,,,,,,,,,,4660,,,,,,4659.92,,,EN,2025-12-04T11:00:00.000Z
GHED_CHE_pc_US_SHA2011,Current health expenditure (CHE) per capita in US$,numeric,EUR,Europe,Country,DEU,Germany,Year,2012,false,,,,,,,,,,,,,4745,,,,,,4744.87,,,EN,2025-12-04T11:00:00.000Z
GHED_CHE_pc_US_SHA2011,Current health expenditure (CHE) per capita in US$,numeric,EUR,Europe,Country,BEL,Belgium,Year,2012,false,,,,,,,,,,,,,4764,,,,,,4763.94,,,EN,2025-12-04T11:00:00.000Z
GHED_CHE_pc_US_SHA2011,Current health expenditure (CHE) per capita in US$,numeric,SEAR,South-East Asia,Country,IND,India,Year,2012,false,,,,,,,,,,,,,48.45,,,,,,48.45,,,EN,2025-12-04T11:00:00.000Z
GHED_CHE_pc_US_SHA2011,Current health expenditure (CHE) per capita in US$,numeric,AFR,Africa,Country,MRT,Mauritania,Year,2012,false,,,,,,,,,,,,,49.25,,,,,,49.25,,,EN,2025-12-04T11:00:00.000Z
GHED_CHE_pc_US_SHA2011,Current health expenditure (CHE) per capita in US$,numeric,EUR,Europe,Country,AUT,Austria,Year,2012,false,,,,,,,,,,,,,4984,,,,,,4983.68,,,EN,2025-12-04T11:00:00.000Z
GHED_CHE_pc_US_SHA2011,Current health expenditure (CHE) per capita in US$,numeric,WPR,Western Pacific,Country,TUV,Tuvalu,Year,2012,false,,,,,,,,,,,,,499.2,,,,,,499.22,,,EN,2025-12-04T11:00:00.000Z
GHED_CHE_pc_US_SHA2011,Current health expenditure (CHE) per capita in US$,numeric,EMR,Eastern Mediterranean,Country,IRN,Iran (Islamic Republic of),Year,2012,false,,,,,,,,,,,,,500.2,,,,,,500.22,,,EN,2025-12-04T11:00:00.000Z
GHED_CHE_pc_US_SHA2011,Current health expenditure (CHE) per capita in US$,numeric,AFR,Africa,Country,SLE,Sierra Leone,Year,2012,false,,,,,,,,,,,,,51.99,,,,,,51.99,,,EN,2025-12-04T11:00:00.000Z
GHED_CHE_pc_US_SHA2011,Current health expenditure (CHE) per capita in US$,numeric,EUR,Europe,Country,IRL,Ireland,Year,2012,false,,,,,,,,,,,,,5187,,,,,,5187.27,,,EN,2025-12-04T11:00:00.000Z
GHED_CHE_pc_US_SHA2011,Current health expenditure (CHE) per capita in US$,numeric,EMR,Eastern Mediterranean,Country,AFG,Afghanistan,Year,2012,false,,,,,,,,,,,,,52.45,,,,,,52.45,,,EN,2025-12-04T11:00:00.000Z
GHED_CHE_pc_US_SHA2011,Current health expenditure (CHE) per capita in US$,numeric,EUR,Europe,Country,TUR,Türkiye,Year,2012,false,,,,,,,,,,,,,520.4,,,,,,520.44,,,EN,2025-12-04T11:00:00.000Z
GHED_CHE_pc_US_SHA2011,Current health expenditure (CHE) per capita in US$,numeric,WPR,Western Pacific,Country,JPN,Japan,Year,2012,false,,,,,,,,,,,,,5232,,,,,,5232.36,,,EN,2025-12-04T11:00:00.000Z
GHED_CHE_pc_US_SHA2011,Current health expenditure (CHE) per capita in US$,numeric,WPR,Western Pacific,Country,COK,Cook Islands,Year,2012,false,,,,,,,,,,,,,528.1,,,,,,528.12,,,EN,2025-12-04T11:00:00.000Z
GHED_CHE_pc_US_SHA2011,Current health expenditure (CHE) per capita in US$,numeric,EUR,Europe,Country,NLD,Netherlands (Kingdom of the),Year,2012,false,,,,,,,,,,,,,5285,,,,,,5284.65,,,EN,2025-12-04T11:00:00.000Z
GHED_CHE_pc_US_SHA2011,Current health expenditure (CHE) per capita in US$,numeric,EUR,Europe,Country,MNE,Montenegro,Year,2012,false,,,,,,,,,,,,,535.2,,,,,,535.16,,,EN,2025-12-04T11:00:00.000Z
GHED_CHE_pc_US_SHA2011,Current health expenditure (CHE) per capita in US$,numeric,AMR,Americas,Country,COL,Colombia,Year,2012,false,,,,,,,,,,,,,547,,,,,,547.01,,,EN,2025-12-04T11:00:00.000Z
GHED_CHE_pc_US_SHA2011,Current health expenditure (CHE) per capita in US$,numeric,AFR,Africa,Country,UGA,Uganda,Year,2012,false,,,,,,,,,,,,,55.04,,,,,,55.04,,,EN,2025-12-04T11:00:00.000Z
GHED_CHE_pc_US_SHA2011,Current health expenditure (CHE) per capita in US$,numeric,AMR,Americas,Country,CAN,Canada,Year,2012,false,,,,,,,,,,,,,5519,,,,,,5518.57,,,EN,2025-12-04T11:00:00.000Z
GHED_CHE_pc_US_SHA2011,Current health expenditure (CHE) per capita in US$,numeric,EUR,Europe,Country,BGR,Bulgaria,Year,2012,false,,,,,,,,,,,,,558.6,,,,,,558.65,,,EN,2025-12-04T11:00:00.000Z
GHED_CHE_pc_US_SHA2011,Current health expenditure (CHE) per capita in US$,numeric,EUR,Europe,Country,SRB,Serbia,Year,2012,false,,,,,,,,,,,,,559.9,,,,,,559.91,,,EN,2025-12-04T11:00:00.000Z
GHED_CHE_pc_US_SHA2011,Current health expenditure (CHE) per capita in US$,numeric,AFR,Africa,Country,SEN,Senegal,Year,2012,false,,,,,,,,,,,,,56.61,,,,,,56.61,,,EN,2025-12-04T11:00:00.000Z
GHED_CHE_pc_US_SHA2011,Current health expenditure (CHE) per capita in US$,numeric,AFR,Africa,Country,CMR,Cameroon,Year,2012,false,,,,,,,,,,,,,56.96,,,,,,56.96,,,EN,2025-12-04T11:00:00.000Z
GHED_CHE_pc_US_SHA2011,Current health expenditure (CHE) per capita in US$,numeric,EUR,Europe,Country,TJK,Tajikistan,Year,2012,false,,,,,,,,,,,,,56.97,,,,,,56.97,,,EN,2025-12-04T11:00:00.000Z
GHED_CHE_pc_US_SHA2011,Current health expenditure (CHE) per capita in US$,numeric,EMR,Eastern Mediterranean,Country,OMN,Oman,Year,2012,false,,,,,,,,,,,,,561.1,,,,,,561.12,,,EN,2025-12-04T11:00:00.000Z
GHED_CHE_pc_US_SHA2011,Current health expenditure (CHE) per capita in US$,numeric,AFR,Africa,Country,SYC,Seychelles,Year,2012,false,,,,,,,,,,,,,563,,,,,,563.00,,,EN,2025-12-04T11:00:00.000Z
GHED_CHE_pc_US_SHA2011,Current health expenditure (CHE) per capita in US$,numeric,AFR,Africa,Country,RWA,Rwanda,Year,2012,false,,,,,,,,,,,,,57.26,,,,,,57.26,,,EN,2025-12-04T11:00:00.000Z
GHED_CHE_pc_US_SHA2011,Current health expenditure (CHE) per capita in US$,numeric,AMR,Americas,Country,MEX,Mexico,Year,2012,false,,,,,,,,,,,,,582.5,,,,,,582.48,,,EN,2025-12-04T11:00:00.000Z
GHED_CHE_pc_US_SHA2011,Current health expenditure (CHE) per capita in US$,numeric,EMR,Eastern Mediterranean,Country,LBN,Lebanon,Year,2012,false,,,,,,,,,,,,,588.8,,,,,,588.84,,,EN,2025-12-04T11:00:00.000Z
GHED_CHE_pc_US_SHA2011,Current health expenditure (CHE) per capita in US$,numeric,EMR,Eastern Mediterranean,Country,LBY,Libya,Year,2012,false,,,,,,,,,,,,,592.5,,,,,,592.46,,,EN,2025-12-04T11:00:00.000Z
GHED_CHE_pc_US_SHA2011,Current health expenditure (CHE) per capita in US$,numeric,AMR,Americas,Country,CUB,Cuba,Year,2012,false,,,,,,,,,,,,,601.7,,,,,,601.75,,,EN,2025-12-04T11:00:00.000Z
GHED_CHE_pc_US_SHA2011,Current health expenditure (CHE) per capita in US$,numeric,EUR,Europe,Country,LUX,Luxembourg,Year,2012,false,,,,,,,,,,,,,6029,,,,,,6029.47,,,EN,2025-12-04T11:00:00.000Z
GHED_CHE_pc_US_SHA2011,Current health expenditure (CHE) per capita in US$,numeric,WPR,Western Pacific,Country,AUS,Australia,Year,2012,false,,,,,,,,,,,,,6039,,,,,,6038.87,,,EN,2025-12-04T11:00:00.000Z
GHED_CHE_pc_US_SHA2011,Current health expenditure (CHE) per capita in US$,numeric,AFR,Africa,Country,NAM,Namibia,Year,2012,false,,,,,,,,,,,,,606.4,,,,,,606.37,,,EN,2025-12-04T11:00:00.000Z
GHED_CHE_pc_US_SHA2011,Current health expenditure (CHE) per capita in US$,numeric,EUR,Europe,Country,DNK,Denmark,Year,2012,false,,,,,,,,,,,,,6156,,,,,,6155.76,,,EN,2025-12-04T11:00:00.000Z
GHED_CHE_pc_US_SHA2011,Current health expenditure (CHE) per capita in US$,numeric,EUR,Europe,Country,SWE,Sweden,Year,2012,false,,,,,,,,,,,,,6281,,,,,,6280.83,,,EN,2025-12-04T11:00:00.000Z
GHED_CHE_pc_US_SHA2011,Current health expenditure (CHE) per capita in US$,numeric,AFR,Africa,Country,KEN,Kenya,Year,2012,false,,,,,,,,,,,,,64.48,,,,,,64.48,,,EN,2025-12-04T11:00:00.000Z
GHED_CHE_pc_US_SHA2011,Current health expenditure (CHE) per capita in US$,numeric,EMR,Eastern Mediterranean,Country,YEM,Yemen,Year,2012,false,,,,,,,,,,,,,64.68,,,,,,64.68,,,EN,2025-12-04T11:00:00.000Z
GHED_CHE_pc_US_SHA2011,Current health expenditure (CHE) per capita in US$,numeric,EMR,Eastern Mediterranean,Country,DJI,Djibouti,Year,2012,false,,,,,,,,,,,,,64.85,,,,,,64.85,,,EN,2025-12-04T11:00:00.000Z
GHED_CHE_pc_US_SHA2011,Current health expenditure (CHE) per capita in US$,numeric,AFR,Africa,Country,ZAF,South Africa,Year,2012,false,,,,,,,,,,,,,646.5,,,,,,646.50,,,EN,2025-12-04T11:00:00.000Z
GHED_CHE_pc_US_SHA2011,Current health expenditure (CHE) per capita in US$,numeric,SEAR,South-East Asia,Country,MDV,Maldives,Year,2012,false,,,,,,,,,,,,,647.1,,,,,,647.12,,,EN,2025-12-04T11:00:00.000Z
GHED_CHE_pc_US_SHA2011,Current health expenditure (CHE) per capita in US$,numeric,EMR,Eastern Mediterranean,Country,SYR,Syrian Arab Republic,Year,2012,false,,,,,,,,,,,,,66.28,,,,,,66.28,,,EN,2025-12-04T11:00:00.000Z
GHED_CHE_pc_US_SHA2011,Current health expenditure (CHE) per capita in US$,numeric,WPR,Western Pacific,Country,KHM,Cambodia,Year,2012,false,,,,,,,,,,,,,68.9,,,,,,68.90,,,EN,2025-12-04T11:00:00.000Z
GHED_CHE_pc_US_SHA2011,Current health expenditure (CHE) per capita in US$,numeric,AFR,Africa,Country,ZMB,Zambia,Year,2012,false,,,,,,,,,,,,,69.18,,,,,,69.18,,,EN,2025-12-04T11:00:00.000Z
GHED_CHE_pc_US_SHA2011,Current health expenditure (CHE) per capita in US$,numeric,AFR,Africa,Country,CIV,Cote d'Ivoire,Year,2012,false,,,,,,,,,,,,,69.86,,,,,,69.86,,,EN,2025-12-04T11:00:00.000Z
GHED_CHE_pc_US_SHA2011,Current health expenditure (CHE) per capita in US$,numeric,WPR,Western Pacific,Country,PNG,Papua New Guinea,Year,2012,false,,,,,,,,,,,,,70.28,,,,,,70.28,,,EN,2025-12-04T11:00:00.000Z
GHED_CHE_pc_US_SHA2011,Current health expenditure (CHE) per capita in US$,numeric,AFR,Africa,Country,COG,Congo,Year,2012,false,,,,,,,,,,,,,71.28,,,,,,71.28,,,EN,2025-12-04T11:00:00.000Z
GHED_CHE_pc_US_SHA2011,Current health expenditure (CHE) per capita in US$,numeric,SEAR,South-East Asia,Country,TLS,Timor-Leste,Year,2012,false,,,,,,,,,,,,,71.47,,,,,,71.47,,,EN,2025-12-04T11:00:00.000Z
GHED_CHE_pc_US_SHA2011,Current health expenditure (CHE) per capita in US$,numeric,AMR,Americas,Country,PAN,Panama,Year,2012,false,,,,,,,,,,,,,725,,,,,,725.02,,,EN,2025-12-04T11:00:00.000Z
GHED_CHE_pc_US_SHA2011,Current health expenditure (CHE) per capita in US$,numeric,EUR,Europe,Country,LVA,Latvia,Year,2012,false,,,,,,,,,,,,,745.5,,,,,,745.52,,,EN,2025-12-04T11:00:00.000Z
GHED_CHE_pc_US_SHA2011,Current health expenditure (CHE) per capita in US$,numeric,AMR,Americas,Country,HTI,Haiti,Year,2012,false,,,,,,,,,,,,,75.09,,,,,,75.09,,,EN,2025-12-04T11:00:00.000Z
GHED_CHE_pc_US_SHA2011,Current health expenditure (CHE) per capita in US$,numeric,EMR,Eastern Mediterranean,Country,SDN,Sudan,Year,2012,false,,,,,,,,,,,,,75.41,,,,,,75.41,,,EN,2025-12-04T11:00:00.000Z
GHED_CHE_pc_US_SHA2011,Current health expenditure (CHE) per capita in US$,numeric,AMR,Americas,Country,ATG,Antigua and Barbuda,Year,2012,false,,,,,,,,,,,,,753.5,,,,,,753.50,,,EN,2025-12-04T11:00:00.000Z
GHED_CHE_pc_US_SHA2011,Current health expenditure (CHE) per capita in US$,numeric,EUR,Europe,Country,RUS,Russian Federation,Year,2012,false,,,,,,,,,,,,,755.5,,,,,,755.49,,,EN,2025-12-04T11:00:00.000Z
GHED_CHE_pc_US_SHA2011,Current health expenditure (CHE) per capita in US$,numeric,AFR,Africa,Country,COM,Comoros,Year,2012,false,,,,,,,,,,,,,77.1,,,,,,77.10,,,EN,2025-12-04T11:00:00.000Z
GHED_CHE_pc_US_SHA2011,Current health expenditure (CHE) per capita in US$,numeric,EUR,Europe,Country,MCO,Monaco,Year,2012,false,,,,,,,,,,,,,7870,,,,,,7869.89,,,EN,2025-12-04T11:00:00.000Z
GHED_CHE_pc_US_SHA2011,Current health expenditure (CHE) per capita in US$,numeric,AMR,Americas,Country,CRI,Costa Rica,Year,2012,false,,,,,,,,,,,,,788.5,,,,,,788.53,,,EN,2025-12-04T11:00:00.000Z
GHED_CHE_pc_US_SHA2011,Current health expenditure (CHE) per capita in US$,numeric,AFR,Africa,Country,GHA,Ghana,Year,2012,false,,,,,,,,,,,,,81.97,,,,,,81.97,,,EN,2025-12-04T11:00:00.000Z
GHED_CHE_pc_US_SHA2011,Current health expenditure (CHE) per capita in US$,numeric,EUR,Europe,Country,POL,Poland,Year,2012,false,,,,,,,,,,,,,815.1,,,,,,815.14,,,EN,2025-12-04T11:00:00.000Z
GHED_CHE_pc_US_SHA2011,Current health expenditure (CHE) per capita in US$,numeric,AMR,Americas,Country,USA,United States of America,Year,2012,false,,,,,,,,,,,,,8262,,,,,,8262.29,,,EN,2025-12-04T11:00:00.000Z
GHED_CHE_pc_US_SHA2011,Current health expenditure (CHE) per capita in US$,numeric,SEAR,South-East Asia,Country,BTN,Bhutan,Year,2012,false,,,,,,,,,,,,,84.09,,,,,,84.09,,,EN,2025-12-04T11:00:00.000Z
GHED_CHE_pc_US_SHA2011,Current health expenditure (CHE) per capita in US$,numeric,AFR,Africa,Country,ZWE,Zimbabwe,Year,2012,false,,,,,,,,,,,,,85.69,,,,,,85.69,,,EN,2025-12-04T11:00:00.000Z
GHED_CHE_pc_US_SHA2011,Current health expenditure (CHE) per capita in US$,numeric,AFR,Africa,Country,STP,Sao Tome and Principe,Year,2012,false,,,,,,,,,,,,,86.29,,,,,,86.29,,,EN,2025-12-04T11:00:00.000Z
GHED_CHE_pc_US_SHA2011,Current health expenditure (CHE) per capita in US$,numeric,WPR,Western Pacific,Country,BRN,Brunei Darussalam,Year,2012,false,,,,,,,,,,,,,869.4,,,,,,869.37,,,EN,2025-12-04T11:00:00.000Z
GHED_CHE_pc_US_SHA2011,Current health expenditure (CHE) per capita in US$,numeric,AFR,Africa,Country,NGA,Nigeria,Year,2012,false,,,,,,,,,,,,,87.9,,,,,,87.90,,,EN,2025-12-04T11:00:00.000Z
GHED_CHE_pc_US_SHA2011,Current health expenditure (CHE) per capita in US$,numeric,WPR,Western Pacific,Country,NRU,Naoero,Year,2012,false,,,,,,,,,,,,,873.8,,,,,,873.82,,,EN,2025-12-04T11:00:00.000Z
GHED_CHE_pc_US_SHA2011,Current health expenditure (CHE) per capita in US$,numeric,AMR,Americas,Country,KNA,Saint Kitts and Nevis,Year,2012,false,,,,,,,,,,,,,880.9,,,,,,880.91,,,EN,2025-12-04T11:00:00.000Z
GHED_CHE_pc_US_SHA2011,Current health expenditure (CHE) per capita in US$,numeric,EUR,Europe,Country,CHE,Switzerland,Year,2012,false,,,,,,,,,,,,,8869,,,,,,8868.98,,,EN,2025-12-04T11:00:00.000Z
GHED_CHE_pc_US_SHA2011,Current health expenditure (CHE) per capita in US$,numeric,AMR,Americas,Country,TTO,Trinidad and Tobago,Year,2012,false,,,,,,,,,,,,,895.1,,,,,,895.08,,,EN,2025-12-04T11:00:00.000Z
GHED_CHE_pc_US_SHA2011,Current health expenditure (CHE) per capita in US$,numeric,EUR,Europe,Country,LTU,Lithuania,Year,2012,false,,,,,,,,,,,,,896.9,,,,,,896.94,,,EN,2025-12-04T11:00:00.000Z
GHED_CHE_pc_US_SHA2011,Current health expenditure (CHE) per capita in US$,numeric,EUR,Europe,Country,NOR,Norway,Year,2012,false,,,,,,,,,,,,,8970,,,,,,8970.12,,,EN,2025-12-04T11:00:00.000Z
GHED_CHE_pc_US_SHA2011,Current health expenditure (CHE) per capita in US$,numeric,EUR,Europe,Country,HUN,Hungary,Year,2012,false,,,,,,,,,,,,,961.1,,,,,,961.14,,,EN,2025-12-04T11:00:00.000Z
GHED_CHE_pc_US_SHA2011,Current health expenditure (CHE) per capita in US$,numeric,AMR,Americas,Country,BRA,Brazil,Year,2012,false,,,,,,,,,,,,,968.7,,,,,,968.73,,,EN,2025-12-04T11:00:00.000Z
GHED_CHE_pc_US_SHA2011,Current health expenditure (CHE) per capita in US$,numeric,EUR,Europe,Country,KGZ,Kyrgyzstan,Year,2012,false,,,,,,,,,,,,,98.67,,,,,,98.67,,,EN,2025-12-04T11:00:00.000Z
GHED_CHE_pc_US_SHA2011,Current health expenditure (CHE) per capita in US$,numeric,AMR,Americas,Country,BRA,Brazil,Year,2011,false,,,,,,,,,,,,,1043,,,,,,1043.35,,,EN,2025-12-04T11:00:00.000Z
GHED_CHE_pc_US_SHA2011,Current health expenditure (CHE) per capita in US$,numeric,EUR,Europe,Country,EST,Estonia,Year,2011,false,,,,,,,,,,,,,1061,,,,,,1061.16,,,EN,2025-12-04T11:00:00.000Z
GHED_CHE_pc_US_SHA2011,Current health expenditure (CHE) per capita in US$,numeric,EUR,Europe,Country,HUN,Hungary,Year,2011,false,,,,,,,,,,,,,1063,,,,,,1063.43,,,EN,2025-12-04T11:00:00.000Z
GHED_CHE_pc_US_SHA2011,Current health expenditure (CHE) per capita in US$,numeric,WPR,Western Pacific,Country,IDN,Indonesia,Year,2011,false,,,,,,,,,,,,,107,,,,,,107.01,,,EN,2025-12-04T11:00:00.000Z
GHED_CHE_pc_US_SHA2011,Current health expenditure (CHE) per capita in US$,numeric,WPR,Western Pacific,Country,PLW,Palau,Year,2011,false,,,,,,,,,,,,,1073,,,,,,1072.56,,,EN,2025-12-04T11:00:00.000Z
GHED_CHE_pc_US_SHA2011,Current health expenditure (CHE) per capita in US$,numeric,EUR,Europe,Country,UZB,Uzbekistan,Year,2011,false,,,,,,,,,,,,,109.9,,,,,,109.86,,,EN,2025-12-04T11:00:00.000Z
GHED_CHE_pc_US_SHA2011,Current health expenditure (CHE) per capita in US$,numeric,AFR,Africa,Country,COD,Democratic Republic of the Congo,Year,2011,false,,,,,,,,,,,,,11.9,,,,,,11.90,,,EN,2025-12-04T11:00:00.000Z
GHED_CHE_pc_US_SHA2011,Current health expenditure (CHE) per capita in US$,numeric,WPR,Western Pacific,Country,VUT,Vanuatu,Year,2011,false,,,,,,,,,,,,,113.8,,,,,,113.80,,,EN,2025-12-04T11:00:00.000Z
GHED_CHE_pc_US_SHA2011,Current health expenditure (CHE) per capita in US$,numeric,EUR,Europe,Country,HRV,Croatia,Year,2011,false,,,,,,,,,,,,,1135,,,,,,1134.89,,,EN,2025-12-04T11:00:00.000Z
GHED_CHE_pc_US_SHA2011,Current health expenditure (CHE) per capita in US$,numeric,EMR,Eastern Mediterranean,Country,KWT,Kuwait,Year,2011,false,,,,,,,,,,,,,1147,,,,,,1147.16,,,EN,2025-12-04T11:00:00.000Z
GHED_CHE_pc_US_SHA2011,Current health expenditure (CHE) per capita in US$,numeric,SEAR,South-East Asia,Country,LKA,Sri Lanka,Year,2011,false,,,,,,,,,,,,,115.5,,,,,,115.52,,,EN,2025-12-04T11:00:00.000Z
GHED_CHE_pc_US_SHA2011,Current health expenditure (CHE) per capita in US$,numeric,EMR,Eastern Mediterranean,Country,EGY,Egypt,Year,2011,false,,,,,,,,,,,,,116.2,,,,,,116.23,,,EN,2025-12-04T11:00:00.000Z
GHED_CHE_pc_US_SHA2011,Current health expenditure (CHE) per capita in US$,numeric,AMR,Americas,Country,BRB,Barbados,Year,2011,false,,,,,,,,,,,,,1163,,,,,,1163.27,,,EN,2025-12-04T11:00:00.000Z
GHED_CHE_pc_US_SHA2011,Current health expenditure (CHE) per capita in US$,numeric,AFR,Africa,Country,LSO,Lesotho,Year,2011,false,,,,,,,,,,,,,117.7,,,,,,117.67,,,EN,2025-12-04T11:00:00.000Z
GHED_CHE_pc_US_SHA2011,Current health expenditure (CHE) per capita in US$,numeric,AMR,Americas,Country,BOL,Bolivia (Plurinational State of),Year,2011,false,,,,,,,,,,,,,119.8,,,,,,119.78,,,EN,2025-12-04T11:00:00.000Z
GHED_CHE_pc_US_SHA2011,Current health expenditure (CHE) per capita in US$,numeric,AMR,Americas,Country,ARG,Argentina,Year,2011,false,,,,,,,,,,,,,1208,,,,,,1208.23,,,EN,2025-12-04T11:00:00.000Z
GHED_CHE_pc_US_SHA2011,Current health expenditure (CHE) per capita in US$,numeric,AFR,Africa,Country,AGO,Angola,Year,2011,false,,,,,,,,,,,,,122.1,,,,,,122.12,,,EN,2025-12-04T11:00:00.000Z
GHED_CHE_pc_US_SHA2011,Current health expenditure (CHE) per capita in US$,numeric,AMR,Americas,Country,URY,Uruguay,Year,2011,false,,,,,,,,,,,,,1245,,,,,,1244.94,,,EN,2025-12-04T11:00:00.000Z
GHED_CHE_pc_US_SHA2011,Current health expenditure (CHE) per capita in US$,numeric,AMR,Americas,Country,NIC,Nicaragua,Year,2011,false,,,,,,,,,,,,,125.1,,,,,,125.14,,,EN,2025-12-04T11:00:00.000Z
GHED_CHE_pc_US_SHA2011,Current health expenditure (CHE) per capita in US$,numeric,WPR,Western Pacific,Country,MNG,Mongolia,Year,2011,false,,,,,,,,,,,,,136,,,,,,135.99,,,EN,2025-12-04T11:00:00.000Z
GHED_CHE_pc_US_SHA2011,Current health expenditure (CHE) per capita in US$,numeric,EUR,Europe,Country,SVK,Slovakia,Year,2011,false,,,,,,,,,,,,,1352,,,,,,1352.44,,,EN,2025-12-04T11:00:00.000Z
GHED_CHE_pc_US_SHA2011,Current health expenditure (CHE) per capita in US$,numeric,AFR,Africa,Country,ETH,Ethiopia,Year,2011,false,,,,,,,,,,,,,14.62,,,,,,14.62,,,EN,2025-12-04T11:00:00.000Z
GHED_CHE_pc_US_SHA2011,Current health expenditure (CHE) per capita in US$,numeric,WPR,Western Pacific,Country,FJI,Fiji,Year,2011,false,,,,,,,,,,,,,140.9,,,,,,140.94,,,EN,2025-12-04T11:00:00.000Z
GHED_CHE_pc_US_SHA2011,Current health expenditure (CHE) per capita in US$,numeric,WPR,Western Pacific,Country,KIR,Kiribati,Year,2011,false,,,,,,,,,,,,,141.5,,,,,,141.51,,,EN,2025-12-04T11:00:00.000Z
GHED_CHE_pc_US_SHA2011,Current health expenditure (CHE) per capita in US$,numeric,AMR,Americas,Country,BHS,Bahamas,Year,2011,false,,,,,,,,,,,,,1442,,,,,,1442.25,,,EN,2025-12-04T11:00:00.000Z
GHED_CHE_pc_US_SHA2011,Current health expenditure (CHE) per capita in US$,numeric,EMR,Eastern Mediterranean,Country,QAT,Qatar,Year,2011,false,,,,,,,,,,,,,1482,,,,,,1482.28,,,EN,2025-12-04T11:00:00.000Z
GHED_CHE_pc_US_SHA2011,Current health expenditure (CHE) per capita in US$,numeric,AFR,Africa,Country,CPV,Cabo Verde,Year,2011,false,,,,,,,,,,,,,157.1,,,,,,157.09,,,EN,2025-12-04T11:00:00.000Z
GHED_CHE_pc_US_SHA2011,Current health expenditure (CHE) per capita in US$,numeric,WPR,Western Pacific,Country,KOR,Republic of Korea,Year,2011,false,,,,,,,,,,,,,1571,,,,,,1570.55,,,EN,2025-12-04T11:00:00.000Z
GHED_CHE_pc_US_SHA2011,Current health expenditure (CHE) per capita in US$,numeric,EMR,Eastern Mediterranean,Country,IRQ,Iraq,Year,2011,false,,,,,,,,,,,,,161.9,,,,,,161.90,,,EN,2025-12-04T11:00:00.000Z
GHED_CHE_pc_US_SHA2011,Current health expenditure (CHE) per capita in US$,numeric,EUR,Europe,Country,CZE,Czechia,Year,2011,false,,,,,,,,,,,,,1649,,,,,,1649.16,,,EN,2025-12-04T11:00:00.000Z
GHED_CHE_pc_US_SHA2011,Current health expenditure (CHE) per capita in US$,numeric,WPR,Western Pacific,Country,SGP,Singapore,Year,2011,false,,,,,,,,,,,,,1700,,,,,,1700.17,,,EN,2025-12-04T11:00:00.000Z
GHED_CHE_pc_US_SHA2011,Current health expenditure (CHE) per capita in US$,numeric,EMR,Eastern Mediterranean,Country,ARE,United Arab Emirates,Year,2011,false,,,,,,,,,,,,,1788,,,,,,1787.60,,,EN,2025-12-04T11:00:00.000Z
GHED_CHE_pc_US_SHA2011,Current health expenditure (CHE) per capita in US$,numeric,EMR,Eastern Mediterranean,Country,MAR,Morocco,Year,2011,false,,,,,,,,,,,,,179,,,,,,179.00,,,EN,2025-12-04T11:00:00.000Z
GHED_CHE_pc_US_SHA2011,Current health expenditure (CHE) per capita in US$,numeric,AMR,Americas,Country,HND,Honduras,Year,2011,false,,,,,,,,,,,,,182.3,,,,,,182.31,,,EN,2025-12-04T11:00:00.000Z
GHED_CHE_pc_US_SHA2011,Current health expenditure (CHE) per capita in US$,numeric,EUR,Europe,Country,AZE,Azerbaijan,Year,2011,false,,,,,,,,,,,,,184.9,,,,,,184.93,,,EN,2025-12-04T11:00:00.000Z
GHED_CHE_pc_US_SHA2011,Current health expenditure (CHE) per capita in US$,numeric,AMR,Americas,Country,GUY,Guyana,Year,2011,false,,,,,,,,,,,,,186.1,,,,,,186.11,,,EN,2025-12-04T11:00:00.000Z
GHED_CHE_pc_US_SHA2011,Current health expenditure (CHE) per capita in US$,numeric,AFR,Africa,Country,CAF,Central African Republic,Year,2011,false,,,,,,,,,,,,,19.63,,,,,,19.63,,,EN,2025-12-04T11:00:00.000Z
GHED_CHE_pc_US_SHA2011,Current health expenditure (CHE) per capita in US$,numeric,AMR,Americas,Country,GTM,Guatemala,Year,2011,false,,,,,,,,,,,,,191.2,,,,,,191.25,,,EN,2025-12-04T11:00:00.000Z
GHED_CHE_pc_US_SHA2011,Current health expenditure (CHE) per capita in US$,numeric,SEAR,South-East Asia,Country,THA,Thailand,Year,2011,false,,,,,,,,,,,,,191.7,,,,,,191.74,,,EN,2025-12-04T11:00:00.000Z
GHED_CHE_pc_US_SHA2011,Current health expenditure (CHE) per capita in US$,numeric,WPR,Western Pacific,Country,TON,Tonga,Year,2011,false,,,,,,,,,,,,,193.4,,,,,,193.44,,,EN,2025-12-04T11:00:00.000Z
GHED_CHE_pc_US_SHA2011,Current health expenditure (CHE) per capita in US$,numeric,EUR,Europe,Country,MLT,Malta,Year,2011,false,,,,,,,,,,,,,1962,,,,,,1962.21,,,EN,2025-12-04T11:00:00.000Z
GHED_CHE_pc_US_SHA2011,Current health expenditure (CHE) per capita in US$,numeric,WPR,Western Pacific,Country,WSM,Samoa,Year,2011,false,,,,,,,,,,,,,211.9,,,,,,211.89,,,EN,2025-12-04T11:00:00.000Z
GHED_CHE_pc_US_SHA2011,Current health expenditure (CHE) per capita in US$,numeric,EUR,Europe,Country,CYP,Cyprus,Year,2011,false,,,,,,,,,,,,,2115,,,,,,2114.67,,,EN,2025-12-04T11:00:00.000Z
GHED_CHE_pc_US_SHA2011,Current health expenditure (CHE) per capita in US$,numeric,EUR,Europe,Country,MDA,Republic of Moldova,Year,2011,false,,,,,,,,,,,,,215,,,,,,214.98,,,EN,2025-12-04T11:00:00.000Z
GHED_CHE_pc_US_SHA2011,Current health expenditure (CHE) per capita in US$,numeric,EUR,Europe,Country,SVN,Slovenia,Year,2011,false,,,,,,,,,,,,,2148,,,,,,2147.81,,,EN,2025-12-04T11:00:00.000Z
GHED_CHE_pc_US_SHA2011,Current health expenditure (CHE) per capita in US$,numeric,SEAR,South-East Asia,Country,BGD,Bangladesh,Year,2011,false,,,,,,,,,,,,,22.77,,,,,,22.77,,,EN,2025-12-04T11:00:00.000Z
GHED_CHE_pc_US_SHA2011,Current health expenditure (CHE) per capita in US$,numeric,AFR,Africa,Country,MDG,Madagascar,Year,2011,false,,,,,,,,,,,,,22.89,,,,,,22.89,,,EN,2025-12-04T11:00:00.000Z
GHED_CHE_pc_US_SHA2011,Current health expenditure (CHE) per capita in US$,numeric,EUR,Europe,Country,PRT,Portugal,Year,2011,false,,,,,,,,,,,,,2256,,,,,,2255.97,,,EN,2025-12-04T11:00:00.000Z
GHED_CHE_pc_US_SHA2011,Current health expenditure (CHE) per capita in US$,numeric,AFR,Africa,Country,BDI,Burundi,Year,2011,false,,,,,,,,,,,,,23.17,,,,,,23.17,,,EN,2025-12-04T11:00:00.000Z
GHED_CHE_pc_US_SHA2011,Current health expenditure (CHE) per capita in US$,numeric,EUR,Europe,Country,GRC,Greece,Year,2011,false,,,,,,,,,,,,,2339,,,,,,2338.92,,,EN,2025-12-04T11:00:00.000Z
GHED_CHE_pc_US_SHA2011,Current health expenditure (CHE) per capita in US$,numeric,WPR,Western Pacific,Country,CHN,China,Year,2011,false,,,,,,,,,,,,,239.2,,,,,,239.20,,,EN,2025-12-04T11:00:00.000Z
GHED_CHE_pc_US_SHA2011,Current health expenditure (CHE) per capita in US$,numeric,AFR,Africa,Country,GIN,Guinea,Year,2011,false,,,,,,,,,,,,,24.13,,,,,,24.13,,,EN,2025-12-04T11:00:00.000Z
GHED_CHE_pc_US_SHA2011,Current health expenditure (CHE) per capita in US$,numeric,AFR,Africa,Country,NER,Niger,Year,2011,false,,,,,,,,,,,,,24.84,,,,,,24.84,,,EN,2025-12-04T11:00:00.000Z
GHED_CHE_pc_US_SHA2011,Current health expenditure (CHE) per capita in US$,numeric,EUR,Europe,Country,UKR,Ukraine,Year,2011,false,,,,,,,,,,,,,240.2,,,,,,240.18,,,EN,2025-12-04T11:00:00.000Z
GHED_CHE_pc_US_SHA2011,Current health expenditure (CHE) per capita in US$,numeric,EUR,Europe,Country,ISR,Israel,Year,2011,false,,,,,,,,,,,,,2442,,,,,,2442.29,,,EN,2025-12-04T11:00:00.000Z
GHED_CHE_pc_US_SHA2011,Current health expenditure (CHE) per capita in US$,numeric,WPR,Western Pacific,Country,NIU,Niue,Year,2011,false,,,,,,,,,,,,,2449,,,,,,2448.81,,,EN,2025-12-04T11:00:00.000Z
GHED_CHE_pc_US_SHA2011,Current health expenditure (CHE) per capita in US$,numeric,EMR,Eastern Mediterranean,Country,PAK,Pakistan,Year,2011,false,,,,,,,,,,,,,25.02,,,,,,25.02,,,EN,2025-12-04T11:00:00.000Z
GHED_CHE_pc_US_SHA2011,Current health expenditure (CHE) per capita in US$,numeric,EUR,Europe,Country,TKM,Turkmenistan,Year,2011,false,,,,,,,,,,,,,251.9,,,,,,251.86,,,EN,2025-12-04T11:00:00.000Z
GHED_CHE_pc_US_SHA2011,Current health expenditure (CHE) per capita in US$,numeric,AMR,Americas,Country,BLZ,Belize,Year,2011,false,,,,,,,,,,,,,252.8,,,,,,252.81,,,EN,2025-12-04T11:00:00.000Z
GHED_CHE_pc_US_SHA2011,Current health expenditure (CHE) per capita in US$,numeric,AFR,Africa,Country,GAB,Gabon,Year,2011,false,,,,,,,,,,,,,261.4,,,,,,261.38,,,EN,2025-12-04T11:00:00.000Z
GHED_CHE_pc_US_SHA2011,Current health expenditure (CHE) per capita in US$,numeric,AMR,Americas,Country,PER,Peru,Year,2011,false,,,,,,,,,,,,,264.5,,,,,,264.46,,,EN,2025-12-04T11:00:00.000Z
GHED_CHE_pc_US_SHA2011,Current health expenditure (CHE) per capita in US$,numeric,AFR,Africa,Country,GNQ,Equatorial Guinea,Year,2011,false,,,,,,,,,,,,,265.4,,,,,,265.38,,,EN,2025-12-04T11:00:00.000Z
GHED_CHE_pc_US_SHA2011,Current health expenditure (CHE) per capita in US$,numeric,WPR,Western Pacific,Country,LAO,Lao People's Democratic Republic,Year,2011,false,,,,,,,,,,,,,27.12,,,,,,27.12,,,EN,2025-12-04T11:00:00.000Z
GHED_CHE_pc_US_SHA2011,Current health expenditure (CHE) per capita in US$,numeric,SEAR,South-East Asia,Country,MMR,Myanmar,Year,2011,false,,,,,,,,,,,,,27.41,,,,,,27.41,,,EN,2025-12-04T11:00:00.000Z
GHED_CHE_pc_US_SHA2011,Current health expenditure (CHE) per capita in US$,numeric,EMR,Eastern Mediterranean,Country,TUN,Tunisia,Year,2011,false,,,,,,,,,,,,,270.7,,,,,,270.68,,,EN,2025-12-04T11:00:00.000Z
GHED_CHE_pc_US_SHA2011,Current health expenditure (CHE) per capita in US$,numeric,EUR,Europe,Country,ALB,Albania,Year,2011,false,,,,,,,,,,,,,273.8,,,,,,273.75,,,EN,2025-12-04T11:00:00.000Z
GHED_CHE_pc_US_SHA2011,Current health expenditure (CHE) per capita in US$,numeric,AMR,Americas,Country,VCT,Saint Vincent and the Grenadines,Year,2011,false,,,,,,,,,,,,,276.2,,,,,,276.16,,,EN,2025-12-04T11:00:00.000Z
GHED_CHE_pc_US_SHA2011,Current health expenditure (CHE) per capita in US$,numeric,AFR,Africa,Country,DZA,Algeria,Year,2011,false,,,,,,,,,,,,,285.5,,,,,,285.50,,,EN,2025-12-04T11:00:00.000Z
GHED_CHE_pc_US_SHA2011,Current health expenditure (CHE) per capita in US$,numeric,EUR,Europe,Country,KAZ,Kazakhstan,Year,2011,false,,,,,,,,,,,,,293.7,,,,,,293.73,,,EN,2025-12-04T11:00:00.000Z
GHED_CHE_pc_US_SHA2011,Current health expenditure (CHE) per capita in US$,numeric,AMR,Americas,Country,DOM,Dominican Republic,Year,2011,false,,,,,,,,,,,,,294,,,,,,293.95,,,EN,2025-12-04T11:00:00.000Z
GHED_CHE_pc_US_SHA2011,Current health expenditure (CHE) per capita in US$,numeric,EUR,Europe,Country,ESP,Spain,Year,2011,false,,,,,,,,,,,,,2938,,,,,,2938.18,,,EN,2025-12-04T11:00:00.000Z
GHED_CHE_pc_US_SHA2011,Current health expenditure (CHE) per capita in US$,numeric,AMR,Americas,Country,SLV,El Salvador,Year,2011,false,,,,,,,,,,,,,295.6,,,,,,295.64,,,EN,2025-12-04T11:00:00.000Z
GHED_CHE_pc_US_SHA2011,Current health expenditure (CHE) per capita in US$,numeric,AFR,Africa,Country,MOZ,Mozambique,Year,2011,false,,,,,,,,,,,,,30.43,,,,,,30.43,,,EN,2025-12-04T11:00:00.000Z
GHED_CHE_pc_US_SHA2011,Current health expenditure (CHE) per capita in US$,numeric,EMR,Eastern Mediterranean,Country,LBY,Libya,Year,2011,false,,,,,,,,,,,,,305.2,,,,,,305.20,,,EN,2025-12-04T11:00:00.000Z
GHED_CHE_pc_US_SHA2011,Current health expenditure (CHE) per capita in US$,numeric,EMR,Eastern Mediterranean,Country,PSE,"occupied Palestinian territory, including east Jerusalem",Year,2011,false,,,,,,,,,,,,,308.4,,,,,,308.36,,,EN,2025-12-04T11:00:00.000Z
GHED_CHE_pc_US_SHA2011,Current health expenditure (CHE) per capita in US$,numeric,AFR,Africa,Country,GMB,Gambia,Year,2011,false,,,,,,,,,,,,,31.05,,,,,,31.05,,,EN,2025-12-04T11:00:00.000Z
GHED_CHE_pc_US_SHA2011,Current health expenditure (CHE) per capita in US$,numeric,AFR,Africa,Country,MLI,Mali,Year,2011,false,,,,,,,,,,,,,31.68,,,,,,31.68,,,EN,2025-12-04T11:00:00.000Z
GHED_CHE_pc_US_SHA2011,Current health expenditure (CHE) per capita in US$,numeric,AFR,Africa,Country,BEN,Benin,Year,2011,false,,,,,,,,,,,,,31.77,,,,,,31.77,,,EN,2025-12-04T11:00:00.000Z
GHED_CHE_pc_US_SHA2011,Current health expenditure (CHE) per capita in US$,numeric,EUR,Europe,Country,GEO,Georgia,Year,2011,false,,,,,,,,,,,,,315.3,,,,,,315.30,,,EN,2025-12-04T11:00:00.000Z
GHED_CHE_pc_US_SHA2011,Current health expenditure (CHE) per capita in US$,numeric,EUR,Europe,Country,BLR,Belarus,Year,2011,false,,,,,,,,,,,,,317.8,,,,,,317.82,,,EN,2025-12-04T11:00:00.000Z
GHED_CHE_pc_US_SHA2011,Current health expenditure (CHE) per capita in US$,numeric,EMR,Eastern Mediterranean,Country,JOR,Jordan,Year,2011,false,,,,,,,,,,,,,321.6,,,,,,321.59,,,EN,2025-12-04T11:00:00.000Z
GHED_CHE_pc_US_SHA2011,Current health expenditure (CHE) per capita in US$,numeric,EUR,Europe,Country,ARM,Armenia,Year,2011,false,,,,,,,,,,,,,325.3,,,,,,325.29,,,EN,2025-12-04T11:00:00.000Z
GHED_CHE_pc_US_SHA2011,Current health expenditure (CHE) per capita in US$,numeric,AFR,Africa,Country,BFA,Burkina Faso,Year,2011,false,,,,,,,,,,,,,33.7,,,,,,33.70,,,EN,2025-12-04T11:00:00.000Z
GHED_CHE_pc_US_SHA2011,Current health expenditure (CHE) per capita in US$,numeric,EUR,Europe,Country,MKD,North Macedonia,Year,2011,false,,,,,,,,,,,,,335.1,,,,,,335.13,,,EN,2025-12-04T11:00:00.000Z
GHED_CHE_pc_US_SHA2011,Current health expenditure (CHE) per capita in US$,numeric,EUR,Europe,Country,ITA,Italy,Year,2011,false,,,,,,,,,,,,,3359,,,,,,3358.96,,,EN,2025-12-04T11:00:00.000Z
GHED_CHE_pc_US_SHA2011,Current health expenditure (CHE) per capita in US$,numeric,AMR,Americas,Country,PRY,Paraguay,Year,2011,false,,,,,,,,,,,,,337.8,,,,,,337.81,,,EN,2025-12-04T11:00:00.000Z
GHED_CHE_pc_US_SHA2011,Current health expenditure (CHE) per capita in US$,numeric,SEAR,South-East Asia,Country,NPL,Nepal,Year,2011,false,,,,,,,,,,,,,34.15,,,,,,34.15,,,EN,2025-12-04T11:00:00.000Z
GHED_CHE_pc_US_SHA2011,Current health expenditure (CHE) per capita in US$,numeric,AMR,Americas,Country,ECU,Ecuador,Year,2011,false,,,,,,,,,,,,,340.4,,,,,,340.41,,,EN,2025-12-04T11:00:00.000Z
GHED_CHE_pc_US_SHA2011,Current health expenditure (CHE) per capita in US$,numeric,AMR,Americas,Country,JAM,Jamaica,Year,2011,false,,,,,,,,,,,,,341.3,,,,,,341.33,,,EN,2025-12-04T11:00:00.000Z
GHED_CHE_pc_US_SHA2011,Current health expenditure (CHE) per capita in US$,numeric,WPR,Western Pacific,Country,MYS,Malaysia,Year,2011,false,,,,,,,,,,,,,343.5,,,,,,343.46,,,EN,2025-12-04T11:00:00.000Z
GHED_CHE_pc_US_SHA2011,Current health expenditure (CHE) per capita in US$,numeric,AFR,Africa,Country,ERI,Eritrea,Year,2011,false,,,,,,,,,,,,,35.55,,,,,,35.55,,,EN,2025-12-04T11:00:00.000Z
GHED_CHE_pc_US_SHA2011,Current health expenditure (CHE) per capita in US$,numeric,WPR,Western Pacific,Country,NZL,New Zealand,Year,2011,false,,,,,,,,,,,,,3501,,,,,,3501.22,,,EN,2025-12-04T11:00:00.000Z
GHED_CHE_pc_US_SHA2011,Current health expenditure (CHE) per capita in US$,numeric,EUR,Europe,Country,AND,Andorra,Year,2011,false,,,,,,,,,,,,,3556,,,,,,3555.52,,,EN,2025-12-04T11:00:00.000Z
GHED_CHE_pc_US_SHA2011,Current health expenditure (CHE) per capita in US$,numeric,AFR,Africa,Country,TGO,Togo,Year,2011,false,,,,,,,,,,,,,36.61,,,,,,36.61,,,EN,2026-04-09T12:00:00.000Z
GHED_CHE_pc_US_SHA2011,Current health expenditure (CHE) per capita in US$,numeric,AFR,Africa,Country,SWZ,Eswatini,Year,2011,false,,,,,,,,,,,,,365.3,,,,,,365.25,,,EN,2025-12-04T11:00:00.000Z
GHED_CHE_pc_US_SHA2011,Current health expenditure (CHE) per capita in US$,numeric,AFR,Africa,Country,TCD,Chad,Year,2011,false,,,,,,,,,,,,,37.36,,,,,,37.36,,,EN,2025-12-04T11:00:00.000Z
GHED_CHE_pc_US_SHA2011,Current health expenditure (CHE) per capita in US$,numeric,AFR,Africa,Country,TZA,United Republic of Tanzania,Year,2011,false,,,,,,,,,,,,,37.75,,,,,,37.75,,,EN,2025-12-04T11:00:00.000Z
GHED_CHE_pc_US_SHA2011,Current health expenditure (CHE) per capita in US$,numeric,AMR,Americas,Country,SUR,Suriname,Year,2011,false,,,,,,,,,,,,,375.3,,,,,,375.35,,,EN,2025-12-04T11:00:00.000Z
GHED_CHE_pc_US_SHA2011,Current health expenditure (CHE) per capita in US$,numeric,WPR,Western Pacific,Country,MHL,Marshall Islands,Year,2011,false,,,,,,,,,,,,,376.4,,,,,,376.39,,,EN,2025-12-04T11:00:00.000Z
GHED_CHE_pc_US_SHA2011,Current health expenditure (CHE) per capita in US$,numeric,WPR,Western Pacific,Country,FSM,Micronesia (Federated States of),Year,2011,false,,,,,,,,,,,,,378.2,,,,,,378.15,,,EN,2025-12-04T11:00:00.000Z
GHED_CHE_pc_US_SHA2011,Current health expenditure (CHE) per capita in US$,numeric,AFR,Africa,Country,MUS,Mauritius,Year,2011,false,,,,,,,,,,,,,385.8,,,,,,385.76,,,EN,2025-12-04T11:00:00.000Z
GHED_CHE_pc_US_SHA2011,Current health expenditure (CHE) per capita in US$,numeric,AMR,Americas,Country,DMA,Dominica,Year,2011,false,,,,,,,,,,,,,387.1,,,,,,387.12,,,EN,2025-12-04T11:00:00.000Z
GHED_CHE_pc_US_SHA2011,Current health expenditure (CHE) per capita in US$,numeric,AFR,Africa,Country,MWI,Malawi,Year,2011,false,,,,,,,,,,,,,39.29,,,,,,39.29,,,EN,2025-12-04T11:00:00.000Z
GHED_CHE_pc_US_SHA2011,Current health expenditure (CHE) per capita in US$,numeric,EUR,Europe,Country,ISL,Iceland,Year,2011,false,,,,,,,,,,,,,3937,,,,,,3937.32,,,EN,2025-12-04T11:00:00.000Z
GHED_CHE_pc_US_SHA2011,Current health expenditure (CHE) per capita in US$,numeric,AMR,Americas,Country,GRD,Grenada,Year,2011,false,,,,,,,,,,,,,403.2,,,,,,403.17,,,EN,2025-12-04T11:00:00.000Z
GHED_CHE_pc_US_SHA2011,Current health expenditure (CHE) per capita in US$,numeric,EUR,Europe,Country,GBR,United Kingdom of Great Britain and Northern Ireland,Year,2011,false,,,,,,,,,,,,,4124,,,,,,4123.70,,,EN,2025-12-04T11:00:00.000Z
GHED_CHE_pc_US_SHA2011,Current health expenditure (CHE) per capita in US$,numeric,EUR,Europe,Country,ROU,Romania,Year,2011,false,,,,,,,,,,,,,426.6,,,,,,426.60,,,EN,2025-12-04T11:00:00.000Z
GHED_CHE_pc_US_SHA2011,Current health expenditure (CHE) per capita in US$,numeric,AFR,Africa,Country,BWA,Botswana,Year,2011,false,,,,,,,,,,,,,427.7,,,,,,427.71,,,EN,2025-12-04T11:00:00.000Z
GHED_CHE_pc_US_SHA2011,Current health expenditure (CHE) per capita in US$,numeric,AFR,Africa,Country,GNB,Guinea-Bissau,Year,2011,false,,,,,,,,,,,,,44.73,,,,,,44.73,,,EN,2025-12-04T11:00:00.000Z
GHED_CHE_pc_US_SHA2011,Current health expenditure (CHE) per capita in US$,numeric,EUR,Europe,Country,SMR,San Marino,Year,2011,false,,,,,,,,,,,,,4550,,,,,,4550.35,,,EN,2025-12-04T11:00:00.000Z
GHED_CHE_pc_US_SHA2011,Current health expenditure (CHE) per capita in US$,numeric,EUR,Europe,Country,BIH,Bosnia and Herzegovina,Year,2011,false,,,,,,,,,,,,,457,,,,,,456.97,,,EN,2025-12-04T11:00:00.000Z
GHED_CHE_pc_US_SHA2011,Current health expenditure (CHE) per capita in US$,numeric,AFR,Africa,Country,SYC,Seychelles,Year,2011,false,,,,,,,,,,,,,457.2,,,,,,457.16,,,EN,2025-12-04T11:00:00.000Z
GHED_CHE_pc_US_SHA2011,Current health expenditure (CHE) per capita in US$,numeric,AMR,Americas,Country,LCA,Saint Lucia,Year,2011,false,,,,,,,,,,,,,462.2,,,,,,462.20,,,EN,2025-12-04T11:00:00.000Z
GHED_CHE_pc_US_SHA2011,Current health expenditure (CHE) per capita in US$,numeric,AFR,Africa,Country,LBR,Liberia,Year,2011,false,,,,,,,,,,,,,47.59,,,,,,47.59,,,EN,2025-12-04T11:00:00.000Z
GHED_CHE_pc_US_SHA2011,Current health expenditure (CHE) per capita in US$,numeric,AFR,Africa,Country,MRT,Mauritania,Year,2011,false,,,,,,,,,,,,,47.77,,,,,,47.77,,,EN,2025-12-04T11:00:00.000Z
GHED_CHE_pc_US_SHA2011,Current health expenditure (CHE) per capita in US$,numeric,EUR,Europe,Country,FIN,Finland,Year,2011,false,,,,,,,,,,,,,4718,,,,,,4717.51,,,EN,2025-12-04T11:00:00.000Z
GHED_CHE_pc_US_SHA2011,Current health expenditure (CHE) per capita in US$,numeric,SEAR,South-East Asia,Country,IND,India,Year,2011,false,,,,,,,,,,,,,48.18,,,,,,48.18,,,EN,2025-12-04T11:00:00.000Z
GHED_CHE_pc_US_SHA2011,Current health expenditure (CHE) per capita in US$,numeric,EUR,Europe,Country,TJK,Tajikistan,Year,2011,false,,,,,,,,,,,,,48.84,,,,,,48.84,,,EN,2025-12-04T11:00:00.000Z
GHED_CHE_pc_US_SHA2011,Current health expenditure (CHE) per capita in US$,numeric,AFR,Africa,Country,SLE,Sierra Leone,Year,2011,false,,,,,,,,,,,,,49.63,,,,,,49.63,,,EN,2025-12-04T11:00:00.000Z
GHED_CHE_pc_US_SHA2011,Current health expenditure (CHE) per capita in US$,numeric,EUR,Europe,Country,FRA,France,Year,2011,false,,,,,,,,,,,,,4937,,,,,,4936.96,,,EN,2025-12-04T11:00:00.000Z
GHED_CHE_pc_US_SHA2011,Current health expenditure (CHE) per capita in US$,numeric,EUR,Europe,Country,BEL,Belgium,Year,2011,false,,,,,,,,,,,,,4990,,,,,,4990.36,,,EN,2025-12-04T11:00:00.000Z
GHED_CHE_pc_US_SHA2011,Current health expenditure (CHE) per capita in US$,numeric,AMR,Americas,Country,COL,Colombia,Year,2011,false,,,,,,,,,,,,,501.8,,,,,,501.84,,,EN,2025-12-04T11:00:00.000Z
GHED_CHE_pc_US_SHA2011,Current health expenditure (CHE) per capita in US$,numeric,EUR,Europe,Country,DEU,Germany,Year,2011,false,,,,,,,,,,,,,5016,,,,,,5016.24,,,EN,2025-12-04T11:00:00.000Z
GHED_CHE_pc_US_SHA2011,Current health expenditure (CHE) per capita in US$,numeric,EMR,Eastern Mediterranean,Country,IRN,Iran (Islamic Republic of),Year,2011,false,,,,,,,,,,,,,505.3,,,,,,505.33,,,EN,2025-12-04T11:00:00.000Z
GHED_CHE_pc_US_SHA2011,Current health expenditure (CHE) per capita in US$,numeric,AFR,Africa,Country,RWA,Rwanda,Year,2011,false,,,,,,,,,,,,,51.65,,,,,,51.65,,,EN,2025-12-04T11:00:00.000Z
GHED_CHE_pc_US_SHA2011,Current health expenditure (CHE) per capita in US$,numeric,WPR,Western Pacific,Country,JPN,Japan,Year,2011,false,,,,,,,,,,,,,5103,,,,,,5103.34,,,EN,2025-12-04T11:00:00.000Z
GHED_CHE_pc_US_SHA2011,Current health expenditure (CHE) per capita in US$,numeric,EUR,Europe,Country,AUT,Austria,Year,2011,false,,,,,,,,,,,,,5192,,,,,,5191.92,,,EN,2025-12-04T11:00:00.000Z
GHED_CHE_pc_US_SHA2011,Current health expenditure (CHE) per capita in US$,numeric,EMR,Eastern Mediterranean,Country,AFG,Afghanistan,Year,2011,false,,,,,,,,,,,,,52.19,,,,,,52.19,,,EN,2025-12-04T11:00:00.000Z
GHED_CHE_pc_US_SHA2011,Current health expenditure (CHE) per capita in US$,numeric,WPR,Western Pacific,Country,PNG,Papua New Guinea,Year,2011,false,,,,,,,,,,,,,52.49,,,,,,52.49,,,EN,2025-12-04T11:00:00.000Z
GHED_CHE_pc_US_SHA2011,Current health expenditure (CHE) per capita in US$,numeric,EUR,Europe,Country,TUR,Türkiye,Year,2011,false,,,,,,,,,,,,,525.9,,,,,,525.89,,,EN,2025-12-04T11:00:00.000Z
GHED_CHE_pc_US_SHA2011,Current health expenditure (CHE) per capita in US$,numeric,WPR,Western Pacific,Country,TUV,Tuvalu,Year,2011,false,,,,,,,,,,,,,536.1,,,,,,536.10,,,EN,2025-12-04T11:00:00.000Z
GHED_CHE_pc_US_SHA2011,Current health expenditure (CHE) per capita in US$,numeric,AMR,Americas,Country,CAN,Canada,Year,2011,false,,,,,,,,,,,,,5400,,,,,,5399.99,,,EN,2025-12-04T11:00:00.000Z
GHED_CHE_pc_US_SHA2011,Current health expenditure (CHE) per capita in US$,numeric,WPR,Western Pacific,Country,COK,Cook Islands,Year,2011,false,,,,,,,,,,,,,549.2,,,,,,549.24,,,EN,2025-12-04T11:00:00.000Z
GHED_CHE_pc_US_SHA2011,Current health expenditure (CHE) per capita in US$,numeric,AFR,Africa,Country,UGA,Uganda,Year,2011,false,,,,,,,,,,,,,55.21,,,,,,55.21,,,EN,2025-12-04T11:00:00.000Z
GHED_CHE_pc_US_SHA2011,Current health expenditure (CHE) per capita in US$,numeric,EUR,Europe,Country,IRL,Ireland,Year,2011,false,,,,,,,,,,,,,5538,,,,,,5538.00,,,EN,2025-12-04T11:00:00.000Z
GHED_CHE_pc_US_SHA2011,Current health expenditure (CHE) per capita in US$,numeric,EUR,Europe,Country,BGR,Bulgaria,Year,2011,false,,,,,,,,,,,,,555.9,,,,,,555.86,,,EN,2025-12-04T11:00:00.000Z
GHED_CHE_pc_US_SHA2011,Current health expenditure (CHE) per capita in US$,numeric,EUR,Europe,Country,NLD,Netherlands (Kingdom of the),Year,2011,false,,,,,,,,,,,,,5562,,,,,,5562.12,,,EN,2025-12-04T11:00:00.000Z
GHED_CHE_pc_US_SHA2011,Current health expenditure (CHE) per capita in US$,numeric,EMR,Eastern Mediterranean,Country,YEM,Yemen,Year,2011,false,,,,,,,,,,,,,56.59,,,,,,56.59,,,EN,2025-12-04T11:00:00.000Z
GHED_CHE_pc_US_SHA2011,Current health expenditure (CHE) per capita in US$,numeric,EMR,Eastern Mediterranean,Country,OMN,Oman,Year,2011,false,,,,,,,,,,,,,563.2,,,,,,563.24,,,EN,2025-12-04T11:00:00.000Z
GHED_CHE_pc_US_SHA2011,Current health expenditure (CHE) per capita in US$,numeric,AMR,Americas,Country,MEX,Mexico,Year,2011,false,,,,,,,,,,,,,565.3,,,,,,565.32,,,EN,2025-12-04T11:00:00.000Z
GHED_CHE_pc_US_SHA2011,Current health expenditure (CHE) per capita in US$,numeric,AFR,Africa,Country,KEN,Kenya,Year,2011,false,,,,,,,,,,,,,57.02,,,,,,57.02,,,EN,2025-12-04T11:00:00.000Z
GHED_CHE_pc_US_SHA2011,Current health expenditure (CHE) per capita in US$,numeric,AFR,Africa,Country,SEN,Senegal,Year,2011,false,,,,,,,,,,,,,57.93,,,,,,57.93,,,EN,2025-12-04T11:00:00.000Z
GHED_CHE_pc_US_SHA2011,Current health expenditure (CHE) per capita in US$,numeric,EUR,Europe,Country,MNE,Montenegro,Year,2011,false,,,,,,,,,,,,,571.7,,,,,,571.66,,,EN,2025-12-04T11:00:00.000Z
GHED_CHE_pc_US_SHA2011,Current health expenditure (CHE) per capita in US$,numeric,AFR,Africa,Country,CMR,Cameroon,Year,2011,false,,,,,,,,,,,,,58.33,,,,,,58.33,,,EN,2025-12-04T11:00:00.000Z
GHED_CHE_pc_US_SHA2011,Current health expenditure (CHE) per capita in US$,numeric,WPR,Western Pacific,Country,AUS,Australia,Year,2011,false,,,,,,,,,,,,,5877,,,,,,5876.89,,,EN,2025-12-04T11:00:00.000Z
GHED_CHE_pc_US_SHA2011,Current health expenditure (CHE) per capita in US$,numeric,SEAR,South-East Asia,Country,MDV,Maldives,Year,2011,false,,,,,,,,,,,,,588.2,,,,,,588.21,,,EN,2025-12-04T11:00:00.000Z
GHED_CHE_pc_US_SHA2011,Current health expenditure (CHE) per capita in US$,numeric,AFR,Africa,Country,COG,Congo,Year,2011,false,,,,,,,,,,,,,59.51,,,,,,59.51,,,EN,2025-12-04T11:00:00.000Z
GHED_CHE_pc_US_SHA2011,Current health expenditure (CHE) per capita in US$,numeric,EMR,Eastern Mediterranean,Country,DJI,Djibouti,Year,2011,false,,,,,,,,,,,,,61.9,,,,,,61.90,,,EN,2025-12-04T11:00:00.000Z
GHED_CHE_pc_US_SHA2011,Current health expenditure (CHE) per capita in US$,numeric,EUR,Europe,Country,SRB,Serbia,Year,2011,false,,,,,,,,,,,,,618.9,,,,,,618.89,,,EN,2025-12-04T11:00:00.000Z
GHED_CHE_pc_US_SHA2011,Current health expenditure (CHE) per capita in US$,numeric,AFR,Africa,Country,NAM,Namibia,Year,2011,false,,,,,,,,,,,,,624.6,,,,,,624.60,,,EN,2025-12-04T11:00:00.000Z
GHED_CHE_pc_US_SHA2011,Current health expenditure (CHE) per capita in US$,numeric,EUR,Europe,Country,SWE,Sweden,Year,2011,false,,,,,,,,,,,,,6364,,,,,,6363.61,,,EN,2025-12-04T11:00:00.000Z
GHED_CHE_pc_US_SHA2011,Current health expenditure (CHE) per capita in US$,numeric,AFR,Africa,Country,ZMB,Zambia,Year,2011,false,,,,,,,,,,,,,64.32,,,,,,64.32,,,EN,2025-12-04T11:00:00.000Z
GHED_CHE_pc_US_SHA2011,Current health expenditure (CHE) per capita in US$,numeric,SEAR,South-East Asia,Country,TLS,Timor-Leste,Year,2011,false,,,,,,,,,,,,,64.44,,,,,,64.44,,,EN,2025-12-04T11:00:00.000Z
GHED_CHE_pc_US_SHA2011,Current health expenditure (CHE) per capita in US$,numeric,EMR,Eastern Mediterranean,Country,LBN,Lebanon,Year,2011,false,,,,,,,,,,,,,640.7,,,,,,640.70,,,EN,2025-12-04T11:00:00.000Z
GHED_CHE_pc_US_SHA2011,Current health expenditure (CHE) per capita in US$,numeric,EUR,Europe,Country,DNK,Denmark,Year,2011,false,,,,,,,,,,,,,6426,,,,,,6426.40,,,EN,2025-12-04T11:00:00.000Z
GHED_CHE_pc_US_SHA2011,Current health expenditure (CHE) per capita in US$,numeric,WPR,Western Pacific,Country,KHM,Cambodia,Year,2011,false,,,,,,,,,,,,,65.39,,,,,,65.39,,,EN,2025-12-04T11:00:00.000Z
GHED_CHE_pc_US_SHA2011,Current health expenditure (CHE) per capita in US$,numeric,AMR,Americas,Country,PAN,Panama,Year,2011,false,,,,,,,,,,,,,665,,,,,,664.98,,,EN,2025-12-04T11:00:00.000Z
GHED_CHE_pc_US_SHA2011,Current health expenditure (CHE) per capita in US$,numeric,AFR,Africa,Country,CIV,Cote d'Ivoire,Year,2011,false,,,,,,,,,,,,,67.98,,,,,,67.98,,,EN,2025-12-04T11:00:00.000Z
GHED_CHE_pc_US_SHA2011,Current health expenditure (CHE) per capita in US$,numeric,WPR,Western Pacific,Country,NRU,Naoero,Year,2011,false,,,,,,,,,,,,,672.3,,,,,,672.28,,,EN,2025-12-04T11:00:00.000Z
GHED_CHE_pc_US_SHA2011,Current health expenditure (CHE) per capita in US$,numeric,EUR,Europe,Country,RUS,Russian Federation,Year,2011,false,,,,,,,,,,,,,681,,,,,,681.04,,,EN,2025-12-04T11:00:00.000Z
GHED_CHE_pc_US_SHA2011,Current health expenditure (CHE) per capita in US$,numeric,AFR,Africa,Country,ZAF,South Africa,Year,2011,false,,,,,,,,,,,,,686.9,,,,,,686.87,,,EN,2025-12-04T11:00:00.000Z
GHED_CHE_pc_US_SHA2011,Current health expenditure (CHE) per capita in US$,numeric,AFR,Africa,Country,STP,Sao Tome and Principe,Year,2011,false,,,,,,,,,,,,,69.46,,,,,,69.46,,,EN,2025-12-04T11:00:00.000Z
GHED_CHE_pc_US_SHA2011,Current health expenditure (CHE) per capita in US$,numeric,AMR,Americas,Country,CUB,Cuba,Year,2011,false,,,,,,,,,,,,,695.8,,,,,,695.82,,,EN,2025-12-04T11:00:00.000Z
GHED_CHE_pc_US_SHA2011,Current health expenditure (CHE) per capita in US$,numeric,AMR,Americas,Country,ATG,Antigua and Barbuda,Year,2011,false,,,,,,,,,,,,,717.3,,,,,,717.28,,,EN,2025-12-04T11:00:00.000Z
GHED_CHE_pc_US_SHA2011,Current health expenditure (CHE) per capita in US$,numeric,EUR,Europe,Country,LUX,Luxembourg,Year,2011,false,,,,,,,,,,,,,7175,,,,,,7174.74,,,EN,2025-12-04T11:00:00.000Z
GHED_CHE_pc_US_SHA2011,Current health expenditure (CHE) per capita in US$,numeric,AMR,Americas,Country,CRI,Costa Rica,Year,2011,false,,,,,,,,,,,,,753.4,,,,,,753.43,,,EN,2025-12-04T11:00:00.000Z
GHED_CHE_pc_US_SHA2011,Current health expenditure (CHE) per capita in US$,numeric,EUR,Europe,Country,LVA,Latvia,Year,2011,false,,,,,,,,,,,,,764.6,,,,,,764.59,,,EN,2025-12-04T11:00:00.000Z
GHED_CHE_pc_US_SHA2011,Current health expenditure (CHE) per capita in US$,numeric,AMR,Americas,Country,HTI,Haiti,Year,2011,false,,,,,,,,,,,,,77.12,,,,,,77.12,,,EN,2025-12-04T11:00:00.000Z
GHED_CHE_pc_US_SHA2011,Current health expenditure (CHE) per capita in US$,numeric,SEAR,South-East Asia,Country,BTN,Bhutan,Year,2011,false,,,,,,,,,,,,,77.75,,,,,,77.75,,,EN,2025-12-04T11:00:00.000Z
GHED_CHE_pc_US_SHA2011,Current health expenditure (CHE) per capita in US$,numeric,EMR,Eastern Mediterranean,Country,SYR,Syrian Arab Republic,Year,2011,false,,,,,,,,,,,,,78.29,,,,,,78.29,,,EN,2025-12-04T11:00:00.000Z
GHED_CHE_pc_US_SHA2011,Current health expenditure (CHE) per capita in US$,numeric,EUR,Europe,Country,KGZ,Kyrgyzstan,Year,2011,false,,,,,,,,,,,,,78.74,,,,,,78.74,,,EN,2025-12-04T11:00:00.000Z
GHED_CHE_pc_US_SHA2011,Current health expenditure (CHE) per capita in US$,numeric,AFR,Africa,Country,NGA,Nigeria,Year,2011,false,,,,,,,,,,,,,80.24,,,,,,80.24,,,EN,2025-12-04T11:00:00.000Z
GHED_CHE_pc_US_SHA2011,Current health expenditure (CHE) per capita in US$,numeric,EMR,Eastern Mediterranean,Country,SDN,Sudan,Year,2011,false,,,,,,,,,,,,,80.37,,,,,,80.37,,,EN,2025-12-04T11:00:00.000Z
GHED_CHE_pc_US_SHA2011,Current health expenditure (CHE) per capita in US$,numeric,AMR,Americas,Country,USA,United States of America,Year,2011,false,,,,,,,,,,,,,8016,,,,,,8015.78,,,EN,2025-12-04T11:00:00.000Z
GHED_CHE_pc_US_SHA2011,Current health expenditure (CHE) per capita in US$,numeric,AFR,Africa,Country,COM,Comoros,Year,2011,false,,,,,,,,,,,,,81.2,,,,,,81.20,,,EN,2025-12-04T11:00:00.000Z
GHED_CHE_pc_US_SHA2011,Current health expenditure (CHE) per capita in US$,numeric,AFR,Africa,Country,ZWE,Zimbabwe,Year,2011,false,,,,,,,,,,,,,83.83,,,,,,83.83,,,EN,2025-12-04T11:00:00.000Z
GHED_CHE_pc_US_SHA2011,Current health expenditure (CHE) per capita in US$,numeric,EUR,Europe,Country,MCO,Monaco,Year,2011,false,,,,,,,,,,,,,8314,,,,,,8314.46,,,EN,2025-12-04T11:00:00.000Z
GHED_CHE_pc_US_SHA2011,Current health expenditure (CHE) per capita in US$,numeric,WPR,Western Pacific,Country,BRN,Brunei Darussalam,Year,2011,false,,,,,,,,,,,,,864.6,,,,,,864.64,,,EN,2025-12-04T11:00:00.000Z
GHED_CHE_pc_US_SHA2011,Current health expenditure (CHE) per capita in US$,numeric,EUR,Europe,Country,POL,Poland,Year,2011,false,,,,,,,,,,,,,866.1,,,,,,866.09,,,EN,2025-12-04T11:00:00.000Z
GHED_CHE_pc_US_SHA2011,Current health expenditure (CHE) per capita in US$,numeric,AMR,Americas,Country,TTO,Trinidad and Tobago,Year,2011,false,,,,,,,,,,,,,873,,,,,,872.96,,,EN,2025-12-04T11:00:00.000Z
GHED_CHE_pc_US_SHA2011,Current health expenditure (CHE) per capita in US$,numeric,EUR,Europe,Country,NOR,Norway,Year,2011,false,,,,,,,,,,,,,8900,,,,,,8900.37,,,EN,2025-12-04T11:00:00.000Z
GHED_CHE_pc_US_SHA2011,Current health expenditure (CHE) per capita in US$,numeric,AFR,Africa,Country,GHA,Ghana,Year,2011,false,,,,,,,,,,,,,91.71,,,,,,91.71,,,EN,2025-12-04T11:00:00.000Z
GHED_CHE_pc_US_SHA2011,Current health expenditure (CHE) per capita in US$,numeric,EUR,Europe,Country,CHE,Switzerland,Year,2011,false,,,,,,,,,,,,,9139,,,,,,9139.43,,,EN,2025-12-04T11:00:00.000Z
GHED_CHE_pc_US_SHA2011,Current health expenditure (CHE) per capita in US$,numeric,EMR,Eastern Mediterranean,Country,BHR,Bahrain,Year,2011,false,,,,,,,,,,,,,921.7,,,,,,921.72,,,EN,2025-12-04T11:00:00.000Z
GHED_CHE_pc_US_SHA2011,Current health expenditure (CHE) per capita in US$,numeric,AMR,Americas,Country,KNA,Saint Kitts and Nevis,Year,2011,false,,,,,,,,,,,,,922.2,,,,,,922.21,,,EN,2025-12-04T11:00:00.000Z
GHED_CHE_pc_US_SHA2011,Current health expenditure (CHE) per capita in US$,numeric,EUR,Europe,Country,LTU,Lithuania,Year,2011,false,,,,,,,,,,,,,925.5,,,,,,925.47,,,EN,2025-12-04T11:00:00.000Z
GHED_CHE_pc_US_SHA2011,Current health expenditure (CHE) per capita in US$,numeric,WPR,Western Pacific,Country,SLB,Solomon Islands,Year,2011,false,,,,,,,,,,,,,95.51,,,,,,95.51,,,EN,2025-12-04T11:00:00.000Z
GHED_CHE_pc_US_SHA2011,Current health expenditure (CHE) per capita in US$,numeric,WPR,Western Pacific,Country,PHL,Philippines,Year,2011,false,,,,,,,,,,,,,95.96,,,,,,95.96,,,EN,2025-12-04T11:00:00.000Z
GHED_CHE_pc_US_SHA2011,Current health expenditure (CHE) per capita in US$,numeric,EMR,Eastern Mediterranean,Country,SAU,Saudi Arabia,Year,2011,false,,,,,,,,,,,,,954.4,,,,,,954.39,,,EN,2025-12-04T11:00:00.000Z
GHED_CHE_pc_US_SHA2011,Current health expenditure (CHE) per capita in US$,numeric,WPR,Western Pacific,Country,VNM,Viet Nam,Year,2011,false,,,,,,,,,,,,,97.05,,,,,,97.05,,,EN,2025-12-04T11:00:00.000Z
GHED_CHE_pc_US_SHA2011,Current health expenditure (CHE) per capita in US$,numeric,AMR,Americas,Country,CHL,Chile,Year,2011,false,,,,,,,,,,,,,984.4,,,,,,984.45,,,EN,2025-12-04T11:00:00.000Z
GHED_CHE_pc_US_SHA2011,Current health expenditure (CHE) per capita in US$,numeric,AMR,Americas,Country,BOL,Bolivia (Plurinational State of),Year,2010,false,,,,,,,,,,,,,100.4,,,,,,100.39,,,EN,2025-12-04T11:00:00.000Z
GHED_CHE_pc_US_SHA2011,Current health expenditure (CHE) per capita in US$,numeric,AMR,Americas,Country,URY,Uruguay,Year,2010,false,,,,,,,,,,,,,1043,,,,,,1043.26,,,EN,2025-12-04T11:00:00.000Z
GHED_CHE_pc_US_SHA2011,Current health expenditure (CHE) per capita in US$,numeric,SEAR,South-East Asia,Country,LKA,Sri Lanka,Year,2010,false,,,,,,,,,,,,,105.1,,,,,,105.07,,,EN,2025-12-04T11:00:00.000Z
GHED_CHE_pc_US_SHA2011,Current health expenditure (CHE) per capita in US$,numeric,EMR,Eastern Mediterranean,Country,EGY,Egypt,Year,2010,false,,,,,,,,,,,,,105.1,,,,,,105.08,,,EN,2025-12-04T11:00:00.000Z
GHED_CHE_pc_US_SHA2011,Current health expenditure (CHE) per capita in US$,numeric,EMR,Eastern Mediterranean,Country,KWT,Kuwait,Year,2010,false,,,,,,,,,,,,,1050,,,,,,1050.42,,,EN,2025-12-04T11:00:00.000Z
GHED_CHE_pc_US_SHA2011,Current health expenditure (CHE) per capita in US$,numeric,WPR,Western Pacific,Country,PLW,Palau,Year,2010,false,,,,,,,,,,,,,1093,,,,,,1093.31,,,EN,2025-12-04T11:00:00.000Z
GHED_CHE_pc_US_SHA2011,Current health expenditure (CHE) per capita in US$,numeric,AMR,Americas,Country,BRB,Barbados,Year,2010,false,,,,,,,,,,,,,1114,,,,,,1114.37,,,EN,2025-12-04T11:00:00.000Z
GHED_CHE_pc_US_SHA2011,Current health expenditure (CHE) per capita in US$,numeric,EUR,Europe,Country,HRV,Croatia,Year,2010,false,,,,,,,,,,,,,1127,,,,,,1126.82,,,EN,2025-12-04T11:00:00.000Z
GHED_CHE_pc_US_SHA2011,Current health expenditure (CHE) per capita in US$,numeric,AMR,Americas,Country,NIC,Nicaragua,Year,2010,false,,,,,,,,,,,,,117.7,,,,,,117.70,,,EN,2025-12-04T11:00:00.000Z
GHED_CHE_pc_US_SHA2011,Current health expenditure (CHE) per capita in US$,numeric,AFR,Africa,Country,COD,Democratic Republic of the Congo,Year,2010,false,,,,,,,,,,,,,12.14,,,,,,12.14,,,EN,2025-12-04T11:00:00.000Z
GHED_CHE_pc_US_SHA2011,Current health expenditure (CHE) per capita in US$,numeric,WPR,Western Pacific,Country,FJI,Fiji,Year,2010,false,,,,,,,,,,,,,127.7,,,,,,127.66,,,EN,2025-12-04T11:00:00.000Z
GHED_CHE_pc_US_SHA2011,Current health expenditure (CHE) per capita in US$,numeric,EUR,Europe,Country,SVK,Slovakia,Year,2010,false,,,,,,,,,,,,,1297,,,,,,1296.54,,,EN,2025-12-04T11:00:00.000Z
GHED_CHE_pc_US_SHA2011,Current health expenditure (CHE) per capita in US$,numeric,EMR,Eastern Mediterranean,Country,QAT,Qatar,Year,2010,false,,,,,,,,,,,,,1310,,,,,,1309.79,,,EN,2025-12-04T11:00:00.000Z
GHED_CHE_pc_US_SHA2011,Current health expenditure (CHE) per capita in US$,numeric,WPR,Western Pacific,Country,NIU,Niue,Year,2010,false,,,,,,,,,,,,,1311,,,,,,1311.24,,,EN,2025-12-04T11:00:00.000Z
GHED_CHE_pc_US_SHA2011,Current health expenditure (CHE) per capita in US$,numeric,WPR,Western Pacific,Country,KIR,Kiribati,Year,2010,false,,,,,,,,,,,,,133.2,,,,,,133.16,,,EN,2025-12-04T11:00:00.000Z
GHED_CHE_pc_US_SHA2011,Current health expenditure (CHE) per capita in US$,numeric,WPR,Western Pacific,Country,KOR,Republic of Korea,Year,2010,false,,,,,,,,,,,,,1417,,,,,,1417.11,,,EN,2025-12-04T11:00:00.000Z
GHED_CHE_pc_US_SHA2011,Current health expenditure (CHE) per capita in US$,numeric,EMR,Eastern Mediterranean,Country,IRQ,Iraq,Year,2010,false,,,,,,,,,,,,,144.5,,,,,,144.54,,,EN,2025-12-04T11:00:00.000Z
GHED_CHE_pc_US_SHA2011,Current health expenditure (CHE) per capita in US$,numeric,AMR,Americas,Country,BHS,Bahamas,Year,2010,false,,,,,,,,,,,,,1444,,,,,,1444.01,,,EN,2025-12-04T11:00:00.000Z
GHED_CHE_pc_US_SHA2011,Current health expenditure (CHE) per capita in US$,numeric,AFR,Africa,Country,CPV,Cabo Verde,Year,2010,false,,,,,,,,,,,,,146.1,,,,,,146.07,,,EN,2025-12-04T11:00:00.000Z
GHED_CHE_pc_US_SHA2011,Current health expenditure (CHE) per capita in US$,numeric,EUR,Europe,Country,CZE,Czechia,Year,2010,false,,,,,,,,,,,,,1509,,,,,,1509.45,,,EN,2025-12-04T11:00:00.000Z
GHED_CHE_pc_US_SHA2011,Current health expenditure (CHE) per capita in US$,numeric,WPR,Western Pacific,Country,SGP,Singapore,Year,2010,false,,,,,,,,,,,,,1511,,,,,,1510.67,,,EN,2025-12-04T11:00:00.000Z
GHED_CHE_pc_US_SHA2011,Current health expenditure (CHE) per capita in US$,numeric,EUR,Europe,Country,AZE,Azerbaijan,Year,2010,false,,,,,,,,,,,,,153.1,,,,,,153.07,,,EN,2025-12-04T11:00:00.000Z
GHED_CHE_pc_US_SHA2011,Current health expenditure (CHE) per capita in US$,numeric,AFR,Africa,Country,ETH,Ethiopia,Year,2010,false,,,,,,,,,,,,,16.17,,,,,,16.17,,,EN,2025-12-04T11:00:00.000Z
GHED_CHE_pc_US_SHA2011,Current health expenditure (CHE) per capita in US$,numeric,EMR,Eastern Mediterranean,Country,ARE,United Arab Emirates,Year,2010,false,,,,,,,,,,,,,1620,,,,,,1619.99,,,EN,2025-12-04T11:00:00.000Z
GHED_CHE_pc_US_SHA2011,Current health expenditure (CHE) per capita in US$,numeric,AMR,Americas,Country,GUY,Guyana,Year,2010,false,,,,,,,,,,,,,162.7,,,,,,162.70,,,EN,2025-12-04T11:00:00.000Z
GHED_CHE_pc_US_SHA2011,Current health expenditure (CHE) per capita in US$,numeric,AMR,Americas,Country,HND,Honduras,Year,2010,false,,,,,,,,,,,,,165.2,,,,,,165.20,,,EN,2025-12-04T11:00:00.000Z
GHED_CHE_pc_US_SHA2011,Current health expenditure (CHE) per capita in US$,numeric,WPR,Western Pacific,Country,TON,Tonga,Year,2010,false,,,,,,,,,,,,,166.6,,,,,,166.58,,,EN,2025-12-04T11:00:00.000Z
GHED_CHE_pc_US_SHA2011,Current health expenditure (CHE) per capita in US$,numeric,EMR,Eastern Mediterranean,Country,MAR,Morocco,Year,2010,false,,,,,,,,,,,,,168.4,,,,,,168.37,,,EN,2025-12-04T11:00:00.000Z
GHED_CHE_pc_US_SHA2011,Current health expenditure (CHE) per capita in US$,numeric,SEAR,South-East Asia,Country,THA,Thailand,Year,2010,false,,,,,,,,,,,,,168.6,,,,,,168.62,,,EN,2025-12-04T11:00:00.000Z
GHED_CHE_pc_US_SHA2011,Current health expenditure (CHE) per capita in US$,numeric,AFR,Africa,Country,CAF,Central African Republic,Year,2010,false,,,,,,,,,,,,,17.01,,,,,,17.01,,,EN,2025-12-04T11:00:00.000Z
GHED_CHE_pc_US_SHA2011,Current health expenditure (CHE) per capita in US$,numeric,EUR,Europe,Country,MLT,Malta,Year,2010,false,,,,,,,,,,,,,1735,,,,,,1735.49,,,EN,2025-12-04T11:00:00.000Z
GHED_CHE_pc_US_SHA2011,Current health expenditure (CHE) per capita in US$,numeric,AMR,Americas,Country,GTM,Guatemala,Year,2010,false,,,,,,,,,,,,,175.3,,,,,,175.31,,,EN,2025-12-04T11:00:00.000Z
GHED_CHE_pc_US_SHA2011,Current health expenditure (CHE) per capita in US$,numeric,WPR,Western Pacific,Country,WSM,Samoa,Year,2010,false,,,,,,,,,,,,,185.4,,,,,,185.44,,,EN,2025-12-04T11:00:00.000Z
GHED_CHE_pc_US_SHA2011,Current health expenditure (CHE) per capita in US$,numeric,WPR,Western Pacific,Country,CHN,China,Year,2010,false,,,,,,,,,,,,,188.9,,,,,,188.87,,,EN,2025-12-04T11:00:00.000Z
GHED_CHE_pc_US_SHA2011,Current health expenditure (CHE) per capita in US$,numeric,EUR,Europe,Country,MDA,Republic of Moldova,Year,2010,false,,,,,,,,,,,,,198.3,,,,,,198.29,,,EN,2025-12-04T11:00:00.000Z
GHED_CHE_pc_US_SHA2011,Current health expenditure (CHE) per capita in US$,numeric,EUR,Europe,Country,UKR,Ukraine,Year,2010,false,,,,,,,,,,,,,199.5,,,,,,199.50,,,EN,2025-12-04T11:00:00.000Z
GHED_CHE_pc_US_SHA2011,Current health expenditure (CHE) per capita in US$,numeric,SEAR,South-East Asia,Country,MMR,Myanmar,Year,2010,false,,,,,,,,,,,,,20.23,,,,,,20.23,,,EN,2025-12-04T11:00:00.000Z
GHED_CHE_pc_US_SHA2011,Current health expenditure (CHE) per capita in US$,numeric,SEAR,South-East Asia,Country,BGD,Bangladesh,Year,2010,false,,,,,,,,,,,,,20.62,,,,,,20.62,,,EN,2025-12-04T11:00:00.000Z
GHED_CHE_pc_US_SHA2011,Current health expenditure (CHE) per capita in US$,numeric,EUR,Europe,Country,SVN,Slovenia,Year,2010,false,,,,,,,,,,,,,2017,,,,,,2017.15,,,EN,2025-12-04T11:00:00.000Z
GHED_CHE_pc_US_SHA2011,Current health expenditure (CHE) per capita in US$,numeric,EUR,Europe,Country,TKM,Turkmenistan,Year,2010,false,,,,,,,,,,,,,202.8,,,,,,202.78,,,EN,2025-12-04T11:00:00.000Z
GHED_CHE_pc_US_SHA2011,Current health expenditure (CHE) per capita in US$,numeric,EUR,Europe,Country,CYP,Cyprus,Year,2010,false,,,,,,,,,,,,,2045,,,,,,2045.29,,,EN,2025-12-04T11:00:00.000Z
GHED_CHE_pc_US_SHA2011,Current health expenditure (CHE) per capita in US$,numeric,AFR,Africa,Country,GAB,Gabon,Year,2010,false,,,,,,,,,,,,,206.9,,,,,,206.88,,,EN,2025-12-04T11:00:00.000Z
GHED_CHE_pc_US_SHA2011,Current health expenditure (CHE) per capita in US$,numeric,AFR,Africa,Country,MDG,Madagascar,Year,2010,false,,,,,,,,,,,,,21.14,,,,,,21.14,,,EN,2025-12-04T11:00:00.000Z
GHED_CHE_pc_US_SHA2011,Current health expenditure (CHE) per capita in US$,numeric,EMR,Eastern Mediterranean,Country,PSE,"occupied Palestinian territory, including east Jerusalem",Year,2010,false,,,,,,,,,,,,,219.4,,,,,,219.45,,,EN,2025-12-04T11:00:00.000Z
GHED_CHE_pc_US_SHA2011,Current health expenditure (CHE) per capita in US$,numeric,AFR,Africa,Country,GIN,Guinea,Year,2010,false,,,,,,,,,,,,,22.6,,,,,,22.60,,,EN,2025-12-04T11:00:00.000Z
GHED_CHE_pc_US_SHA2011,Current health expenditure (CHE) per capita in US$,numeric,EUR,Europe,Country,ISR,Israel,Year,2010,false,,,,,,,,,,,,,2238,,,,,,2237.91,,,EN,2025-12-04T11:00:00.000Z
GHED_CHE_pc_US_SHA2011,Current health expenditure (CHE) per capita in US$,numeric,EUR,Europe,Country,PRT,Portugal,Year,2010,false,,,,,,,,,,,,,2259,,,,,,2259.30,,,EN,2025-12-04T11:00:00.000Z
GHED_CHE_pc_US_SHA2011,Current health expenditure (CHE) per capita in US$,numeric,AFR,Africa,Country,DZA,Algeria,Year,2010,false,,,,,,,,,,,,,228,,,,,,227.95,,,EN,2025-12-04T11:00:00.000Z
GHED_CHE_pc_US_SHA2011,Current health expenditure (CHE) per capita in US$,numeric,AFR,Africa,Country,NER,Niger,Year,2010,false,,,,,,,,,,,,,23.48,,,,,,23.48,,,EN,2025-12-04T11:00:00.000Z
GHED_CHE_pc_US_SHA2011,Current health expenditure (CHE) per capita in US$,numeric,EMR,Eastern Mediterranean,Country,PAK,Pakistan,Year,2010,false,,,,,,,,,,,,,23.63,,,,,,23.63,,,EN,2025-12-04T11:00:00.000Z
GHED_CHE_pc_US_SHA2011,Current health expenditure (CHE) per capita in US$,numeric,AFR,Africa,Country,GNQ,Equatorial Guinea,Year,2010,false,,,,,,,,,,,,,237.9,,,,,,237.86,,,EN,2025-12-04T11:00:00.000Z
GHED_CHE_pc_US_SHA2011,Current health expenditure (CHE) per capita in US$,numeric,AFR,Africa,Country,BDI,Burundi,Year,2010,false,,,,,,,,,,,,,24.45,,,,,,24.45,,,EN,2025-12-04T11:00:00.000Z
GHED_CHE_pc_US_SHA2011,Current health expenditure (CHE) per capita in US$,numeric,EUR,Europe,Country,KAZ,Kazakhstan,Year,2010,false,,,,,,,,,,,,,240.6,,,,,,240.61,,,EN,2025-12-04T11:00:00.000Z
GHED_CHE_pc_US_SHA2011,Current health expenditure (CHE) per capita in US$,numeric,EMR,Eastern Mediterranean,Country,TUN,Tunisia,Year,2010,false,,,,,,,,,,,,,240.8,,,,,,240.75,,,EN,2025-12-04T11:00:00.000Z
GHED_CHE_pc_US_SHA2011,Current health expenditure (CHE) per capita in US$,numeric,AMR,Americas,Country,PER,Peru,Year,2010,false,,,,,,,,,,,,,241.4,,,,,,241.43,,,EN,2025-12-04T11:00:00.000Z
GHED_CHE_pc_US_SHA2011,Current health expenditure (CHE) per capita in US$,numeric,AMR,Americas,Country,BLZ,Belize,Year,2010,false,,,,,,,,,,,,,244,,,,,,244.03,,,EN,2025-12-04T11:00:00.000Z
GHED_CHE_pc_US_SHA2011,Current health expenditure (CHE) per capita in US$,numeric,EUR,Europe,Country,ALB,Albania,Year,2010,false,,,,,,,,,,,,,254,,,,,,253.98,,,EN,2025-12-04T11:00:00.000Z
GHED_CHE_pc_US_SHA2011,Current health expenditure (CHE) per capita in US$,numeric,EUR,Europe,Country,GRC,Greece,Year,2010,false,,,,,,,,,,,,,2564,,,,,,2564.37,,,EN,2025-12-04T11:00:00.000Z
GHED_CHE_pc_US_SHA2011,Current health expenditure (CHE) per capita in US$,numeric,AMR,Americas,Country,PRY,Paraguay,Year,2010,false,,,,,,,,,,,,,258.4,,,,,,258.43,,,EN,2025-12-04T11:00:00.000Z
GHED_CHE_pc_US_SHA2011,Current health expenditure (CHE) per capita in US$,numeric,AFR,Africa,Country,ERI,Eritrea,Year,2010,false,,,,,,,,,,,,,26.01,,,,,,26.01,,,EN,2025-12-04T11:00:00.000Z
GHED_CHE_pc_US_SHA2011,Current health expenditure (CHE) per capita in US$,numeric,AFR,Africa,Country,MOZ,Mozambique,Year,2010,false,,,,,,,,,,,,,26.26,,,,,,26.26,,,EN,2025-12-04T11:00:00.000Z
GHED_CHE_pc_US_SHA2011,Current health expenditure (CHE) per capita in US$,numeric,AMR,Americas,Country,DOM,Dominican Republic,Year,2010,false,,,,,,,,,,,,,270,,,,,,270.04,,,EN,2025-12-04T11:00:00.000Z
GHED_CHE_pc_US_SHA2011,Current health expenditure (CHE) per capita in US$,numeric,AMR,Americas,Country,SLV,El Salvador,Year,2010,false,,,,,,,,,,,,,270.7,,,,,,270.69,,,EN,2025-12-04T11:00:00.000Z
GHED_CHE_pc_US_SHA2011,Current health expenditure (CHE) per capita in US$,numeric,AMR,Americas,Country,VCT,Saint Vincent and the Grenadines,Year,2010,false,,,,,,,,,,,,,281.9,,,,,,281.92,,,EN,2025-12-04T11:00:00.000Z
GHED_CHE_pc_US_SHA2011,Current health expenditure (CHE) per capita in US$,numeric,EUR,Europe,Country,ESP,Spain,Year,2010,false,,,,,,,,,,,,,2817,,,,,,2816.84,,,EN,2025-12-04T11:00:00.000Z
GHED_CHE_pc_US_SHA2011,Current health expenditure (CHE) per capita in US$,numeric,WPR,Western Pacific,Country,MYS,Malaysia,Year,2010,false,,,,,,,,,,,,,285.6,,,,,,285.64,,,EN,2025-12-04T11:00:00.000Z
GHED_CHE_pc_US_SHA2011,Current health expenditure (CHE) per capita in US$,numeric,AMR,Americas,Country,ECU,Ecuador,Year,2010,false,,,,,,,,,,,,,287,,,,,,287.00,,,EN,2025-12-04T11:00:00.000Z
GHED_CHE_pc_US_SHA2011,Current health expenditure (CHE) per capita in US$,numeric,EUR,Europe,Country,GEO,Georgia,Year,2010,false,,,,,,,,,,,,,287.8,,,,,,287.76,,,EN,2025-12-04T11:00:00.000Z
GHED_CHE_pc_US_SHA2011,Current health expenditure (CHE) per capita in US$,numeric,AFR,Africa,Country,GNB,Guinea-Bissau,Year,2010,false,,,,,,,,,,,,,29.24,,,,,,29.24,,,EN,2025-12-04T11:00:00.000Z
GHED_CHE_pc_US_SHA2011,Current health expenditure (CHE) per capita in US$,numeric,AFR,Africa,Country,BEN,Benin,Year,2010,false,,,,,,,,,,,,,29.38,,,,,,29.38,,,EN,2025-12-04T11:00:00.000Z
GHED_CHE_pc_US_SHA2011,Current health expenditure (CHE) per capita in US$,numeric,SEAR,South-East Asia,Country,NPL,Nepal,Year,2010,false,,,,,,,,,,,,,29.62,,,,,,29.62,,,EN,2025-12-04T11:00:00.000Z
GHED_CHE_pc_US_SHA2011,Current health expenditure (CHE) per capita in US$,numeric,EUR,Europe,Country,ARM,Armenia,Year,2010,false,,,,,,,,,,,,,291.8,,,,,,291.78,,,EN,2025-12-04T11:00:00.000Z
GHED_CHE_pc_US_SHA2011,Current health expenditure (CHE) per capita in US$,numeric,EMR,Eastern Mediterranean,Country,JOR,Jordan,Year,2010,false,,,,,,,,,,,,,303.8,,,,,,303.81,,,EN,2025-12-04T11:00:00.000Z
GHED_CHE_pc_US_SHA2011,Current health expenditure (CHE) per capita in US$,numeric,WPR,Western Pacific,Country,NZL,New Zealand,Year,2010,false,,,,,,,,,,,,,3073,,,,,,3072.74,,,EN,2025-12-04T11:00:00.000Z
GHED_CHE_pc_US_SHA2011,Current health expenditure (CHE) per capita in US$,numeric,EUR,Europe,Country,MKD,North Macedonia,Year,2010,false,,,,,,,,,,,,,308.1,,,,,,308.09,,,EN,2025-12-04T11:00:00.000Z
GHED_CHE_pc_US_SHA2011,Current health expenditure (CHE) per capita in US$,numeric,AMR,Americas,Country,JAM,Jamaica,Year,2010,false,,,,,,,,,,,,,309.9,,,,,,309.87,,,EN,2025-12-04T11:00:00.000Z
GHED_CHE_pc_US_SHA2011,Current health expenditure (CHE) per capita in US$,numeric,AFR,Africa,Country,MLI,Mali,Year,2010,false,,,,,,,,,,,,,31.36,,,,,,31.36,,,EN,2025-12-04T11:00:00.000Z
GHED_CHE_pc_US_SHA2011,Current health expenditure (CHE) per capita in US$,numeric,EUR,Europe,Country,ITA,Italy,Year,2010,false,,,,,,,,,,,,,3191,,,,,,3190.72,,,EN,2025-12-04T11:00:00.000Z
GHED_CHE_pc_US_SHA2011,Current health expenditure (CHE) per capita in US$,numeric,AFR,Africa,Country,TGO,Togo,Year,2010,false,,,,,,,,,,,,,32.51,,,,,,32.51,,,EN,2026-04-09T12:00:00.000Z
GHED_CHE_pc_US_SHA2011,Current health expenditure (CHE) per capita in US$,numeric,EUR,Europe,Country,AND,Andorra,Year,2010,false,,,,,,,,,,,,,3287,,,,,,3286.53,,,EN,2025-12-04T11:00:00.000Z
GHED_CHE_pc_US_SHA2011,Current health expenditure (CHE) per capita in US$,numeric,AFR,Africa,Country,GMB,Gambia,Year,2010,false,,,,,,,,,,,,,33,,,,,,33.00,,,EN,2025-12-04T11:00:00.000Z
GHED_CHE_pc_US_SHA2011,Current health expenditure (CHE) per capita in US$,numeric,AFR,Africa,Country,BFA,Burkina Faso,Year,2010,false,,,,,,,,,,,,,33.06,,,,,,33.06,,,EN,2025-12-04T11:00:00.000Z
GHED_CHE_pc_US_SHA2011,Current health expenditure (CHE) per capita in US$,numeric,AFR,Africa,Country,MWI,Malawi,Year,2010,false,,,,,,,,,,,,,33.99,,,,,,33.99,,,EN,2025-12-04T11:00:00.000Z
GHED_CHE_pc_US_SHA2011,Current health expenditure (CHE) per capita in US$,numeric,WPR,Western Pacific,Country,LAO,Lao People's Democratic Republic,Year,2010,false,,,,,,,,,,,,,34.52,,,,,,34.52,,,EN,2025-12-04T11:00:00.000Z
GHED_CHE_pc_US_SHA2011,Current health expenditure (CHE) per capita in US$,numeric,EUR,Europe,Country,BLR,Belarus,Year,2010,false,,,,,,,,,,,,,341.1,,,,,,341.14,,,EN,2025-12-04T11:00:00.000Z
GHED_CHE_pc_US_SHA2011,Current health expenditure (CHE) per capita in US$,numeric,AFR,Africa,Country,SWZ,Eswatini,Year,2010,false,,,,,,,,,,,,,343,,,,,,343.04,,,EN,2025-12-04T11:00:00.000Z
GHED_CHE_pc_US_SHA2011,Current health expenditure (CHE) per capita in US$,numeric,AFR,Africa,Country,TCD,Chad,Year,2010,false,,,,,,,,,,,,,35.26,,,,,,35.26,,,EN,2025-12-04T11:00:00.000Z
GHED_CHE_pc_US_SHA2011,Current health expenditure (CHE) per capita in US$,numeric,AFR,Africa,Country,MUS,Mauritius,Year,2010,false,,,,,,,,,,,,,357.2,,,,,,357.17,,,EN,2025-12-04T11:00:00.000Z
GHED_CHE_pc_US_SHA2011,Current health expenditure (CHE) per capita in US$,numeric,WPR,Western Pacific,Country,FSM,Micronesia (Federated States of),Year,2010,false,,,,,,,,,,,,,362,,,,,,361.97,,,EN,2025-12-04T11:00:00.000Z
GHED_CHE_pc_US_SHA2011,Current health expenditure (CHE) per capita in US$,numeric,EUR,Europe,Country,ISL,Iceland,Year,2010,false,,,,,,,,,,,,,3614,,,,,,3614.04,,,EN,2025-12-04T11:00:00.000Z
GHED_CHE_pc_US_SHA2011,Current health expenditure (CHE) per capita in US$,numeric,AMR,Americas,Country,DMA,Dominica,Year,2010,false,,,,,,,,,,,,,369.8,,,,,,369.76,,,EN,2025-12-04T11:00:00.000Z
GHED_CHE_pc_US_SHA2011,Current health expenditure (CHE) per capita in US$,numeric,AFR,Africa,Country,TZA,United Republic of Tanzania,Year,2010,false,,,,,,,,,,,,,37.18,,,,,,37.18,,,EN,2025-12-04T11:00:00.000Z
GHED_CHE_pc_US_SHA2011,Current health expenditure (CHE) per capita in US$,numeric,AFR,Africa,Country,SLE,Sierra Leone,Year,2010,false,,,,,,,,,,,,,37.85,,,,,,37.85,,,EN,2025-12-04T11:00:00.000Z
GHED_CHE_pc_US_SHA2011,Current health expenditure (CHE) per capita in US$,numeric,AMR,Americas,Country,GRD,Grenada,Year,2010,false,,,,,,,,,,,,,374.5,,,,,,374.47,,,EN,2025-12-04T11:00:00.000Z
GHED_CHE_pc_US_SHA2011,Current health expenditure (CHE) per capita in US$,numeric,EMR,Eastern Mediterranean,Country,LBY,Libya,Year,2010,false,,,,,,,,,,,,,380.6,,,,,,380.59,,,EN,2025-12-04T11:00:00.000Z
GHED_CHE_pc_US_SHA2011,Current health expenditure (CHE) per capita in US$,numeric,EUR,Europe,Country,SMR,San Marino,Year,2010,false,,,,,,,,,,,,,3814,,,,,,3813.88,,,EN,2025-12-04T11:00:00.000Z
GHED_CHE_pc_US_SHA2011,Current health expenditure (CHE) per capita in US$,numeric,EUR,Europe,Country,GBR,United Kingdom of Great Britain and Northern Ireland,Year,2010,false,,,,,,,,,,,,,3876,,,,,,3876.34,,,EN,2025-12-04T11:00:00.000Z
GHED_CHE_pc_US_SHA2011,Current health expenditure (CHE) per capita in US$,numeric,AFR,Africa,Country,BWA,Botswana,Year,2010,false,,,,,,,,,,,,,389.6,,,,,,389.55,,,EN,2025-12-04T11:00:00.000Z
GHED_CHE_pc_US_SHA2011,Current health expenditure (CHE) per capita in US$,numeric,WPR,Western Pacific,Country,PNG,Papua New Guinea,Year,2010,false,,,,,,,,,,,,,39.35,,,,,,39.35,,,EN,2025-12-04T11:00:00.000Z
GHED_CHE_pc_US_SHA2011,Current health expenditure (CHE) per capita in US$,numeric,AMR,Americas,Country,SUR,Suriname,Year,2010,false,,,,,,,,,,,,,399.6,,,,,,399.60,,,EN,2025-12-04T11:00:00.000Z
GHED_CHE_pc_US_SHA2011,Current health expenditure (CHE) per capita in US$,numeric,AFR,Africa,Country,LBR,Liberia,Year,2010,false,,,,,,,,,,,,,40.87,,,,,,40.87,,,EN,2025-12-04T11:00:00.000Z
GHED_CHE_pc_US_SHA2011,Current health expenditure (CHE) per capita in US$,numeric,EUR,Europe,Country,BIH,Bosnia and Herzegovina,Year,2010,false,,,,,,,,,,,,,406.1,,,,,,406.13,,,EN,2025-12-04T11:00:00.000Z
GHED_CHE_pc_US_SHA2011,Current health expenditure (CHE) per capita in US$,numeric,WPR,Western Pacific,Country,JPN,Japan,Year,2010,false,,,,,,,,,,,,,4072,,,,,,4071.80,,,EN,2025-12-04T11:00:00.000Z
GHED_CHE_pc_US_SHA2011,Current health expenditure (CHE) per capita in US$,numeric,EUR,Europe,Country,TJK,Tajikistan,Year,2010,false,,,,,,,,,,,,,42.29,,,,,,42.29,,,EN,2025-12-04T11:00:00.000Z
GHED_CHE_pc_US_SHA2011,Current health expenditure (CHE) per capita in US$,numeric,EMR,Eastern Mediterranean,Country,IRN,Iran (Islamic Republic of),Year,2010,false,,,,,,,,,,,,,424.6,,,,,,424.60,,,EN,2025-12-04T11:00:00.000Z
GHED_CHE_pc_US_SHA2011,Current health expenditure (CHE) per capita in US$,numeric,EUR,Europe,Country,FIN,Finland,Year,2010,false,,,,,,,,,,,,,4252,,,,,,4251.53,,,EN,2025-12-04T11:00:00.000Z
GHED_CHE_pc_US_SHA2011,Current health expenditure (CHE) per capita in US$,numeric,AFR,Africa,Country,MRT,Mauritania,Year,2010,false,,,,,,,,,,,,,43.76,,,,,,43.76,,,EN,2025-12-04T11:00:00.000Z
GHED_CHE_pc_US_SHA2011,Current health expenditure (CHE) per capita in US$,numeric,AMR,Americas,Country,LCA,Saint Lucia,Year,2010,false,,,,,,,,,,,,,438.2,,,,,,438.24,,,EN,2025-12-04T11:00:00.000Z
GHED_CHE_pc_US_SHA2011,Current health expenditure (CHE) per capita in US$,numeric,EUR,Europe,Country,SWE,Sweden,Year,2010,false,,,,,,,,,,,,,4391,,,,,,4391.12,,,EN,2025-12-04T11:00:00.000Z
GHED_CHE_pc_US_SHA2011,Current health expenditure (CHE) per capita in US$,numeric,SEAR,South-East Asia,Country,IND,India,Year,2010,false,,,,,,,,,,,,,44.8,,,,,,44.80,,,EN,2025-12-04T11:00:00.000Z
GHED_CHE_pc_US_SHA2011,Current health expenditure (CHE) per capita in US$,numeric,AFR,Africa,Country,SYC,Seychelles,Year,2010,false,,,,,,,,,,,,,449.5,,,,,,449.52,,,EN,2025-12-04T11:00:00.000Z
GHED_CHE_pc_US_SHA2011,Current health expenditure (CHE) per capita in US$,numeric,AMR,Americas,Country,COL,Colombia,Year,2010,false,,,,,,,,,,,,,452.4,,,,,,452.44,,,EN,2025-12-04T11:00:00.000Z
GHED_CHE_pc_US_SHA2011,Current health expenditure (CHE) per capita in US$,numeric,EUR,Europe,Country,DEU,Germany,Year,2010,false,,,,,,,,,,,,,4592,,,,,,4592.07,,,EN,2025-12-04T11:00:00.000Z
GHED_CHE_pc_US_SHA2011,Current health expenditure (CHE) per capita in US$,numeric,EUR,Europe,Country,FRA,France,Year,2010,false,,,,,,,,,,,,,4594,,,,,,4593.66,,,EN,2025-12-04T11:00:00.000Z
GHED_CHE_pc_US_SHA2011,Current health expenditure (CHE) per capita in US$,numeric,EMR,Eastern Mediterranean,Country,AFG,Afghanistan,Year,2010,false,,,,,,,,,,,,,46.42,,,,,,46.42,,,EN,2025-12-04T11:00:00.000Z
GHED_CHE_pc_US_SHA2011,Current health expenditure (CHE) per capita in US$,numeric,EUR,Europe,Country,BEL,Belgium,Year,2010,false,,,,,,,,,,,,,4626,,,,,,4626.03,,,EN,2025-12-04T11:00:00.000Z
GHED_CHE_pc_US_SHA2011,Current health expenditure (CHE) per capita in US$,numeric,AFR,Africa,Country,RWA,Rwanda,Year,2010,false,,,,,,,,,,,,,47.97,,,,,,47.97,,,EN,2025-12-04T11:00:00.000Z
GHED_CHE_pc_US_SHA2011,Current health expenditure (CHE) per capita in US$,numeric,EUR,Europe,Country,ROU,Romania,Year,2010,false,,,,,,,,,,,,,472.2,,,,,,472.21,,,EN,2025-12-04T11:00:00.000Z
GHED_CHE_pc_US_SHA2011,Current health expenditure (CHE) per capita in US$,numeric,EUR,Europe,Country,AUT,Austria,Year,2010,false,,,,,,,,,,,,,4815,,,,,,4815.27,,,EN,2025-12-04T11:00:00.000Z
GHED_CHE_pc_US_SHA2011,Current health expenditure (CHE) per capita in US$,numeric,EUR,Europe,Country,BGR,Bulgaria,Year,2010,false,,,,,,,,,,,,,484.8,,,,,,484.75,,,EN,2025-12-04T11:00:00.000Z
GHED_CHE_pc_US_SHA2011,Current health expenditure (CHE) per capita in US$,numeric,WPR,Western Pacific,Country,TUV,Tuvalu,Year,2010,false,,,,,,,,,,,,,490.4,,,,,,490.41,,,EN,2025-12-04T11:00:00.000Z
GHED_CHE_pc_US_SHA2011,Current health expenditure (CHE) per capita in US$,numeric,WPR,Western Pacific,Country,AUS,Australia,Year,2010,false,,,,,,,,,,,,,4948,,,,,,4947.96,,,EN,2025-12-04T11:00:00.000Z
GHED_CHE_pc_US_SHA2011,Current health expenditure (CHE) per capita in US$,numeric,AFR,Africa,Country,CMR,Cameroon,Year,2010,false,,,,,,,,,,,,,50.03,,,,,,50.03,,,EN,2025-12-04T11:00:00.000Z
GHED_CHE_pc_US_SHA2011,Current health expenditure (CHE) per capita in US$,numeric,AMR,Americas,Country,CAN,Canada,Year,2010,false,,,,,,,,,,,,,5061,,,,,,5060.89,,,EN,2025-12-04T11:00:00.000Z
GHED_CHE_pc_US_SHA2011,Current health expenditure (CHE) per capita in US$,numeric,AFR,Africa,Country,SEN,Senegal,Year,2010,false,,,,,,,,,,,,,51.39,,,,,,51.39,,,EN,2025-12-04T11:00:00.000Z
GHED_CHE_pc_US_SHA2011,Current health expenditure (CHE) per capita in US$,numeric,AFR,Africa,Country,UGA,Uganda,Year,2010,false,,,,,,,,,,,,,51.89,,,,,,51.89,,,EN,2025-12-04T11:00:00.000Z
GHED_CHE_pc_US_SHA2011,Current health expenditure (CHE) per capita in US$,numeric,EUR,Europe,Country,IRL,Ireland,Year,2010,false,,,,,,,,,,,,,5133,,,,,,5133.46,,,EN,2025-12-04T11:00:00.000Z
GHED_CHE_pc_US_SHA2011,Current health expenditure (CHE) per capita in US$,numeric,WPR,Western Pacific,Country,COK,Cook Islands,Year,2010,false,,,,,,,,,,,,,516,,,,,,516.03,,,EN,2025-12-04T11:00:00.000Z
GHED_CHE_pc_US_SHA2011,Current health expenditure (CHE) per capita in US$,numeric,EUR,Europe,Country,NLD,Netherlands (Kingdom of the),Year,2010,false,,,,,,,,,,,,,5192,,,,,,5191.69,,,EN,2025-12-04T11:00:00.000Z
GHED_CHE_pc_US_SHA2011,Current health expenditure (CHE) per capita in US$,numeric,SEAR,South-East Asia,Country,TLS,Timor-Leste,Year,2010,false,,,,,,,,,,,,,52.62,,,,,,52.62,,,EN,2025-12-04T11:00:00.000Z
GHED_CHE_pc_US_SHA2011,Current health expenditure (CHE) per capita in US$,numeric,WPR,Western Pacific,Country,KHM,Cambodia,Year,2010,false,,,,,,,,,,,,,53.59,,,,,,53.59,,,EN,2025-12-04T11:00:00.000Z
GHED_CHE_pc_US_SHA2011,Current health expenditure (CHE) per capita in US$,numeric,EUR,Europe,Country,TUR,Türkiye,Year,2010,false,,,,,,,,,,,,,531.8,,,,,,531.83,,,EN,2025-12-04T11:00:00.000Z
GHED_CHE_pc_US_SHA2011,Current health expenditure (CHE) per capita in US$,numeric,AMR,Americas,Country,MEX,Mexico,Year,2010,false,,,,,,,,,,,,,534.1,,,,,,534.09,,,EN,2025-12-04T11:00:00.000Z
GHED_CHE_pc_US_SHA2011,Current health expenditure (CHE) per capita in US$,numeric,AFR,Africa,Country,COG,Congo,Year,2010,false,,,,,,,,,,,,,54.56,,,,,,54.56,,,EN,2025-12-04T11:00:00.000Z
GHED_CHE_pc_US_SHA2011,Current health expenditure (CHE) per capita in US$,numeric,EUR,Europe,Country,SRB,Serbia,Year,2010,false,,,,,,,,,,,,,545.3,,,,,,545.33,,,EN,2025-12-04T11:00:00.000Z
GHED_CHE_pc_US_SHA2011,Current health expenditure (CHE) per capita in US$,numeric,WPR,Western Pacific,Country,MHL,Marshall Islands,Year,2010,false,,,,,,,,,,,,,548.6,,,,,,548.60,,,EN,2025-12-04T11:00:00.000Z
GHED_CHE_pc_US_SHA2011,Current health expenditure (CHE) per capita in US$,numeric,EMR,Eastern Mediterranean,Country,DJI,Djibouti,Year,2010,false,,,,,,,,,,,,,55.7,,,,,,55.70,,,EN,2025-12-04T11:00:00.000Z
GHED_CHE_pc_US_SHA2011,Current health expenditure (CHE) per capita in US$,numeric,AMR,Americas,Country,HTI,Haiti,Year,2010,false,,,,,,,,,,,,,55.74,,,,,,55.74,,,EN,2025-12-04T11:00:00.000Z
GHED_CHE_pc_US_SHA2011,Current health expenditure (CHE) per capita in US$,numeric,EUR,Europe,Country,RUS,Russian Federation,Year,2010,false,,,,,,,,,,,,,564.3,,,,,,564.30,,,EN,2025-12-04T11:00:00.000Z
GHED_CHE_pc_US_SHA2011,Current health expenditure (CHE) per capita in US$,numeric,EMR,Eastern Mediterranean,Country,LBN,Lebanon,Year,2010,false,,,,,,,,,,,,,567.3,,,,,,567.26,,,EN,2025-12-04T11:00:00.000Z
GHED_CHE_pc_US_SHA2011,Current health expenditure (CHE) per capita in US$,numeric,AFR,Africa,Country,NAM,Namibia,Year,2010,false,,,,,,,,,,,,,567.4,,,,,,567.35,,,EN,2025-12-04T11:00:00.000Z
GHED_CHE_pc_US_SHA2011,Current health expenditure (CHE) per capita in US$,numeric,AFR,Africa,Country,KEN,Kenya,Year,2010,false,,,,,,,,,,,,,58.82,,,,,,58.82,,,EN,2025-12-04T11:00:00.000Z
GHED_CHE_pc_US_SHA2011,Current health expenditure (CHE) per capita in US$,numeric,EMR,Eastern Mediterranean,Country,OMN,Oman,Year,2010,false,,,,,,,,,,,,,583.6,,,,,,583.57,,,EN,2025-12-04T11:00:00.000Z
GHED_CHE_pc_US_SHA2011,Current health expenditure (CHE) per capita in US$,numeric,EMR,Eastern Mediterranean,Country,YEM,Yemen,Year,2010,false,,,,,,,,,,,,,59.6,,,,,,59.60,,,EN,2025-12-04T11:00:00.000Z
GHED_CHE_pc_US_SHA2011,Current health expenditure (CHE) per capita in US$,numeric,AFR,Africa,Country,ZMB,Zambia,Year,2010,false,,,,,,,,,,,,,59.99,,,,,,59.99,,,EN,2025-12-04T11:00:00.000Z
GHED_CHE_pc_US_SHA2011,Current health expenditure (CHE) per capita in US$,numeric,EUR,Europe,Country,KGZ,Kyrgyzstan,Year,2010,false,,,,,,,,,,,,,60.68,,,,,,60.68,,,EN,2025-12-04T11:00:00.000Z
GHED_CHE_pc_US_SHA2011,Current health expenditure (CHE) per capita in US$,numeric,AFR,Africa,Country,STP,Sao Tome and Principe,Year,2010,false,,,,,,,,,,,,,60.95,,,,,,60.95,,,EN,2025-12-04T11:00:00.000Z
GHED_CHE_pc_US_SHA2011,Current health expenditure (CHE) per capita in US$,numeric,AMR,Americas,Country,PAN,Panama,Year,2010,false,,,,,,,,,,,,,607.4,,,,,,607.42,,,EN,2025-12-04T11:00:00.000Z
GHED_CHE_pc_US_SHA2011,Current health expenditure (CHE) per capita in US$,numeric,AMR,Americas,Country,CUB,Cuba,Year,2010,false,,,,,,,,,,,,,608.6,,,,,,608.58,,,EN,2025-12-04T11:00:00.000Z
GHED_CHE_pc_US_SHA2011,Current health expenditure (CHE) per capita in US$,numeric,SEAR,South-East Asia,Country,MDV,Maldives,Year,2010,false,,,,,,,,,,,,,608.9,,,,,,608.87,,,EN,2025-12-04T11:00:00.000Z
GHED_CHE_pc_US_SHA2011,Current health expenditure (CHE) per capita in US$,numeric,EUR,Europe,Country,DNK,Denmark,Year,2010,false,,,,,,,,,,,,,6157,,,,,,6156.69,,,EN,2025-12-04T11:00:00.000Z
GHED_CHE_pc_US_SHA2011,Current health expenditure (CHE) per capita in US$,numeric,AFR,Africa,Country,ZAF,South Africa,Year,2010,false,,,,,,,,,,,,,621.4,,,,,,621.42,,,EN,2025-12-04T11:00:00.000Z
GHED_CHE_pc_US_SHA2011,Current health expenditure (CHE) per capita in US$,numeric,WPR,Western Pacific,Country,NRU,Naoero,Year,2010,false,,,,,,,,,,,,,626.2,,,,,,626.21,,,EN,2025-12-04T11:00:00.000Z
GHED_CHE_pc_US_SHA2011,Current health expenditure (CHE) per capita in US$,numeric,AMR,Americas,Country,CRI,Costa Rica,Year,2010,false,,,,,,,,,,,,,663.7,,,,,,663.69,,,EN,2025-12-04T11:00:00.000Z
GHED_CHE_pc_US_SHA2011,Current health expenditure (CHE) per capita in US$,numeric,EUR,Europe,Country,LVA,Latvia,Year,2010,false,,,,,,,,,,,,,689.1,,,,,,689.08,,,EN,2025-12-04T11:00:00.000Z
GHED_CHE_pc_US_SHA2011,Current health expenditure (CHE) per capita in US$,numeric,AFR,Africa,Country,COM,Comoros,Year,2010,false,,,,,,,,,,,,,69.22,,,,,,69.22,,,EN,2025-12-04T11:00:00.000Z
GHED_CHE_pc_US_SHA2011,Current health expenditure (CHE) per capita in US$,numeric,AFR,Africa,Country,CIV,Cote d'Ivoire,Year,2010,false,,,,,,,,,,,,,70.05,,,,,,70.05,,,EN,2025-12-04T11:00:00.000Z
GHED_CHE_pc_US_SHA2011,Current health expenditure (CHE) per capita in US$,numeric,SEAR,South-East Asia,Country,BTN,Bhutan,Year,2010,false,,,,,,,,,,,,,72.39,,,,,,72.39,,,EN,2025-12-04T11:00:00.000Z
GHED_CHE_pc_US_SHA2011,Current health expenditure (CHE) per capita in US$,numeric,AMR,Americas,Country,ATG,Antigua and Barbuda,Year,2010,false,,,,,,,,,,,,,724.1,,,,,,724.09,,,EN,2025-12-04T11:00:00.000Z
GHED_CHE_pc_US_SHA2011,Current health expenditure (CHE) per capita in US$,numeric,AFR,Africa,Country,NGA,Nigeria,Year,2010,false,,,,,,,,,,,,,73.01,,,,,,73.01,,,EN,2025-12-04T11:00:00.000Z
GHED_CHE_pc_US_SHA2011,Current health expenditure (CHE) per capita in US$,numeric,EMR,Eastern Mediterranean,Country,SDN,Sudan,Year,2010,false,,,,,,,,,,,,,73.6,,,,,,73.60,,,EN,2025-12-04T11:00:00.000Z
GHED_CHE_pc_US_SHA2011,Current health expenditure (CHE) per capita in US$,numeric,WPR,Western Pacific,Country,SLB,Solomon Islands,Year,2010,false,,,,,,,,,,,,,74.18,,,,,,74.18,,,EN,2025-12-04T11:00:00.000Z
GHED_CHE_pc_US_SHA2011,Current health expenditure (CHE) per capita in US$,numeric,EUR,Europe,Country,LUX,Luxembourg,Year,2010,false,,,,,,,,,,,,,7460,,,,,,7459.84,,,EN,2025-12-04T11:00:00.000Z
GHED_CHE_pc_US_SHA2011,Current health expenditure (CHE) per capita in US$,numeric,EUR,Europe,Country,CHE,Switzerland,Year,2010,false,,,,,,,,,,,,,7645,,,,,,7645.26,,,EN,2025-12-04T11:00:00.000Z
GHED_CHE_pc_US_SHA2011,Current health expenditure (CHE) per capita in US$,numeric,EMR,Eastern Mediterranean,Country,SAU,Saudi Arabia,Year,2010,false,,,,,,,,,,,,,765.9,,,,,,765.92,,,EN,2025-12-04T11:00:00.000Z
GHED_CHE_pc_US_SHA2011,Current health expenditure (CHE) per capita in US$,numeric,AMR,Americas,Country,USA,United States of America,Year,2010,false,,,,,,,,,,,,,7836,,,,,,7836.09,,,EN,2025-12-04T11:00:00.000Z
GHED_CHE_pc_US_SHA2011,Current health expenditure (CHE) per capita in US$,numeric,EUR,Europe,Country,NOR,Norway,Year,2010,false,,,,,,,,,,,,,7860,,,,,,7859.52,,,EN,2025-12-04T11:00:00.000Z
GHED_CHE_pc_US_SHA2011,Current health expenditure (CHE) per capita in US$,numeric,WPR,Western Pacific,Country,BRN,Brunei Darussalam,Year,2010,false,,,,,,,,,,,,,796,,,,,,795.98,,,EN,2025-12-04T11:00:00.000Z
GHED_CHE_pc_US_SHA2011,Current health expenditure (CHE) per capita in US$,numeric,AFR,Africa,Country,GHA,Ghana,Year,2010,false,,,,,,,,,,,,,80.68,,,,,,80.68,,,EN,2025-12-04T11:00:00.000Z
GHED_CHE_pc_US_SHA2011,Current health expenditure (CHE) per capita in US$,numeric,EUR,Europe,Country,MCO,Monaco,Year,2010,false,,,,,,,,,,,,,8025,,,,,,8025.16,,,EN,2025-12-04T11:00:00.000Z
GHED_CHE_pc_US_SHA2011,Current health expenditure (CHE) per capita in US$,numeric,EUR,Europe,Country,LTU,Lithuania,Year,2010,false,,,,,,,,,,,,,805.2,,,,,,805.22,,,EN,2025-12-04T11:00:00.000Z
GHED_CHE_pc_US_SHA2011,Current health expenditure (CHE) per capita in US$,numeric,EUR,Europe,Country,POL,Poland,Year,2010,false,,,,,,,,,,,,,809.2,,,,,,809.20,,,EN,2025-12-04T11:00:00.000Z
GHED_CHE_pc_US_SHA2011,Current health expenditure (CHE) per capita in US$,numeric,AMR,Americas,Country,TTO,Trinidad and Tobago,Year,2010,false,,,,,,,,,,,,,825.2,,,,,,825.16,,,EN,2025-12-04T11:00:00.000Z
GHED_CHE_pc_US_SHA2011,Current health expenditure (CHE) per capita in US$,numeric,WPR,Western Pacific,Country,VNM,Viet Nam,Year,2010,false,,,,,,,,,,,,,85.36,,,,,,85.36,,,EN,2025-12-04T11:00:00.000Z
GHED_CHE_pc_US_SHA2011,Current health expenditure (CHE) per capita in US$,numeric,WPR,Western Pacific,Country,IDN,Indonesia,Year,2010,false,,,,,,,,,,,,,85.56,,,,,,85.56,,,EN,2025-12-04T11:00:00.000Z
GHED_CHE_pc_US_SHA2011,Current health expenditure (CHE) per capita in US$,numeric,AFR,Africa,Country,LSO,Lesotho,Year,2010,false,,,,,,,,,,,,,85.88,,,,,,85.88,,,EN,2025-12-04T11:00:00.000Z
GHED_CHE_pc_US_SHA2011,Current health expenditure (CHE) per capita in US$,numeric,AMR,Americas,Country,CHL,Chile,Year,2010,false,,,,,,,,,,,,,861.7,,,,,,861.72,,,EN,2025-12-04T11:00:00.000Z
GHED_CHE_pc_US_SHA2011,Current health expenditure (CHE) per capita in US$,numeric,EMR,Eastern Mediterranean,Country,BHR,Bahrain,Year,2010,false,,,,,,,,,,,,,866.7,,,,,,866.67,,,EN,2025-12-04T11:00:00.000Z
GHED_CHE_pc_US_SHA2011,Current health expenditure (CHE) per capita in US$,numeric,AMR,Americas,Country,KNA,Saint Kitts and Nevis,Year,2010,false,,,,,,,,,,,,,867.4,,,,,,867.45,,,EN,2025-12-04T11:00:00.000Z
GHED_CHE_pc_US_SHA2011,Current health expenditure (CHE) per capita in US$,numeric,WPR,Western Pacific,Country,PHL,Philippines,Year,2010,false,,,,,,,,,,,,,89.35,,,,,,89.35,,,EN,2025-12-04T11:00:00.000Z
GHED_CHE_pc_US_SHA2011,Current health expenditure (CHE) per capita in US$,numeric,AMR,Americas,Country,BRA,Brazil,Year,2010,false,,,,,,,,,,,,,906,,,,,,906.01,,,EN,2025-12-04T11:00:00.000Z
GHED_CHE_pc_US_SHA2011,Current health expenditure (CHE) per capita in US$,numeric,EMR,Eastern Mediterranean,Country,SYR,Syrian Arab Republic,Year,2010,false,,,,,,,,,,,,,91.55,,,,,,91.55,,,EN,2025-12-04T11:00:00.000Z
GHED_CHE_pc_US_SHA2011,Current health expenditure (CHE) per capita in US$,numeric,EUR,Europe,Country,UZB,Uzbekistan,Year,2010,false,,,,,,,,,,,,,92.87,,,,,,92.87,,,EN,2025-12-04T11:00:00.000Z
GHED_CHE_pc_US_SHA2011,Current health expenditure (CHE) per capita in US$,numeric,AFR,Africa,Country,ZWE,Zimbabwe,Year,2010,false,,,,,,,,,,,,,94.45,,,,,,94.45,,,EN,2025-12-04T11:00:00.000Z
GHED_CHE_pc_US_SHA2011,Current health expenditure (CHE) per capita in US$,numeric,AFR,Africa,Country,AGO,Angola,Year,2010,false,,,,,,,,,,,,,96.95,,,,,,96.95,,,EN,2025-12-04T11:00:00.000Z
GHED_CHE_pc_US_SHA2011,Current health expenditure (CHE) per capita in US$,numeric,EUR,Europe,Country,EST,Estonia,Year,2010,false,,,,,,,,,,,,,966.2,,,,,,966.19,,,EN,2025-12-04T11:00:00.000Z
GHED_CHE_pc_US_SHA2011,Current health expenditure (CHE) per capita in US$,numeric,AMR,Americas,Country,ARG,Argentina,Year,2010,false,,,,,,,,,,,,,979.8,,,,,,979.77,,,EN,2025-12-04T11:00:00.000Z
GHED_CHE_pc_US_SHA2011,Current health expenditure (CHE) per capita in US$,numeric,EUR,Europe,Country,HUN,Hungary,Year,2010,false,,,,,,,,,,,,,983.1,,,,,,983.11,,,EN,2025-12-04T11:00:00.000Z
GHED_CHE_pc_US_SHA2011,Current health expenditure (CHE) per capita in US$,numeric,WPR,Western Pacific,Country,VUT,Vanuatu,Year,2010,false,,,,,,,,,,,,,99.27,,,,,,99.27,,,EN,2025-12-04T11:00:00.000Z
GHED_CHE_pc_US_SHA2011,Current health expenditure (CHE) per capita in US$,numeric,WPR,Western Pacific,Country,MNG,Mongolia,Year,2010,false,,,,,,,,,,,,,99.51,,,,,,99.51,,,EN,2025-12-04T11:00:00.000Z
GHED_CHE_pc_US_SHA2011,Current health expenditure (CHE) per capita in US$,numeric,EUR,Europe,Country,EST,Estonia,Year,2009,false,,,,,,,,,,,,,1007,,,,,,1006.51,,,EN,2025-12-04T11:00:00.000Z
GHED_CHE_pc_US_SHA2011,Current health expenditure (CHE) per capita in US$,numeric,EMR,Eastern Mediterranean,Country,KWT,Kuwait,Year,2009,false,,,,,,,,,,,,,1026,,,,,,1025.90,,,EN,2025-12-04T11:00:00.000Z
GHED_CHE_pc_US_SHA2011,Current health expenditure (CHE) per capita in US$,numeric,AMR,Americas,Country,NIC,Nicaragua,Year,2009,false,,,,,,,,,,,,,112.8,,,,,,112.76,,,EN,2025-12-04T11:00:00.000Z
GHED_CHE_pc_US_SHA2011,Current health expenditure (CHE) per capita in US$,numeric,WPR,Western Pacific,Country,KOR,Republic of Korea,Year,2009,false,,,,,,,,,,,,,1151,,,,,,1150.97,,,EN,2025-12-04T11:00:00.000Z
GHED_CHE_pc_US_SHA2011,Current health expenditure (CHE) per capita in US$,numeric,AMR,Americas,Country,BRB,Barbados,Year,2009,false,,,,,,,,,,,,,1164,,,,,,1163.97,,,EN,2025-12-04T11:00:00.000Z
GHED_CHE_pc_US_SHA2011,Current health expenditure (CHE) per capita in US$,numeric,WPR,Western Pacific,Country,TON,Tonga,Year,2009,false,,,,,,,,,,,,,118.8,,,,,,118.79,,,EN,2025-12-04T11:00:00.000Z
GHED_CHE_pc_US_SHA2011,Current health expenditure (CHE) per capita in US$,numeric,EUR,Europe,Country,HRV,Croatia,Year,2009,false,,,,,,,,,,,,,1187,,,,,,1187.34,,,EN,2025-12-04T11:00:00.000Z
GHED_CHE_pc_US_SHA2011,Current health expenditure (CHE) per capita in US$,numeric,AFR,Africa,Country,COD,Democratic Republic of the Congo,Year,2009,false,,,,,,,,,,,,,12.76,,,,,,12.76,,,EN,2025-12-04T11:00:00.000Z
GHED_CHE_pc_US_SHA2011,Current health expenditure (CHE) per capita in US$,numeric,AFR,Africa,Country,AGO,Angola,Year,2009,false,,,,,,,,,,,,,120.5,,,,,,120.53,,,EN,2025-12-04T11:00:00.000Z
GHED_CHE_pc_US_SHA2011,Current health expenditure (CHE) per capita in US$,numeric,WPR,Western Pacific,Country,FJI,Fiji,Year,2009,false,,,,,,,,,,,,,121.1,,,,,,121.06,,,EN,2025-12-04T11:00:00.000Z
GHED_CHE_pc_US_SHA2011,Current health expenditure (CHE) per capita in US$,numeric,AFR,Africa,Country,CPV,Cabo Verde,Year,2009,false,,,,,,,,,,,,,130.2,,,,,,130.24,,,EN,2025-12-04T11:00:00.000Z
GHED_CHE_pc_US_SHA2011,Current health expenditure (CHE) per capita in US$,numeric,EUR,Europe,Country,SVK,Slovakia,Year,2009,false,,,,,,,,,,,,,1320,,,,,,1320.09,,,EN,2025-12-04T11:00:00.000Z
GHED_CHE_pc_US_SHA2011,Current health expenditure (CHE) per capita in US$,numeric,EMR,Eastern Mediterranean,Country,QAT,Qatar,Year,2009,false,,,,,,,,,,,,,1325,,,,,,1325.43,,,EN,2025-12-04T11:00:00.000Z
GHED_CHE_pc_US_SHA2011,Current health expenditure (CHE) per capita in US$,numeric,WPR,Western Pacific,Country,SGP,Singapore,Year,2009,false,,,,,,,,,,,,,1326,,,,,,1326.12,,,EN,2025-12-04T11:00:00.000Z
GHED_CHE_pc_US_SHA2011,Current health expenditure (CHE) per capita in US$,numeric,EUR,Europe,Country,AZE,Azerbaijan,Year,2009,false,,,,,,,,,,,,,135.4,,,,,,135.40,,,EN,2025-12-04T11:00:00.000Z
GHED_CHE_pc_US_SHA2011,Current health expenditure (CHE) per capita in US$,numeric,EMR,Eastern Mediterranean,Country,IRQ,Iraq,Year,2009,false,,,,,,,,,,,,,140.1,,,,,,140.12,,,EN,2025-12-04T11:00:00.000Z
GHED_CHE_pc_US_SHA2011,Current health expenditure (CHE) per capita in US$,numeric,AMR,Americas,Country,BHS,Bahamas,Year,2009,false,,,,,,,,,,,,,1417,,,,,,1416.92,,,EN,2025-12-04T11:00:00.000Z
GHED_CHE_pc_US_SHA2011,Current health expenditure (CHE) per capita in US$,numeric,EUR,Europe,Country,CZE,Czechia,Year,2009,false,,,,,,,,,,,,,1442,,,,,,1442.24,,,EN,2025-12-04T11:00:00.000Z
GHED_CHE_pc_US_SHA2011,Current health expenditure (CHE) per capita in US$,numeric,SEAR,South-East Asia,Country,THA,Thailand,Year,2009,false,,,,,,,,,,,,,149.7,,,,,,149.68,,,EN,2025-12-04T11:00:00.000Z
GHED_CHE_pc_US_SHA2011,Current health expenditure (CHE) per capita in US$,numeric,AFR,Africa,Country,ETH,Ethiopia,Year,2009,false,,,,,,,,,,,,,15.14,,,,,,15.14,,,EN,2025-12-04T11:00:00.000Z
GHED_CHE_pc_US_SHA2011,Current health expenditure (CHE) per capita in US$,numeric,AMR,Americas,Country,GUY,Guyana,Year,2009,false,,,,,,,,,,,,,150.2,,,,,,150.22,,,EN,2025-12-04T11:00:00.000Z
GHED_CHE_pc_US_SHA2011,Current health expenditure (CHE) per capita in US$,numeric,EMR,Eastern Mediterranean,Country,ARE,United Arab Emirates,Year,2009,false,,,,,,,,,,,,,1531,,,,,,1531.02,,,EN,2025-12-04T11:00:00.000Z
GHED_CHE_pc_US_SHA2011,Current health expenditure (CHE) per capita in US$,numeric,AMR,Americas,Country,HND,Honduras,Year,2009,false,,,,,,,,,,,,,160.2,,,,,,160.23,,,EN,2025-12-04T11:00:00.000Z
GHED_CHE_pc_US_SHA2011,Current health expenditure (CHE) per capita in US$,numeric,WPR,Western Pacific,Country,CHN,China,Year,2009,false,,,,,,,,,,,,,164.9,,,,,,164.88,,,EN,2025-12-04T11:00:00.000Z
GHED_CHE_pc_US_SHA2011,Current health expenditure (CHE) per capita in US$,numeric,EMR,Eastern Mediterranean,Country,MAR,Morocco,Year,2009,false,,,,,,,,,,,,,165.5,,,,,,165.51,,,EN,2025-12-04T11:00:00.000Z
GHED_CHE_pc_US_SHA2011,Current health expenditure (CHE) per capita in US$,numeric,EUR,Europe,Country,UKR,Ukraine,Year,2009,false,,,,,,,,,,,,,166,,,,,,165.99,,,EN,2025-12-04T11:00:00.000Z
GHED_CHE_pc_US_SHA2011,Current health expenditure (CHE) per capita in US$,numeric,WPR,Western Pacific,Country,KIR,Kiribati,Year,2009,false,,,,,,,,,,,,,168,,,,,,167.97,,,EN,2025-12-04T11:00:00.000Z
GHED_CHE_pc_US_SHA2011,Current health expenditure (CHE) per capita in US$,numeric,EUR,Europe,Country,MLT,Malta,Year,2009,false,,,,,,,,,,,,,1684,,,,,,1683.54,,,EN,2025-12-04T11:00:00.000Z
GHED_CHE_pc_US_SHA2011,Current health expenditure (CHE) per capita in US$,numeric,AMR,Americas,Country,GTM,Guatemala,Year,2009,false,,,,,,,,,,,,,169.4,,,,,,169.38,,,EN,2025-12-04T11:00:00.000Z
GHED_CHE_pc_US_SHA2011,Current health expenditure (CHE) per capita in US$,numeric,SEAR,South-East Asia,Country,BGD,Bangladesh,Year,2009,false,,,,,,,,,,,,,17.7,,,,,,17.70,,,EN,2025-12-04T11:00:00.000Z
GHED_CHE_pc_US_SHA2011,Current health expenditure (CHE) per capita in US$,numeric,WPR,Western Pacific,Country,WSM,Samoa,Year,2009,false,,,,,,,,,,,,,172.5,,,,,,172.45,,,EN,2025-12-04T11:00:00.000Z
GHED_CHE_pc_US_SHA2011,Current health expenditure (CHE) per capita in US$,numeric,EUR,Europe,Country,TKM,Turkmenistan,Year,2009,false,,,,,,,,,,,,,178.4,,,,,,178.45,,,EN,2025-12-04T11:00:00.000Z
GHED_CHE_pc_US_SHA2011,Current health expenditure (CHE) per capita in US$,numeric,AFR,Africa,Country,BDI,Burundi,Year,2009,false,,,,,,,,,,,,,18.32,,,,,,18.32,,,EN,2025-12-04T11:00:00.000Z
GHED_CHE_pc_US_SHA2011,Current health expenditure (CHE) per capita in US$,numeric,SEAR,South-East Asia,Country,MMR,Myanmar,Year,2009,false,,,,,,,,,,,,,18.7,,,,,,18.70,,,EN,2025-12-04T11:00:00.000Z
GHED_CHE_pc_US_SHA2011,Current health expenditure (CHE) per capita in US$,numeric,AFR,Africa,Country,MDG,Madagascar,Year,2009,false,,,,,,,,,,,,,19.57,,,,,,19.57,,,EN,2025-12-04T11:00:00.000Z
GHED_CHE_pc_US_SHA2011,Current health expenditure (CHE) per capita in US$,numeric,SEAR,South-East Asia,Country,NPL,Nepal,Year,2009,false,,,,,,,,,,,,,20.87,,,,,,20.87,,,EN,2025-12-04T11:00:00.000Z
GHED_CHE_pc_US_SHA2011,Current health expenditure (CHE) per capita in US$,numeric,EUR,Europe,Country,ISR,Israel,Year,2009,false,,,,,,,,,,,,,2034,,,,,,2034.46,,,EN,2025-12-04T11:00:00.000Z
GHED_CHE_pc_US_SHA2011,Current health expenditure (CHE) per capita in US$,numeric,AFR,Africa,Country,DZA,Algeria,Year,2009,false,,,,,,,,,,,,,207.2,,,,,,207.20,,,EN,2025-12-04T11:00:00.000Z
GHED_CHE_pc_US_SHA2011,Current health expenditure (CHE) per capita in US$,numeric,EUR,Europe,Country,MDA,Republic of Moldova,Year,2009,false,,,,,,,,,,,,,208.5,,,,,,208.53,,,EN,2025-12-04T11:00:00.000Z
GHED_CHE_pc_US_SHA2011,Current health expenditure (CHE) per capita in US$,numeric,AMR,Americas,Country,PER,Peru,Year,2009,false,,,,,,,,,,,,,209.2,,,,,,209.20,,,EN,2025-12-04T11:00:00.000Z
GHED_CHE_pc_US_SHA2011,Current health expenditure (CHE) per capita in US$,numeric,AFR,Africa,Country,CAF,Central African Republic,Year,2009,false,,,,,,,,,,,,,21.38,,,,,,21.38,,,EN,2025-12-04T11:00:00.000Z
GHED_CHE_pc_US_SHA2011,Current health expenditure (CHE) per capita in US$,numeric,EUR,Europe,Country,CYP,Cyprus,Year,2009,false,,,,,,,,,,,,,2105,,,,,,2105.48,,,EN,2025-12-04T11:00:00.000Z
GHED_CHE_pc_US_SHA2011,Current health expenditure (CHE) per capita in US$,numeric,EUR,Europe,Country,SVN,Slovenia,Year,2009,false,,,,,,,,,,,,,2125,,,,,,2125.06,,,EN,2025-12-04T11:00:00.000Z
GHED_CHE_pc_US_SHA2011,Current health expenditure (CHE) per capita in US$,numeric,AMR,Americas,Country,PRY,Paraguay,Year,2009,false,,,,,,,,,,,,,217.8,,,,,,217.79,,,EN,2025-12-04T11:00:00.000Z
GHED_CHE_pc_US_SHA2011,Current health expenditure (CHE) per capita in US$,numeric,EMR,Eastern Mediterranean,Country,PSE,"occupied Palestinian territory, including east Jerusalem",Year,2009,false,,,,,,,,,,,,,222,,,,,,221.97,,,EN,2025-12-04T11:00:00.000Z
GHED_CHE_pc_US_SHA2011,Current health expenditure (CHE) per capita in US$,numeric,EMR,Eastern Mediterranean,Country,PAK,Pakistan,Year,2009,false,,,,,,,,,,,,,23.15,,,,,,23.15,,,EN,2025-12-04T11:00:00.000Z
GHED_CHE_pc_US_SHA2011,Current health expenditure (CHE) per capita in US$,numeric,AFR,Africa,Country,GIN,Guinea,Year,2009,false,,,,,,,,,,,,,23.72,,,,,,23.72,,,EN,2025-12-04T11:00:00.000Z
GHED_CHE_pc_US_SHA2011,Current health expenditure (CHE) per capita in US$,numeric,EMR,Eastern Mediterranean,Country,TUN,Tunisia,Year,2009,false,,,,,,,,,,,,,231.4,,,,,,231.36,,,EN,2025-12-04T11:00:00.000Z
GHED_CHE_pc_US_SHA2011,Current health expenditure (CHE) per capita in US$,numeric,EUR,Europe,Country,PRT,Portugal,Year,2009,false,,,,,,,,,,,,,2347,,,,,,2346.54,,,EN,2025-12-04T11:00:00.000Z
GHED_CHE_pc_US_SHA2011,Current health expenditure (CHE) per capita in US$,numeric,EUR,Europe,Country,ALB,Albania,Year,2009,false,,,,,,,,,,,,,236.9,,,,,,236.94,,,EN,2025-12-04T11:00:00.000Z
GHED_CHE_pc_US_SHA2011,Current health expenditure (CHE) per capita in US$,numeric,AMR,Americas,Country,DOM,Dominican Republic,Year,2009,false,,,,,,,,,,,,,237.1,,,,,,237.11,,,EN,2025-12-04T11:00:00.000Z
GHED_CHE_pc_US_SHA2011,Current health expenditure (CHE) per capita in US$,numeric,AFR,Africa,Country,ERI,Eritrea,Year,2009,false,,,,,,,,,,,,,24.35,,,,,,24.35,,,EN,2025-12-04T11:00:00.000Z
GHED_CHE_pc_US_SHA2011,Current health expenditure (CHE) per capita in US$,numeric,AFR,Africa,Country,NER,Niger,Year,2009,false,,,,,,,,,,,,,24.55,,,,,,24.55,,,EN,2025-12-04T11:00:00.000Z
GHED_CHE_pc_US_SHA2011,Current health expenditure (CHE) per capita in US$,numeric,EUR,Europe,Country,KAZ,Kazakhstan,Year,2009,false,,,,,,,,,,,,,241,,,,,,241.00,,,EN,2025-12-04T11:00:00.000Z
GHED_CHE_pc_US_SHA2011,Current health expenditure (CHE) per capita in US$,numeric,AMR,Americas,Country,BLZ,Belize,Year,2009,false,,,,,,,,,,,,,243.3,,,,,,243.31,,,EN,2025-12-04T11:00:00.000Z
GHED_CHE_pc_US_SHA2011,Current health expenditure (CHE) per capita in US$,numeric,AMR,Americas,Country,ECU,Ecuador,Year,2009,false,,,,,,,,,,,,,244.6,,,,,,244.58,,,EN,2025-12-04T11:00:00.000Z
GHED_CHE_pc_US_SHA2011,Current health expenditure (CHE) per capita in US$,numeric,WPR,Western Pacific,Country,MYS,Malaysia,Year,2009,false,,,,,,,,,,,,,245.6,,,,,,245.64,,,EN,2025-12-04T11:00:00.000Z
GHED_CHE_pc_US_SHA2011,Current health expenditure (CHE) per capita in US$,numeric,EUR,Europe,Country,ARM,Armenia,Year,2009,false,,,,,,,,,,,,,247.9,,,,,,247.91,,,EN,2025-12-04T11:00:00.000Z
GHED_CHE_pc_US_SHA2011,Current health expenditure (CHE) per capita in US$,numeric,WPR,Western Pacific,Country,NIU,Niue,Year,2009,false,,,,,,,,,,,,,2476,,,,,,2475.89,,,EN,2025-12-04T11:00:00.000Z
GHED_CHE_pc_US_SHA2011,Current health expenditure (CHE) per capita in US$,numeric,AFR,Africa,Country,GNQ,Equatorial Guinea,Year,2009,false,,,,,,,,,,,,,249,,,,,,248.96,,,EN,2025-12-04T11:00:00.000Z
GHED_CHE_pc_US_SHA2011,Current health expenditure (CHE) per capita in US$,numeric,AMR,Americas,Country,SLV,El Salvador,Year,2009,false,,,,,,,,,,,,,257.2,,,,,,257.19,,,EN,2025-12-04T11:00:00.000Z
GHED_CHE_pc_US_SHA2011,Current health expenditure (CHE) per capita in US$,numeric,WPR,Western Pacific,Country,NZL,New Zealand,Year,2009,false,,,,,,,,,,,,,2582,,,,,,2582.28,,,EN,2025-12-04T11:00:00.000Z
GHED_CHE_pc_US_SHA2011,Current health expenditure (CHE) per capita in US$,numeric,AFR,Africa,Country,GNB,Guinea-Bissau,Year,2009,false,,,,,,,,,,,,,26.89,,,,,,26.89,,,EN,2025-12-04T11:00:00.000Z
GHED_CHE_pc_US_SHA2011,Current health expenditure (CHE) per capita in US$,numeric,AMR,Americas,Country,VCT,Saint Vincent and the Grenadines,Year,2009,false,,,,,,,,,,,,,264.6,,,,,,264.62,,,EN,2025-12-04T11:00:00.000Z
GHED_CHE_pc_US_SHA2011,Current health expenditure (CHE) per capita in US$,numeric,EUR,Europe,Country,AND,Andorra,Year,2009,false,,,,,,,,,,,,,2680,,,,,,2679.67,,,EN,2025-12-04T11:00:00.000Z
GHED_CHE_pc_US_SHA2011,Current health expenditure (CHE) per capita in US$,numeric,AFR,Africa,Country,MOZ,Mozambique,Year,2009,false,,,,,,,,,,,,,27.69,,,,,,27.69,,,EN,2025-12-04T11:00:00.000Z
GHED_CHE_pc_US_SHA2011,Current health expenditure (CHE) per capita in US$,numeric,EUR,Europe,Country,GEO,Georgia,Year,2009,false,,,,,,,,,,,,,270.2,,,,,,270.22,,,EN,2025-12-04T11:00:00.000Z
GHED_CHE_pc_US_SHA2011,Current health expenditure (CHE) per capita in US$,numeric,AFR,Africa,Country,GAB,Gabon,Year,2009,false,,,,,,,,,,,,,277.6,,,,,,277.63,,,EN,2025-12-04T11:00:00.000Z
GHED_CHE_pc_US_SHA2011,Current health expenditure (CHE) per capita in US$,numeric,AFR,Africa,Country,SWZ,Eswatini,Year,2009,false,,,,,,,,,,,,,279.7,,,,,,279.68,,,EN,2025-12-04T11:00:00.000Z
GHED_CHE_pc_US_SHA2011,Current health expenditure (CHE) per capita in US$,numeric,EUR,Europe,Country,GRC,Greece,Year,2009,false,,,,,,,,,,,,,2809,,,,,,2809.06,,,EN,2025-12-04T11:00:00.000Z
GHED_CHE_pc_US_SHA2011,Current health expenditure (CHE) per capita in US$,numeric,AMR,Americas,Country,JAM,Jamaica,Year,2009,false,,,,,,,,,,,,,282.1,,,,,,282.10,,,EN,2025-12-04T11:00:00.000Z
GHED_CHE_pc_US_SHA2011,Current health expenditure (CHE) per capita in US$,numeric,EUR,Europe,Country,BLR,Belarus,Year,2009,false,,,,,,,,,,,,,288.4,,,,,,288.45,,,EN,2025-12-04T11:00:00.000Z
GHED_CHE_pc_US_SHA2011,Current health expenditure (CHE) per capita in US$,numeric,AFR,Africa,Country,BEN,Benin,Year,2009,false,,,,,,,,,,,,,29.69,,,,,,29.69,,,EN,2025-12-04T11:00:00.000Z
GHED_CHE_pc_US_SHA2011,Current health expenditure (CHE) per capita in US$,numeric,EUR,Europe,Country,ESP,Spain,Year,2009,false,,,,,,,,,,,,,2962,,,,,,2962.48,,,EN,2025-12-04T11:00:00.000Z
GHED_CHE_pc_US_SHA2011,Current health expenditure (CHE) per capita in US$,numeric,EUR,Europe,Country,MKD,North Macedonia,Year,2009,false,,,,,,,,,,,,,297.9,,,,,,297.88,,,EN,2025-12-04T11:00:00.000Z
GHED_CHE_pc_US_SHA2011,Current health expenditure (CHE) per capita in US$,numeric,AFR,Africa,Country,TGO,Togo,Year,2009,false,,,,,,,,,,,,,30.25,,,,,,30.25,,,EN,2026-04-09T12:00:00.000Z
GHED_CHE_pc_US_SHA2011,Current health expenditure (CHE) per capita in US$,numeric,AFR,Africa,Country,MUS,Mauritius,Year,2009,false,,,,,,,,,,,,,301.7,,,,,,301.67,,,EN,2025-12-04T11:00:00.000Z
GHED_CHE_pc_US_SHA2011,Current health expenditure (CHE) per capita in US$,numeric,AFR,Africa,Country,BFA,Burkina Faso,Year,2009,false,,,,,,,,,,,,,31.26,,,,,,31.26,,,EN,2025-12-04T11:00:00.000Z
GHED_CHE_pc_US_SHA2011,Current health expenditure (CHE) per capita in US$,numeric,AFR,Africa,Country,SYC,Seychelles,Year,2009,false,,,,,,,,,,,,,311,,,,,,310.96,,,EN,2025-12-04T11:00:00.000Z
GHED_CHE_pc_US_SHA2011,Current health expenditure (CHE) per capita in US$,numeric,EMR,Eastern Mediterranean,Country,JOR,Jordan,Year,2009,false,,,,,,,,,,,,,316.9,,,,,,316.92,,,EN,2025-12-04T11:00:00.000Z
GHED_CHE_pc_US_SHA2011,Current health expenditure (CHE) per capita in US$,numeric,WPR,Western Pacific,Country,FSM,Micronesia (Federated States of),Year,2009,false,,,,,,,,,,,,,325.6,,,,,,325.57,,,EN,2025-12-04T11:00:00.000Z
GHED_CHE_pc_US_SHA2011,Current health expenditure (CHE) per capita in US$,numeric,EUR,Europe,Country,ITA,Italy,Year,2009,false,,,,,,,,,,,,,3314,,,,,,3314.16,,,EN,2025-12-04T11:00:00.000Z
GHED_CHE_pc_US_SHA2011,Current health expenditure (CHE) per capita in US$,numeric,AFR,Africa,Country,BWA,Botswana,Year,2009,false,,,,,,,,,,,,,336.5,,,,,,336.53,,,EN,2025-12-04T11:00:00.000Z
GHED_CHE_pc_US_SHA2011,Current health expenditure (CHE) per capita in US$,numeric,AFR,Africa,Country,TZA,United Republic of Tanzania,Year,2009,false,,,,,,,,,,,,,34,,,,,,34.00,,,EN,2025-12-04T11:00:00.000Z
GHED_CHE_pc_US_SHA2011,Current health expenditure (CHE) per capita in US$,numeric,AFR,Africa,Country,GMB,Gambia,Year,2009,false,,,,,,,,,,,,,34.59,,,,,,34.59,,,EN,2025-12-04T11:00:00.000Z
GHED_CHE_pc_US_SHA2011,Current health expenditure (CHE) per capita in US$,numeric,AFR,Africa,Country,MLI,Mali,Year,2009,false,,,,,,,,,,,,,34.65,,,,,,34.65,,,EN,2025-12-04T11:00:00.000Z
GHED_CHE_pc_US_SHA2011,Current health expenditure (CHE) per capita in US$,numeric,AFR,Africa,Country,TCD,Chad,Year,2009,false,,,,,,,,,,,,,34.82,,,,,,34.82,,,EN,2025-12-04T11:00:00.000Z
GHED_CHE_pc_US_SHA2011,Current health expenditure (CHE) per capita in US$,numeric,EMR,Eastern Mediterranean,Country,LBY,Libya,Year,2009,false,,,,,,,,,,,,,342.2,,,,,,342.20,,,EN,2025-12-04T11:00:00.000Z
GHED_CHE_pc_US_SHA2011,Current health expenditure (CHE) per capita in US$,numeric,WPR,Western Pacific,Country,TUV,Tuvalu,Year,2009,false,,,,,,,,,,,,,349.2,,,,,,349.20,,,EN,2025-12-04T11:00:00.000Z
GHED_CHE_pc_US_SHA2011,Current health expenditure (CHE) per capita in US$,numeric,AFR,Africa,Country,MWI,Malawi,Year,2009,false,,,,,,,,,,,,,35.56,,,,,,35.56,,,EN,2025-12-04T11:00:00.000Z
GHED_CHE_pc_US_SHA2011,Current health expenditure (CHE) per capita in US$,numeric,WPR,Western Pacific,Country,LAO,Lao People's Democratic Republic,Year,2009,false,,,,,,,,,,,,,35.72,,,,,,35.72,,,EN,2025-12-04T11:00:00.000Z
GHED_CHE_pc_US_SHA2011,Current health expenditure (CHE) per capita in US$,numeric,AMR,Americas,Country,DMA,Dominica,Year,2009,false,,,,,,,,,,,,,354,,,,,,354.05,,,EN,2025-12-04T11:00:00.000Z
GHED_CHE_pc_US_SHA2011,Current health expenditure (CHE) per capita in US$,numeric,EMR,Eastern Mediterranean,Country,IRN,Iran (Islamic Republic of),Year,2009,false,,,,,,,,,,,,,354.3,,,,,,354.26,,,EN,2025-12-04T11:00:00.000Z
GHED_CHE_pc_US_SHA2011,Current health expenditure (CHE) per capita in US$,numeric,WPR,Western Pacific,Country,PNG,Papua New Guinea,Year,2009,false,,,,,,,,,,,,,36.54,,,,,,36.54,,,EN,2025-12-04T11:00:00.000Z
GHED_CHE_pc_US_SHA2011,Current health expenditure (CHE) per capita in US$,numeric,EUR,Europe,Country,ISL,Iceland,Year,2009,false,,,,,,,,,,,,,3623,,,,,,3622.98,,,EN,2025-12-04T11:00:00.000Z
GHED_CHE_pc_US_SHA2011,Current health expenditure (CHE) per capita in US$,numeric,WPR,Western Pacific,Country,JPN,Japan,Year,2009,false,,,,,,,,,,,,,3697,,,,,,3696.58,,,EN,2025-12-04T11:00:00.000Z
GHED_CHE_pc_US_SHA2011,Current health expenditure (CHE) per capita in US$,numeric,AMR,Americas,Country,GRD,Grenada,Year,2009,false,,,,,,,,,,,,,376.7,,,,,,376.68,,,EN,2025-12-04T11:00:00.000Z
GHED_CHE_pc_US_SHA2011,Current health expenditure (CHE) per capita in US$,numeric,SEAR,South-East Asia,Country,IND,India,Year,2009,false,,,,,,,,,,,,,38.06,,,,,,38.06,,,EN,2025-12-04T11:00:00.000Z
GHED_CHE_pc_US_SHA2011,Current health expenditure (CHE) per capita in US$,numeric,EUR,Europe,Country,TJK,Tajikistan,Year,2009,false,,,,,,,,,,,,,38.92,,,,,,38.92,,,EN,2025-12-04T11:00:00.000Z
GHED_CHE_pc_US_SHA2011,Current health expenditure (CHE) per capita in US$,numeric,AMR,Americas,Country,SUR,Suriname,Year,2009,false,,,,,,,,,,,,,380,,,,,,380.04,,,EN,2025-12-04T11:00:00.000Z
GHED_CHE_pc_US_SHA2011,Current health expenditure (CHE) per capita in US$,numeric,EUR,Europe,Country,GBR,United Kingdom of Great Britain and Northern Ireland,Year,2009,false,,,,,,,,,,,,,3813,,,,,,3813.03,,,EN,2025-12-04T11:00:00.000Z
GHED_CHE_pc_US_SHA2011,Current health expenditure (CHE) per capita in US$,numeric,AMR,Americas,Country,COL,Colombia,Year,2009,false,,,,,,,,,,,,,383.9,,,,,,383.92,,,EN,2025-12-04T11:00:00.000Z
GHED_CHE_pc_US_SHA2011,Current health expenditure (CHE) per capita in US$,numeric,AFR,Africa,Country,SLE,Sierra Leone,Year,2009,false,,,,,,,,,,,,,39.3,,,,,,39.30,,,EN,2025-12-04T11:00:00.000Z
GHED_CHE_pc_US_SHA2011,Current health expenditure (CHE) per capita in US$,numeric,WPR,Western Pacific,Country,AUS,Australia,Year,2009,false,,,,,,,,,,,,,3989,,,,,,3989.44,,,EN,2025-12-04T11:00:00.000Z
GHED_CHE_pc_US_SHA2011,Current health expenditure (CHE) per capita in US$,numeric,AFR,Africa,Country,LBR,Liberia,Year,2009,false,,,,,,,,,,,,,40.22,,,,,,40.22,,,EN,2025-12-04T11:00:00.000Z
GHED_CHE_pc_US_SHA2011,Current health expenditure (CHE) per capita in US$,numeric,EUR,Europe,Country,BIH,Bosnia and Herzegovina,Year,2009,false,,,,,,,,,,,,,409.3,,,,,,409.29,,,EN,2025-12-04T11:00:00.000Z
GHED_CHE_pc_US_SHA2011,Current health expenditure (CHE) per capita in US$,numeric,AMR,Americas,Country,HTI,Haiti,Year,2009,false,,,,,,,,,,,,,41.4,,,,,,41.40,,,EN,2025-12-04T11:00:00.000Z
GHED_CHE_pc_US_SHA2011,Current health expenditure (CHE) per capita in US$,numeric,EUR,Europe,Country,SWE,Sweden,Year,2009,false,,,,,,,,,,,,,4118,,,,,,4118.42,,,EN,2025-12-04T11:00:00.000Z
GHED_CHE_pc_US_SHA2011,Current health expenditure (CHE) per capita in US$,numeric,AFR,Africa,Country,NAM,Namibia,Year,2009,false,,,,,,,,,,,,,420.7,,,,,,420.75,,,EN,2025-12-04T11:00:00.000Z
GHED_CHE_pc_US_SHA2011,Current health expenditure (CHE) per capita in US$,numeric,EUR,Europe,Country,SMR,San Marino,Year,2009,false,,,,,,,,,,,,,4243,,,,,,4242.50,,,EN,2025-12-04T11:00:00.000Z
GHED_CHE_pc_US_SHA2011,Current health expenditure (CHE) per capita in US$,numeric,EMR,Eastern Mediterranean,Country,AFG,Afghanistan,Year,2009,false,,,,,,,,,,,,,43.13,,,,,,43.13,,,EN,2025-12-04T11:00:00.000Z
GHED_CHE_pc_US_SHA2011,Current health expenditure (CHE) per capita in US$,numeric,AMR,Americas,Country,LCA,Saint Lucia,Year,2009,false,,,,,,,,,,,,,432.1,,,,,,432.09,,,EN,2025-12-04T11:00:00.000Z
GHED_CHE_pc_US_SHA2011,Current health expenditure (CHE) per capita in US$,numeric,EUR,Europe,Country,FIN,Finland,Year,2009,false,,,,,,,,,,,,,4350,,,,,,4349.90,,,EN,2025-12-04T11:00:00.000Z
GHED_CHE_pc_US_SHA2011,Current health expenditure (CHE) per capita in US$,numeric,AMR,Americas,Country,CAN,Canada,Year,2009,false,,,,,,,,,,,,,4356,,,,,,4355.83,,,EN,2025-12-04T11:00:00.000Z
GHED_CHE_pc_US_SHA2011,Current health expenditure (CHE) per capita in US$,numeric,AFR,Africa,Country,RWA,Rwanda,Year,2009,false,,,,,,,,,,,,,44,,,,,,44.00,,,EN,2025-12-04T11:00:00.000Z
GHED_CHE_pc_US_SHA2011,Current health expenditure (CHE) per capita in US$,numeric,AFR,Africa,Country,UGA,Uganda,Year,2009,false,,,,,,,,,,,,,44.37,,,,,,44.37,,,EN,2025-12-04T11:00:00.000Z
GHED_CHE_pc_US_SHA2011,Current health expenditure (CHE) per capita in US$,numeric,AFR,Africa,Country,MRT,Mauritania,Year,2009,false,,,,,,,,,,,,,44.65,,,,,,44.65,,,EN,2025-12-04T11:00:00.000Z
GHED_CHE_pc_US_SHA2011,Current health expenditure (CHE) per capita in US$,numeric,EUR,Europe,Country,ROU,Romania,Year,2009,false,,,,,,,,,,,,,449.4,,,,,,449.38,,,EN,2025-12-04T11:00:00.000Z
GHED_CHE_pc_US_SHA2011,Current health expenditure (CHE) per capita in US$,numeric,WPR,Western Pacific,Country,COK,Cook Islands,Year,2009,false,,,,,,,,,,,,,455.7,,,,,,455.75,,,EN,2025-12-04T11:00:00.000Z
GHED_CHE_pc_US_SHA2011,Current health expenditure (CHE) per capita in US$,numeric,EUR,Europe,Country,BGR,Bulgaria,Year,2009,false,,,,,,,,,,,,,459.3,,,,,,459.30,,,EN,2025-12-04T11:00:00.000Z
GHED_CHE_pc_US_SHA2011,Current health expenditure (CHE) per capita in US$,numeric,EUR,Europe,Country,DEU,Germany,Year,2009,false,,,,,,,,,,,,,4655,,,,,,4655.17,,,EN,2025-12-04T11:00:00.000Z
GHED_CHE_pc_US_SHA2011,Current health expenditure (CHE) per capita in US$,numeric,EUR,Europe,Country,FRA,France,Year,2009,false,,,,,,,,,,,,,4738,,,,,,4737.58,,,EN,2025-12-04T11:00:00.000Z
GHED_CHE_pc_US_SHA2011,Current health expenditure (CHE) per capita in US$,numeric,EUR,Europe,Country,BEL,Belgium,Year,2009,false,,,,,,,,,,,,,4756,,,,,,4755.81,,,EN,2025-12-04T11:00:00.000Z
GHED_CHE_pc_US_SHA2011,Current health expenditure (CHE) per capita in US$,numeric,AFR,Africa,Country,COG,Congo,Year,2009,false,,,,,,,,,,,,,48.65,,,,,,48.65,,,EN,2025-12-04T11:00:00.000Z
GHED_CHE_pc_US_SHA2011,Current health expenditure (CHE) per capita in US$,numeric,AFR,Africa,Country,ZAF,South Africa,Year,2009,false,,,,,,,,,,,,,487.6,,,,,,487.63,,,EN,2025-12-04T11:00:00.000Z
GHED_CHE_pc_US_SHA2011,Current health expenditure (CHE) per capita in US$,numeric,EUR,Europe,Country,TUR,Türkiye,Year,2009,false,,,,,,,,,,,,,492.3,,,,,,492.30,,,EN,2025-12-04T11:00:00.000Z
GHED_CHE_pc_US_SHA2011,Current health expenditure (CHE) per capita in US$,numeric,AMR,Americas,Country,MEX,Mexico,Year,2009,false,,,,,,,,,,,,,492.6,,,,,,492.60,,,EN,2025-12-04T11:00:00.000Z
GHED_CHE_pc_US_SHA2011,Current health expenditure (CHE) per capita in US$,numeric,EUR,Europe,Country,AUT,Austria,Year,2009,false,,,,,,,,,,,,,4940,,,,,,4939.76,,,EN,2025-12-04T11:00:00.000Z
GHED_CHE_pc_US_SHA2011,Current health expenditure (CHE) per capita in US$,numeric,EMR,Eastern Mediterranean,Country,LBN,Lebanon,Year,2009,false,,,,,,,,,,,,,496.9,,,,,,496.88,,,EN,2025-12-04T11:00:00.000Z
GHED_CHE_pc_US_SHA2011,Current health expenditure (CHE) per capita in US$,numeric,SEAR,South-East Asia,Country,TLS,Timor-Leste,Year,2009,false,,,,,,,,,,,,,50.19,,,,,,50.19,,,EN,2025-12-04T11:00:00.000Z
GHED_CHE_pc_US_SHA2011,Current health expenditure (CHE) per capita in US$,numeric,AFR,Africa,Country,SEN,Senegal,Year,2009,false,,,,,,,,,,,,,50.27,,,,,,50.27,,,EN,2025-12-04T11:00:00.000Z
GHED_CHE_pc_US_SHA2011,Current health expenditure (CHE) per capita in US$,numeric,AFR,Africa,Country,CMR,Cameroon,Year,2009,false,,,,,,,,,,,,,51.15,,,,,,51.15,,,EN,2025-12-04T11:00:00.000Z
GHED_CHE_pc_US_SHA2011,Current health expenditure (CHE) per capita in US$,numeric,EMR,Eastern Mediterranean,Country,OMN,Oman,Year,2009,false,,,,,,,,,,,,,510.1,,,,,,510.09,,,EN,2025-12-04T11:00:00.000Z
GHED_CHE_pc_US_SHA2011,Current health expenditure (CHE) per capita in US$,numeric,EUR,Europe,Country,RUS,Russian Federation,Year,2009,false,,,,,,,,,,,,,513.9,,,,,,513.91,,,EN,2025-12-04T11:00:00.000Z
GHED_CHE_pc_US_SHA2011,Current health expenditure (CHE) per capita in US$,numeric,EUR,Europe,Country,NLD,Netherlands (Kingdom of the),Year,2009,false,,,,,,,,,,,,,5283,,,,,,5282.74,,,EN,2025-12-04T11:00:00.000Z
GHED_CHE_pc_US_SHA2011,Current health expenditure (CHE) per capita in US$,numeric,AMR,Americas,Country,CRI,Costa Rica,Year,2009,false,,,,,,,,,,,,,537.1,,,,,,537.06,,,EN,2025-12-04T11:00:00.000Z
GHED_CHE_pc_US_SHA2011,Current health expenditure (CHE) per capita in US$,numeric,WPR,Western Pacific,Country,MHL,Marshall Islands,Year,2009,false,,,,,,,,,,,,,543.7,,,,,,543.68,,,EN,2025-12-04T11:00:00.000Z
GHED_CHE_pc_US_SHA2011,Current health expenditure (CHE) per capita in US$,numeric,WPR,Western Pacific,Country,KHM,Cambodia,Year,2009,false,,,,,,,,,,,,,55.25,,,,,,55.25,,,EN,2025-12-04T11:00:00.000Z
GHED_CHE_pc_US_SHA2011,Current health expenditure (CHE) per capita in US$,numeric,AFR,Africa,Country,KEN,Kenya,Year,2009,false,,,,,,,,,,,,,55.46,,,,,,55.46,,,EN,2025-12-04T11:00:00.000Z
GHED_CHE_pc_US_SHA2011,Current health expenditure (CHE) per capita in US$,numeric,AMR,Americas,Country,PAN,Panama,Year,2009,false,,,,,,,,,,,,,550.8,,,,,,550.81,,,EN,2025-12-04T11:00:00.000Z
GHED_CHE_pc_US_SHA2011,Current health expenditure (CHE) per capita in US$,numeric,EUR,Europe,Country,IRL,Ireland,Year,2009,false,,,,,,,,,,,,,5503,,,,,,5502.89,,,EN,2025-12-04T11:00:00.000Z
GHED_CHE_pc_US_SHA2011,Current health expenditure (CHE) per capita in US$,numeric,EMR,Eastern Mediterranean,Country,DJI,Djibouti,Year,2009,false,,,,,,,,,,,,,56.92,,,,,,56.92,,,EN,2025-12-04T11:00:00.000Z
GHED_CHE_pc_US_SHA2011,Current health expenditure (CHE) per capita in US$,numeric,EUR,Europe,Country,SRB,Serbia,Year,2009,false,,,,,,,,,,,,,575.3,,,,,,575.26,,,EN,2025-12-04T11:00:00.000Z
GHED_CHE_pc_US_SHA2011,Current health expenditure (CHE) per capita in US$,numeric,WPR,Western Pacific,Country,NRU,Naoero,Year,2009,false,,,,,,,,,,,,,575.4,,,,,,575.40,,,EN,2025-12-04T11:00:00.000Z
GHED_CHE_pc_US_SHA2011,Current health expenditure (CHE) per capita in US$,numeric,EMR,Eastern Mediterranean,Country,YEM,Yemen,Year,2009,false,,,,,,,,,,,,,58.02,,,,,,58.02,,,EN,2025-12-04T11:00:00.000Z
GHED_CHE_pc_US_SHA2011,Current health expenditure (CHE) per capita in US$,numeric,AFR,Africa,Country,ZMB,Zambia,Year,2009,false,,,,,,,,,,,,,59.39,,,,,,59.39,,,EN,2025-12-04T11:00:00.000Z
GHED_CHE_pc_US_SHA2011,Current health expenditure (CHE) per capita in US$,numeric,SEAR,South-East Asia,Country,BTN,Bhutan,Year,2009,false,,,,,,,,,,,,,59.75,,,,,,59.75,,,EN,2025-12-04T11:00:00.000Z
GHED_CHE_pc_US_SHA2011,Current health expenditure (CHE) per capita in US$,numeric,EUR,Europe,Country,KGZ,Kyrgyzstan,Year,2009,false,,,,,,,,,,,,,59.94,,,,,,59.94,,,EN,2025-12-04T11:00:00.000Z
GHED_CHE_pc_US_SHA2011,Current health expenditure (CHE) per capita in US$,numeric,AMR,Americas,Country,ATG,Antigua and Barbuda,Year,2009,false,,,,,,,,,,,,,609.5,,,,,,609.50,,,EN,2025-12-04T11:00:00.000Z
GHED_CHE_pc_US_SHA2011,Current health expenditure (CHE) per capita in US$,numeric,WPR,Western Pacific,Country,IDN,Indonesia,Year,2009,false,,,,,,,,,,,,,62.4,,,,,,62.40,,,EN,2025-12-04T11:00:00.000Z
GHED_CHE_pc_US_SHA2011,Current health expenditure (CHE) per capita in US$,numeric,AFR,Africa,Country,GHA,Ghana,Year,2009,false,,,,,,,,,,,,,62.44,,,,,,62.44,,,EN,2025-12-04T11:00:00.000Z
GHED_CHE_pc_US_SHA2011,Current health expenditure (CHE) per capita in US$,numeric,EUR,Europe,Country,DNK,Denmark,Year,2009,false,,,,,,,,,,,,,6208,,,,,,6208.48,,,EN,2025-12-04T11:00:00.000Z
GHED_CHE_pc_US_SHA2011,Current health expenditure (CHE) per capita in US$,numeric,AFR,Africa,Country,STP,Sao Tome and Principe,Year,2009,false,,,,,,,,,,,,,64.91,,,,,,64.91,,,EN,2025-12-04T11:00:00.000Z
GHED_CHE_pc_US_SHA2011,Current health expenditure (CHE) per capita in US$,numeric,AFR,Africa,Country,NGA,Nigeria,Year,2009,false,,,,,,,,,,,,,65.72,,,,,,65.72,,,EN,2025-12-04T11:00:00.000Z
GHED_CHE_pc_US_SHA2011,Current health expenditure (CHE) per capita in US$,numeric,AMR,Americas,Country,CUB,Cuba,Year,2009,false,,,,,,,,,,,,,675.5,,,,,,675.53,,,EN,2025-12-04T11:00:00.000Z
GHED_CHE_pc_US_SHA2011,Current health expenditure (CHE) per capita in US$,numeric,SEAR,South-East Asia,Country,MDV,Maldives,Year,2009,false,,,,,,,,,,,,,679.7,,,,,,679.66,,,EN,2025-12-04T11:00:00.000Z
GHED_CHE_pc_US_SHA2011,Current health expenditure (CHE) per capita in US$,numeric,AFR,Africa,Country,COM,Comoros,Year,2009,false,,,,,,,,,,,,,69.48,,,,,,69.48,,,EN,2025-12-04T11:00:00.000Z
GHED_CHE_pc_US_SHA2011,Current health expenditure (CHE) per capita in US$,numeric,WPR,Western Pacific,Country,VNM,Viet Nam,Year,2009,false,,,,,,,,,,,,,69.83,,,,,,69.83,,,EN,2025-12-04T11:00:00.000Z
GHED_CHE_pc_US_SHA2011,Current health expenditure (CHE) per capita in US$,numeric,AFR,Africa,Country,CIV,Cote d'Ivoire,Year,2009,false,,,,,,,,,,,,,71.06,,,,,,71.06,,,EN,2025-12-04T11:00:00.000Z
GHED_CHE_pc_US_SHA2011,Current health expenditure (CHE) per capita in US$,numeric,EUR,Europe,Country,UZB,Uzbekistan,Year,2009,false,,,,,,,,,,,,,71.96,,,,,,71.96,,,EN,2025-12-04T11:00:00.000Z
GHED_CHE_pc_US_SHA2011,Current health expenditure (CHE) per capita in US$,numeric,EUR,Europe,Country,CHE,Switzerland,Year,2009,false,,,,,,,,,,,,,7264,,,,,,7263.63,,,EN,2025-12-04T11:00:00.000Z
GHED_CHE_pc_US_SHA2011,Current health expenditure (CHE) per capita in US$,numeric,AMR,Americas,Country,BRA,Brazil,Year,2009,false,,,,,,,,,,,,,728.6,,,,,,728.56,,,EN,2025-12-04T11:00:00.000Z
GHED_CHE_pc_US_SHA2011,Current health expenditure (CHE) per capita in US$,numeric,AMR,Americas,Country,CHL,Chile,Year,2009,false,,,,,,,,,,,,,730.6,,,,,,730.63,,,EN,2025-12-04T11:00:00.000Z
GHED_CHE_pc_US_SHA2011,Current health expenditure (CHE) per capita in US$,numeric,EUR,Europe,Country,NOR,Norway,Year,2009,false,,,,,,,,,,,,,7302,,,,,,7301.96,,,EN,2025-12-04T11:00:00.000Z
GHED_CHE_pc_US_SHA2011,Current health expenditure (CHE) per capita in US$,numeric,WPR,Western Pacific,Country,BRN,Brunei Darussalam,Year,2009,false,,,,,,,,,,,,,739.3,,,,,,739.28,,,EN,2025-12-04T11:00:00.000Z
GHED_CHE_pc_US_SHA2011,Current health expenditure (CHE) per capita in US$,numeric,EUR,Europe,Country,LVA,Latvia,Year,2009,false,,,,,,,,,,,,,744.7,,,,,,744.66,,,EN,2025-12-04T11:00:00.000Z
GHED_CHE_pc_US_SHA2011,Current health expenditure (CHE) per capita in US$,numeric,EUR,Europe,Country,POL,Poland,Year,2009,false,,,,,,,,,,,,,759.6,,,,,,759.61,,,EN,2025-12-04T11:00:00.000Z
GHED_CHE_pc_US_SHA2011,Current health expenditure (CHE) per capita in US$,numeric,WPR,Western Pacific,Country,MNG,Mongolia,Year,2009,false,,,,,,,,,,,,,76.7,,,,,,76.70,,,EN,2025-12-04T11:00:00.000Z
GHED_CHE_pc_US_SHA2011,Current health expenditure (CHE) per capita in US$,numeric,EMR,Eastern Mediterranean,Country,SAU,Saudi Arabia,Year,2009,false,,,,,,,,,,,,,760.2,,,,,,760.19,,,EN,2025-12-04T11:00:00.000Z
GHED_CHE_pc_US_SHA2011,Current health expenditure (CHE) per capita in US$,numeric,AMR,Americas,Country,USA,United States of America,Year,2009,false,,,,,,,,,,,,,7615,,,,,,7614.82,,,EN,2025-12-04T11:00:00.000Z
GHED_CHE_pc_US_SHA2011,Current health expenditure (CHE) per capita in US$,numeric,EUR,Europe,Country,LUX,Luxembourg,Year,2009,false,,,,,,,,,,,,,7671,,,,,,7670.59,,,EN,2025-12-04T11:00:00.000Z
GHED_CHE_pc_US_SHA2011,Current health expenditure (CHE) per capita in US$,numeric,WPR,Western Pacific,Country,PHL,Philippines,Year,2009,false,,,,,,,,,,,,,77.65,,,,,,77.65,,,EN,2025-12-04T11:00:00.000Z
GHED_CHE_pc_US_SHA2011,Current health expenditure (CHE) per capita in US$,numeric,AMR,Americas,Country,TTO,Trinidad and Tobago,Year,2009,false,,,,,,,,,,,,,776.6,,,,,,776.62,,,EN,2025-12-04T11:00:00.000Z
GHED_CHE_pc_US_SHA2011,Current health expenditure (CHE) per capita in US$,numeric,AMR,Americas,Country,ARG,Argentina,Year,2009,false,,,,,,,,,,,,,787.8,,,,,,787.78,,,EN,2025-12-04T11:00:00.000Z
GHED_CHE_pc_US_SHA2011,Current health expenditure (CHE) per capita in US$,numeric,EMR,Eastern Mediterranean,Country,SDN,Sudan,Year,2009,false,,,,,,,,,,,,,80,,,,,,80.00,,,EN,2025-12-04T11:00:00.000Z
GHED_CHE_pc_US_SHA2011,Current health expenditure (CHE) per capita in US$,numeric,AFR,Africa,Country,LSO,Lesotho,Year,2009,false,,,,,,,,,,,,,80.82,,,,,,80.82,,,EN,2025-12-04T11:00:00.000Z
GHED_CHE_pc_US_SHA2011,Current health expenditure (CHE) per capita in US$,numeric,EUR,Europe,Country,MCO,Monaco,Year,2009,false,,,,,,,,,,,,,8191,,,,,,8190.71,,,EN,2025-12-04T11:00:00.000Z
GHED_CHE_pc_US_SHA2011,Current health expenditure (CHE) per capita in US$,numeric,WPR,Western Pacific,Country,VUT,Vanuatu,Year,2009,false,,,,,,,,,,,,,82.8,,,,,,82.80,,,EN,2025-12-04T11:00:00.000Z
GHED_CHE_pc_US_SHA2011,Current health expenditure (CHE) per capita in US$,numeric,AMR,Americas,Country,URY,Uruguay,Year,2009,false,,,,,,,,,,,,,826.1,,,,,,826.06,,,EN,2025-12-04T11:00:00.000Z
GHED_CHE_pc_US_SHA2011,Current health expenditure (CHE) per capita in US$,numeric,EMR,Eastern Mediterranean,Country,BHR,Bahrain,Year,2009,false,,,,,,,,,,,,,838.5,,,,,,838.53,,,EN,2025-12-04T11:00:00.000Z
GHED_CHE_pc_US_SHA2011,Current health expenditure (CHE) per capita in US$,numeric,EUR,Europe,Country,LTU,Lithuania,Year,2009,false,,,,,,,,,,,,,864.7,,,,,,864.74,,,EN,2025-12-04T11:00:00.000Z
GHED_CHE_pc_US_SHA2011,Current health expenditure (CHE) per capita in US$,numeric,AMR,Americas,Country,KNA,Saint Kitts and Nevis,Year,2009,false,,,,,,,,,,,,,872.7,,,,,,872.67,,,EN,2025-12-04T11:00:00.000Z
GHED_CHE_pc_US_SHA2011,Current health expenditure (CHE) per capita in US$,numeric,EMR,Eastern Mediterranean,Country,SYR,Syrian Arab Republic,Year,2009,false,,,,,,,,,,,,,88.01,,,,,,88.01,,,EN,2025-12-04T11:00:00.000Z
GHED_CHE_pc_US_SHA2011,Current health expenditure (CHE) per capita in US$,numeric,AMR,Americas,Country,BOL,Bolivia (Plurinational State of),Year,2009,false,,,,,,,,,,,,,89.58,,,,,,89.58,,,EN,2025-12-04T11:00:00.000Z
GHED_CHE_pc_US_SHA2011,Current health expenditure (CHE) per capita in US$,numeric,WPR,Western Pacific,Country,SLB,Solomon Islands,Year,2009,false,,,,,,,,,,,,,93.88,,,,,,93.88,,,EN,2025-12-04T11:00:00.000Z
GHED_CHE_pc_US_SHA2011,Current health expenditure (CHE) per capita in US$,numeric,EUR,Europe,Country,HUN,Hungary,Year,2009,false,,,,,,,,,,,,,943.7,,,,,,943.69,,,EN,2025-12-04T11:00:00.000Z
GHED_CHE_pc_US_SHA2011,Current health expenditure (CHE) per capita in US$,numeric,WPR,Western Pacific,Country,PLW,Palau,Year,2009,false,,,,,,,,,,,,,947.1,,,,,,947.13,,,EN,2025-12-04T11:00:00.000Z
GHED_CHE_pc_US_SHA2011,Current health expenditure (CHE) per capita in US$,numeric,SEAR,South-East Asia,Country,LKA,Sri Lanka,Year,2009,false,,,,,,,,,,,,,97.26,,,,,,97.26,,,EN,2025-12-04T11:00:00.000Z
GHED_CHE_pc_US_SHA2011,Current health expenditure (CHE) per capita in US$,numeric,EMR,Eastern Mediterranean,Country,EGY,Egypt,Year,2009,false,,,,,,,,,,,,,98.9,,,,,,98.90,,,EN,2025-12-04T11:00:00.000Z
GHED_CHE_pc_US_SHA2011,Current health expenditure (CHE) per capita in US$,numeric,EMR,Eastern Mediterranean,Country,KWT,Kuwait,Year,2008,false,,,,,,,,,,,,,1069,,,,,,1069.46,,,EN,2025-12-04T11:00:00.000Z
GHED_CHE_pc_US_SHA2011,Current health expenditure (CHE) per capita in US$,numeric,EUR,Europe,Country,EST,Estonia,Year,2008,false,,,,,,,,,,,,,1082,,,,,,1082.15,,,EN,2025-12-04T11:00:00.000Z
GHED_CHE_pc_US_SHA2011,Current health expenditure (CHE) per capita in US$,numeric,AMR,Americas,Country,NIC,Nicaragua,Year,2008,false,,,,,,,,,,,,,109.2,,,,,,109.20,,,EN,2025-12-04T11:00:00.000Z
GHED_CHE_pc_US_SHA2011,Current health expenditure (CHE) per capita in US$,numeric,EUR,Europe,Country,AZE,Azerbaijan,Year,2008,false,,,,,,,,,,,,,111.9,,,,,,111.88,,,EN,2025-12-04T11:00:00.000Z
GHED_CHE_pc_US_SHA2011,Current health expenditure (CHE) per capita in US$,numeric,EUR,Europe,Country,HUN,Hungary,Year,2008,false,,,,,,,,,,,,,1117,,,,,,1117.20,,,EN,2025-12-04T11:00:00.000Z
GHED_CHE_pc_US_SHA2011,Current health expenditure (CHE) per capita in US$,numeric,AMR,Americas,Country,BRB,Barbados,Year,2008,false,,,,,,,,,,,,,1137,,,,,,1136.54,,,EN,2025-12-04T11:00:00.000Z
GHED_CHE_pc_US_SHA2011,Current health expenditure (CHE) per capita in US$,numeric,WPR,Western Pacific,Country,KOR,Republic of Korea,Year,2008,false,,,,,,,,,,,,,1186,,,,,,1186.38,,,EN,2025-12-04T11:00:00.000Z
GHED_CHE_pc_US_SHA2011,Current health expenditure (CHE) per capita in US$,numeric,EUR,Europe,Country,SVK,Slovakia,Year,2008,false,,,,,,,,,,,,,1252,,,,,,1251.68,,,EN,2025-12-04T11:00:00.000Z
GHED_CHE_pc_US_SHA2011,Current health expenditure (CHE) per capita in US$,numeric,EUR,Europe,Country,HRV,Croatia,Year,2008,false,,,,,,,,,,,,,1258,,,,,,1258.10,,,EN,2025-12-04T11:00:00.000Z
GHED_CHE_pc_US_SHA2011,Current health expenditure (CHE) per capita in US$,numeric,AFR,Africa,Country,CPV,Cabo Verde,Year,2008,false,,,,,,,,,,,,,127.8,,,,,,127.79,,,EN,2025-12-04T11:00:00.000Z
GHED_CHE_pc_US_SHA2011,Current health expenditure (CHE) per capita in US$,numeric,WPR,Western Pacific,Country,SGP,Singapore,Year,2008,false,,,,,,,,,,,,,1287,,,,,,1286.91,,,EN,2025-12-04T11:00:00.000Z
GHED_CHE_pc_US_SHA2011,Current health expenditure (CHE) per capita in US$,numeric,EMR,Eastern Mediterranean,Country,QAT,Qatar,Year,2008,false,,,,,,,,,,,,,1293,,,,,,1292.60,,,EN,2025-12-04T11:00:00.000Z
GHED_CHE_pc_US_SHA2011,Current health expenditure (CHE) per capita in US$,numeric,AFR,Africa,Country,ETH,Ethiopia,Year,2008,false,,,,,,,,,,,,,13.04,,,,,,13.04,,,EN,2025-12-04T11:00:00.000Z
GHED_CHE_pc_US_SHA2011,Current health expenditure (CHE) per capita in US$,numeric,WPR,Western Pacific,Country,CHN,China,Year,2008,false,,,,,,,,,,,,,133.8,,,,,,133.84,,,EN,2025-12-04T11:00:00.000Z
GHED_CHE_pc_US_SHA2011,Current health expenditure (CHE) per capita in US$,numeric,WPR,Western Pacific,Country,FJI,Fiji,Year,2008,false,,,,,,,,,,,,,134.5,,,,,,134.50,,,EN,2025-12-04T11:00:00.000Z
GHED_CHE_pc_US_SHA2011,Current health expenditure (CHE) per capita in US$,numeric,AFR,Africa,Country,AGO,Angola,Year,2008,false,,,,,,,,,,,,,136.3,,,,,,136.34,,,EN,2025-12-04T11:00:00.000Z
GHED_CHE_pc_US_SHA2011,Current health expenditure (CHE) per capita in US$,numeric,AMR,Americas,Country,GUY,Guyana,Year,2008,false,,,,,,,,,,,,,138.7,,,,,,138.70,,,EN,2025-12-04T11:00:00.000Z
GHED_CHE_pc_US_SHA2011,Current health expenditure (CHE) per capita in US$,numeric,EMR,Eastern Mediterranean,Country,IRQ,Iraq,Year,2008,false,,,,,,,,,,,,,139.3,,,,,,139.29,,,EN,2025-12-04T11:00:00.000Z
GHED_CHE_pc_US_SHA2011,Current health expenditure (CHE) per capita in US$,numeric,AFR,Africa,Country,BDI,Burundi,Year,2008,false,,,,,,,,,,,,,14.67,,,,,,14.67,,,EN,2025-12-04T11:00:00.000Z
GHED_CHE_pc_US_SHA2011,Current health expenditure (CHE) per capita in US$,numeric,SEAR,South-East Asia,Country,MMR,Myanmar,Year,2008,false,,,,,,,,,,,,,14.71,,,,,,14.71,,,EN,2025-12-04T11:00:00.000Z
GHED_CHE_pc_US_SHA2011,Current health expenditure (CHE) per capita in US$,numeric,AMR,Americas,Country,BHS,Bahamas,Year,2008,false,,,,,,,,,,,,,1429,,,,,,1429.24,,,EN,2025-12-04T11:00:00.000Z
GHED_CHE_pc_US_SHA2011,Current health expenditure (CHE) per capita in US$,numeric,EUR,Europe,Country,CZE,Czechia,Year,2008,false,,,,,,,,,,,,,1449,,,,,,1449.34,,,EN,2025-12-04T11:00:00.000Z
GHED_CHE_pc_US_SHA2011,Current health expenditure (CHE) per capita in US$,numeric,EMR,Eastern Mediterranean,Country,ARE,United Arab Emirates,Year,2008,false,,,,,,,,,,,,,1466,,,,,,1465.82,,,EN,2025-12-04T11:00:00.000Z
GHED_CHE_pc_US_SHA2011,Current health expenditure (CHE) per capita in US$,numeric,AMR,Americas,Country,HND,Honduras,Year,2008,false,,,,,,,,,,,,,149.1,,,,,,149.06,,,EN,2025-12-04T11:00:00.000Z
GHED_CHE_pc_US_SHA2011,Current health expenditure (CHE) per capita in US$,numeric,SEAR,South-East Asia,Country,THA,Thailand,Year,2008,false,,,,,,,,,,,,,149.1,,,,,,149.07,,,EN,2025-12-04T11:00:00.000Z
GHED_CHE_pc_US_SHA2011,Current health expenditure (CHE) per capita in US$,numeric,AFR,Africa,Country,COD,Democratic Republic of the Congo,Year,2008,false,,,,,,,,,,,,,15.37,,,,,,15.37,,,EN,2025-12-04T11:00:00.000Z
GHED_CHE_pc_US_SHA2011,Current health expenditure (CHE) per capita in US$,numeric,SEAR,South-East Asia,Country,BGD,Bangladesh,Year,2008,false,,,,,,,,,,,,,15.56,,,,,,15.56,,,EN,2025-12-04T11:00:00.000Z
GHED_CHE_pc_US_SHA2011,Current health expenditure (CHE) per capita in US$,numeric,EMR,Eastern Mediterranean,Country,MAR,Morocco,Year,2008,false,,,,,,,,,,,,,153.2,,,,,,153.24,,,EN,2025-12-04T11:00:00.000Z
GHED_CHE_pc_US_SHA2011,Current health expenditure (CHE) per capita in US$,numeric,WPR,Western Pacific,Country,WSM,Samoa,Year,2008,false,,,,,,,,,,,,,156.9,,,,,,156.89,,,EN,2025-12-04T11:00:00.000Z
GHED_CHE_pc_US_SHA2011,Current health expenditure (CHE) per capita in US$,numeric,AMR,Americas,Country,GTM,Guatemala,Year,2008,false,,,,,,,,,,,,,175.7,,,,,,175.67,,,EN,2025-12-04T11:00:00.000Z
GHED_CHE_pc_US_SHA2011,Current health expenditure (CHE) per capita in US$,numeric,EUR,Europe,Country,MLT,Malta,Year,2008,false,,,,,,,,,,,,,1760,,,,,,1759.86,,,EN,2025-12-04T11:00:00.000Z
GHED_CHE_pc_US_SHA2011,Current health expenditure (CHE) per capita in US$,numeric,AFR,Africa,Country,CAF,Central African Republic,Year,2008,false,,,,,,,,,,,,,18.03,,,,,,18.03,,,EN,2025-12-04T11:00:00.000Z
GHED_CHE_pc_US_SHA2011,Current health expenditure (CHE) per capita in US$,numeric,SEAR,South-East Asia,Country,NPL,Nepal,Year,2008,false,,,,,,,,,,,,,18.86,,,,,,18.86,,,EN,2025-12-04T11:00:00.000Z
GHED_CHE_pc_US_SHA2011,Current health expenditure (CHE) per capita in US$,numeric,EUR,Europe,Country,MDA,Republic of Moldova,Year,2008,false,,,,,,,,,,,,,185.6,,,,,,185.56,,,EN,2025-12-04T11:00:00.000Z
GHED_CHE_pc_US_SHA2011,Current health expenditure (CHE) per capita in US$,numeric,WPR,Western Pacific,Country,KIR,Kiribati,Year,2008,false,,,,,,,,,,,,,190.3,,,,,,190.34,,,EN,2025-12-04T11:00:00.000Z
GHED_CHE_pc_US_SHA2011,Current health expenditure (CHE) per capita in US$,numeric,WPR,Western Pacific,Country,TON,Tonga,Year,2008,false,,,,,,,,,,,,,190.9,,,,,,190.87,,,EN,2025-12-04T11:00:00.000Z
GHED_CHE_pc_US_SHA2011,Current health expenditure (CHE) per capita in US$,numeric,AMR,Americas,Country,PER,Peru,Year,2008,false,,,,,,,,,,,,,191.4,,,,,,191.43,,,EN,2025-12-04T11:00:00.000Z
GHED_CHE_pc_US_SHA2011,Current health expenditure (CHE) per capita in US$,numeric,AFR,Africa,Country,MDG,Madagascar,Year,2008,false,,,,,,,,,,,,,20.92,,,,,,20.92,,,EN,2025-12-04T11:00:00.000Z
GHED_CHE_pc_US_SHA2011,Current health expenditure (CHE) per capita in US$,numeric,EMR,Eastern Mediterranean,Country,PSE,"occupied Palestinian territory, including east Jerusalem",Year,2008,false,,,,,,,,,,,,,201,,,,,,200.96,,,EN,2025-12-04T11:00:00.000Z
GHED_CHE_pc_US_SHA2011,Current health expenditure (CHE) per capita in US$,numeric,AFR,Africa,Country,DZA,Algeria,Year,2008,false,,,,,,,,,,,,,206.4,,,,,,206.37,,,EN,2025-12-04T11:00:00.000Z
GHED_CHE_pc_US_SHA2011,Current health expenditure (CHE) per capita in US$,numeric,AFR,Africa,Country,ERI,Eritrea,Year,2008,false,,,,,,,,,,,,,21.55,,,,,,21.55,,,EN,2025-12-04T11:00:00.000Z
GHED_CHE_pc_US_SHA2011,Current health expenditure (CHE) per capita in US$,numeric,EUR,Europe,Country,UKR,Ukraine,Year,2008,false,,,,,,,,,,,,,212.8,,,,,,212.75,,,EN,2025-12-04T11:00:00.000Z
GHED_CHE_pc_US_SHA2011,Current health expenditure (CHE) per capita in US$,numeric,EUR,Europe,Country,ISR,Israel,Year,2008,false,,,,,,,,,,,,,2126,,,,,,2126.11,,,EN,2025-12-04T11:00:00.000Z
GHED_CHE_pc_US_SHA2011,Current health expenditure (CHE) per capita in US$,numeric,EUR,Europe,Country,CYP,Cyprus,Year,2008,false,,,,,,,,,,,,,2155,,,,,,2155.25,,,EN,2025-12-04T11:00:00.000Z
GHED_CHE_pc_US_SHA2011,Current health expenditure (CHE) per capita in US$,numeric,EUR,Europe,Country,SVN,Slovenia,Year,2008,false,,,,,,,,,,,,,2179,,,,,,2179.45,,,EN,2025-12-04T11:00:00.000Z
GHED_CHE_pc_US_SHA2011,Current health expenditure (CHE) per capita in US$,numeric,AFR,Africa,Country,GIN,Guinea,Year,2008,false,,,,,,,,,,,,,22.97,,,,,,22.97,,,EN,2025-12-04T11:00:00.000Z
GHED_CHE_pc_US_SHA2011,Current health expenditure (CHE) per capita in US$,numeric,AMR,Americas,Country,PRY,Paraguay,Year,2008,false,,,,,,,,,,,,,220.9,,,,,,220.90,,,EN,2025-12-04T11:00:00.000Z
GHED_CHE_pc_US_SHA2011,Current health expenditure (CHE) per capita in US$,numeric,AFR,Africa,Country,GNQ,Equatorial Guinea,Year,2008,false,,,,,,,,,,,,,225.5,,,,,,225.51,,,EN,2025-12-04T11:00:00.000Z
GHED_CHE_pc_US_SHA2011,Current health expenditure (CHE) per capita in US$,numeric,AMR,Americas,Country,DOM,Dominican Republic,Year,2008,false,,,,,,,,,,,,,229.3,,,,,,229.30,,,EN,2025-12-04T11:00:00.000Z
GHED_CHE_pc_US_SHA2011,Current health expenditure (CHE) per capita in US$,numeric,EMR,Eastern Mediterranean,Country,TUN,Tunisia,Year,2008,false,,,,,,,,,,,,,230.5,,,,,,230.50,,,EN,2025-12-04T11:00:00.000Z
GHED_CHE_pc_US_SHA2011,Current health expenditure (CHE) per capita in US$,numeric,AMR,Americas,Country,ECU,Ecuador,Year,2008,false,,,,,,,,,,,,,231.6,,,,,,231.62,,,EN,2025-12-04T11:00:00.000Z
GHED_CHE_pc_US_SHA2011,Current health expenditure (CHE) per capita in US$,numeric,WPR,Western Pacific,Country,NIU,Niue,Year,2008,false,,,,,,,,,,,,,2316,,,,,,2315.54,,,EN,2025-12-04T11:00:00.000Z
GHED_CHE_pc_US_SHA2011,Current health expenditure (CHE) per capita in US$,numeric,EUR,Europe,Country,TKM,Turkmenistan,Year,2008,false,,,,,,,,,,,,,235.9,,,,,,235.92,,,EN,2025-12-04T11:00:00.000Z
GHED_CHE_pc_US_SHA2011,Current health expenditure (CHE) per capita in US$,numeric,EUR,Europe,Country,ALB,Albania,Year,2008,false,,,,,,,,,,,,,237.1,,,,,,237.10,,,EN,2025-12-04T11:00:00.000Z
GHED_CHE_pc_US_SHA2011,Current health expenditure (CHE) per capita in US$,numeric,EUR,Europe,Country,PRT,Portugal,Year,2008,false,,,,,,,,,,,,,2392,,,,,,2391.98,,,EN,2025-12-04T11:00:00.000Z
GHED_CHE_pc_US_SHA2011,Current health expenditure (CHE) per capita in US$,numeric,EMR,Eastern Mediterranean,Country,PAK,Pakistan,Year,2008,false,,,,,,,,,,,,,24.34,,,,,,24.34,,,EN,2025-12-04T11:00:00.000Z
GHED_CHE_pc_US_SHA2011,Current health expenditure (CHE) per capita in US$,numeric,AFR,Africa,Country,MOZ,Mozambique,Year,2008,false,,,,,,,,,,,,,24.49,,,,,,24.49,,,EN,2025-12-04T11:00:00.000Z
GHED_CHE_pc_US_SHA2011,Current health expenditure (CHE) per capita in US$,numeric,AFR,Africa,Country,NER,Niger,Year,2008,false,,,,,,,,,,,,,24.86,,,,,,24.86,,,EN,2025-12-04T11:00:00.000Z
GHED_CHE_pc_US_SHA2011,Current health expenditure (CHE) per capita in US$,numeric,EUR,Europe,Country,KAZ,Kazakhstan,Year,2008,false,,,,,,,,,,,,,245.8,,,,,,245.79,,,EN,2025-12-04T11:00:00.000Z
GHED_CHE_pc_US_SHA2011,Current health expenditure (CHE) per capita in US$,numeric,AMR,Americas,Country,SLV,El Salvador,Year,2008,false,,,,,,,,,,,,,253.5,,,,,,253.45,,,EN,2025-12-04T11:00:00.000Z
GHED_CHE_pc_US_SHA2011,Current health expenditure (CHE) per capita in US$,numeric,AMR,Americas,Country,VCT,Saint Vincent and the Grenadines,Year,2008,false,,,,,,,,,,,,,256.1,,,,,,256.14,,,EN,2025-12-04T11:00:00.000Z
GHED_CHE_pc_US_SHA2011,Current health expenditure (CHE) per capita in US$,numeric,AMR,Americas,Country,BLZ,Belize,Year,2008,false,,,,,,,,,,,,,257.8,,,,,,257.85,,,EN,2025-12-04T11:00:00.000Z
GHED_CHE_pc_US_SHA2011,Current health expenditure (CHE) per capita in US$,numeric,AFR,Africa,Country,LBR,Liberia,Year,2008,false,,,,,,,,,,,,,26.3,,,,,,26.30,,,EN,2025-12-04T11:00:00.000Z
GHED_CHE_pc_US_SHA2011,Current health expenditure (CHE) per capita in US$,numeric,WPR,Western Pacific,Country,LAO,Lao People's Democratic Republic,Year,2008,false,,,,,,,,,,,,,26.75,,,,,,26.75,,,EN,2025-12-04T11:00:00.000Z
GHED_CHE_pc_US_SHA2011,Current health expenditure (CHE) per capita in US$,numeric,EUR,Europe,Country,ARM,Armenia,Year,2008,false,,,,,,,,,,,,,261.6,,,,,,261.60,,,EN,2025-12-04T11:00:00.000Z
GHED_CHE_pc_US_SHA2011,Current health expenditure (CHE) per capita in US$,numeric,WPR,Western Pacific,Country,MYS,Malaysia,Year,2008,false,,,,,,,,,,,,,263.7,,,,,,263.68,,,EN,2025-12-04T11:00:00.000Z
GHED_CHE_pc_US_SHA2011,Current health expenditure (CHE) per capita in US$,numeric,AFR,Africa,Country,SWZ,Eswatini,Year,2008,false,,,,,,,,,,,,,265.7,,,,,,265.72,,,EN,2025-12-04T11:00:00.000Z
GHED_CHE_pc_US_SHA2011,Current health expenditure (CHE) per capita in US$,numeric,WPR,Western Pacific,Country,NZL,New Zealand,Year,2008,false,,,,,,,,,,,,,2709,,,,,,2708.66,,,EN,2025-12-04T11:00:00.000Z
GHED_CHE_pc_US_SHA2011,Current health expenditure (CHE) per capita in US$,numeric,EMR,Eastern Mediterranean,Country,JOR,Jordan,Year,2008,false,,,,,,,,,,,,,275.2,,,,,,275.18,,,EN,2025-12-04T11:00:00.000Z
GHED_CHE_pc_US_SHA2011,Current health expenditure (CHE) per capita in US$,numeric,AFR,Africa,Country,GAB,Gabon,Year,2008,false,,,,,,,,,,,,,275.9,,,,,,275.89,,,EN,2025-12-04T11:00:00.000Z
GHED_CHE_pc_US_SHA2011,Current health expenditure (CHE) per capita in US$,numeric,EUR,Europe,Country,AND,Andorra,Year,2008,false,,,,,,,,,,,,,2790,,,,,,2790.11,,,EN,2025-12-04T11:00:00.000Z
GHED_CHE_pc_US_SHA2011,Current health expenditure (CHE) per capita in US$,numeric,AFR,Africa,Country,BEN,Benin,Year,2008,false,,,,,,,,,,,,,28.12,,,,,,28.12,,,EN,2025-12-04T11:00:00.000Z
GHED_CHE_pc_US_SHA2011,Current health expenditure (CHE) per capita in US$,numeric,AFR,Africa,Country,TGO,Togo,Year,2008,false,,,,,,,,,,,,,28.85,,,,,,28.85,,,EN,2026-04-09T12:00:00.000Z
GHED_CHE_pc_US_SHA2011,Current health expenditure (CHE) per capita in US$,numeric,EUR,Europe,Country,GEO,Georgia,Year,2008,false,,,,,,,,,,,,,281.8,,,,,,281.85,,,EN,2025-12-04T11:00:00.000Z
GHED_CHE_pc_US_SHA2011,Current health expenditure (CHE) per capita in US$,numeric,EUR,Europe,Country,GRC,Greece,Year,2008,false,,,,,,,,,,,,,2841,,,,,,2840.51,,,EN,2025-12-04T11:00:00.000Z
GHED_CHE_pc_US_SHA2011,Current health expenditure (CHE) per capita in US$,numeric,EMR,Eastern Mediterranean,Country,IRN,Iran (Islamic Republic of),Year,2008,false,,,,,,,,,,,,,288.9,,,,,,288.86,,,EN,2025-12-04T11:00:00.000Z
GHED_CHE_pc_US_SHA2011,Current health expenditure (CHE) per capita in US$,numeric,WPR,Western Pacific,Country,FSM,Micronesia (Federated States of),Year,2008,false,,,,,,,,,,,,,289.5,,,,,,289.50,,,EN,2025-12-04T11:00:00.000Z
GHED_CHE_pc_US_SHA2011,Current health expenditure (CHE) per capita in US$,numeric,AFR,Africa,Country,BFA,Burkina Faso,Year,2008,false,,,,,,,,,,,,,30.77,,,,,,30.77,,,EN,2025-12-04T11:00:00.000Z
GHED_CHE_pc_US_SHA2011,Current health expenditure (CHE) per capita in US$,numeric,EUR,Europe,Country,ESP,Spain,Year,2008,false,,,,,,,,,,,,,3020,,,,,,3019.76,,,EN,2025-12-04T11:00:00.000Z
GHED_CHE_pc_US_SHA2011,Current health expenditure (CHE) per capita in US$,numeric,EMR,Eastern Mediterranean,Country,LBY,Libya,Year,2008,false,,,,,,,,,,,,,312.1,,,,,,312.11,,,EN,2025-12-04T11:00:00.000Z
GHED_CHE_pc_US_SHA2011,Current health expenditure (CHE) per capita in US$,numeric,AFR,Africa,Country,MUS,Mauritius,Year,2008,false,,,,,,,,,,,,,312.9,,,,,,312.89,,,EN,2025-12-04T11:00:00.000Z
GHED_CHE_pc_US_SHA2011,Current health expenditure (CHE) per capita in US$,numeric,EUR,Europe,Country,MKD,North Macedonia,Year,2008,false,,,,,,,,,,,,,313.6,,,,,,313.61,,,EN,2025-12-04T11:00:00.000Z
GHED_CHE_pc_US_SHA2011,Current health expenditure (CHE) per capita in US$,numeric,WPR,Western Pacific,Country,TUV,Tuvalu,Year,2008,false,,,,,,,,,,,,,319.3,,,,,,319.32,,,EN,2025-12-04T11:00:00.000Z
GHED_CHE_pc_US_SHA2011,Current health expenditure (CHE) per capita in US$,numeric,AFR,Africa,Country,MWI,Malawi,Year,2008,false,,,,,,,,,,,,,32.73,,,,,,32.73,,,EN,2025-12-04T11:00:00.000Z
GHED_CHE_pc_US_SHA2011,Current health expenditure (CHE) per capita in US$,numeric,WPR,Western Pacific,Country,JPN,Japan,Year,2008,false,,,,,,,,,,,,,3223,,,,,,3223.29,,,EN,2025-12-04T11:00:00.000Z
GHED_CHE_pc_US_SHA2011,Current health expenditure (CHE) per capita in US$,numeric,AFR,Africa,Country,BWA,Botswana,Year,2008,false,,,,,,,,,,,,,324.5,,,,,,324.54,,,EN,2025-12-04T11:00:00.000Z
GHED_CHE_pc_US_SHA2011,Current health expenditure (CHE) per capita in US$,numeric,AFR,Africa,Country,MLI,Mali,Year,2008,false,,,,,,,,,,,,,33.21,,,,,,33.21,,,EN,2025-12-04T11:00:00.000Z
GHED_CHE_pc_US_SHA2011,Current health expenditure (CHE) per capita in US$,numeric,AMR,Americas,Country,SUR,Suriname,Year,2008,false,,,,,,,,,,,,,334.2,,,,,,334.25,,,EN,2025-12-04T11:00:00.000Z
GHED_CHE_pc_US_SHA2011,Current health expenditure (CHE) per capita in US$,numeric,AMR,Americas,Country,JAM,Jamaica,Year,2008,false,,,,,,,,,,,,,334.8,,,,,,334.75,,,EN,2025-12-04T11:00:00.000Z
GHED_CHE_pc_US_SHA2011,Current health expenditure (CHE) per capita in US$,numeric,AMR,Americas,Country,DMA,Dominica,Year,2008,false,,,,,,,,,,,,,336,,,,,,336.00,,,EN,2025-12-04T11:00:00.000Z
GHED_CHE_pc_US_SHA2011,Current health expenditure (CHE) per capita in US$,numeric,AFR,Africa,Country,GNB,Guinea-Bissau,Year,2008,false,,,,,,,,,,,,,34.27,,,,,,34.27,,,EN,2025-12-04T11:00:00.000Z
GHED_CHE_pc_US_SHA2011,Current health expenditure (CHE) per capita in US$,numeric,WPR,Western Pacific,Country,PNG,Papua New Guinea,Year,2008,false,,,,,,,,,,,,,34.69,,,,,,34.69,,,EN,2025-12-04T11:00:00.000Z
GHED_CHE_pc_US_SHA2011,Current health expenditure (CHE) per capita in US$,numeric,EUR,Europe,Country,BLR,Belarus,Year,2008,false,,,,,,,,,,,,,348.9,,,,,,348.93,,,EN,2025-12-04T11:00:00.000Z
GHED_CHE_pc_US_SHA2011,Current health expenditure (CHE) per capita in US$,numeric,EUR,Europe,Country,ITA,Italy,Year,2008,false,,,,,,,,,,,,,3483,,,,,,3483.39,,,EN,2025-12-04T11:00:00.000Z
GHED_CHE_pc_US_SHA2011,Current health expenditure (CHE) per capita in US$,numeric,AFR,Africa,Country,TZA,United Republic of Tanzania,Year,2008,false,,,,,,,,,,,,,36.26,,,,,,36.26,,,EN,2025-12-04T11:00:00.000Z
GHED_CHE_pc_US_SHA2011,Current health expenditure (CHE) per capita in US$,numeric,AFR,Africa,Country,TCD,Chad,Year,2008,false,,,,,,,,,,,,,36.9,,,,,,36.90,,,EN,2025-12-04T11:00:00.000Z
GHED_CHE_pc_US_SHA2011,Current health expenditure (CHE) per capita in US$,numeric,AFR,Africa,Country,SYC,Seychelles,Year,2008,false,,,,,,,,,,,,,367.4,,,,,,367.37,,,EN,2025-12-04T11:00:00.000Z
GHED_CHE_pc_US_SHA2011,Current health expenditure (CHE) per capita in US$,numeric,AFR,Africa,Country,SLE,Sierra Leone,Year,2008,false,,,,,,,,,,,,,37.23,,,,,,37.23,,,EN,2025-12-04T11:00:00.000Z
GHED_CHE_pc_US_SHA2011,Current health expenditure (CHE) per capita in US$,numeric,SEAR,South-East Asia,Country,IND,India,Year,2008,false,,,,,,,,,,,,,37.65,,,,,,37.65,,,EN,2025-12-04T11:00:00.000Z
GHED_CHE_pc_US_SHA2011,Current health expenditure (CHE) per capita in US$,numeric,AMR,Americas,Country,COL,Colombia,Year,2008,false,,,,,,,,,,,,,379.2,,,,,,379.17,,,EN,2025-12-04T11:00:00.000Z
GHED_CHE_pc_US_SHA2011,Current health expenditure (CHE) per capita in US$,numeric,EMR,Eastern Mediterranean,Country,AFG,Afghanistan,Year,2008,false,,,,,,,,,,,,,39.89,,,,,,39.89,,,EN,2025-12-04T11:00:00.000Z
GHED_CHE_pc_US_SHA2011,Current health expenditure (CHE) per capita in US$,numeric,AFR,Africa,Country,RWA,Rwanda,Year,2008,false,,,,,,,,,,,,,39.95,,,,,,39.95,,,EN,2025-12-04T11:00:00.000Z
GHED_CHE_pc_US_SHA2011,Current health expenditure (CHE) per capita in US$,numeric,AFR,Africa,Country,GMB,Gambia,Year,2008,false,,,,,,,,,,,,,40.03,,,,,,40.03,,,EN,2025-12-04T11:00:00.000Z
GHED_CHE_pc_US_SHA2011,Current health expenditure (CHE) per capita in US$,numeric,AFR,Africa,Country,UGA,Uganda,Year,2008,false,,,,,,,,,,,,,40.04,,,,,,40.04,,,EN,2025-12-04T11:00:00.000Z
GHED_CHE_pc_US_SHA2011,Current health expenditure (CHE) per capita in US$,numeric,AMR,Americas,Country,HTI,Haiti,Year,2008,false,,,,,,,,,,,,,40.45,,,,,,40.45,,,EN,2025-12-04T11:00:00.000Z
GHED_CHE_pc_US_SHA2011,Current health expenditure (CHE) per capita in US$,numeric,AMR,Americas,Country,GRD,Grenada,Year,2008,false,,,,,,,,,,,,,401.2,,,,,,401.15,,,EN,2025-12-04T11:00:00.000Z
GHED_CHE_pc_US_SHA2011,Current health expenditure (CHE) per capita in US$,numeric,WPR,Western Pacific,Country,AUS,Australia,Year,2008,false,,,,,,,,,,,,,4083,,,,,,4083.43,,,EN,2025-12-04T11:00:00.000Z
GHED_CHE_pc_US_SHA2011,Current health expenditure (CHE) per capita in US$,numeric,EUR,Europe,Country,TJK,Tajikistan,Year,2008,false,,,,,,,,,,,,,41.35,,,,,,41.35,,,EN,2025-12-04T11:00:00.000Z
GHED_CHE_pc_US_SHA2011,Current health expenditure (CHE) per capita in US$,numeric,EUR,Europe,Country,GBR,United Kingdom of Great Britain and Northern Ireland,Year,2008,false,,,,,,,,,,,,,4280,,,,,,4280.36,,,EN,2025-12-04T11:00:00.000Z
GHED_CHE_pc_US_SHA2011,Current health expenditure (CHE) per capita in US$,numeric,SEAR,South-East Asia,Country,TLS,Timor-Leste,Year,2008,false,,,,,,,,,,,,,43.72,,,,,,43.72,,,EN,2025-12-04T11:00:00.000Z
GHED_CHE_pc_US_SHA2011,Current health expenditure (CHE) per capita in US$,numeric,AMR,Americas,Country,LCA,Saint Lucia,Year,2008,false,,,,,,,,,,,,,430.2,,,,,,430.23,,,EN,2025-12-04T11:00:00.000Z
GHED_CHE_pc_US_SHA2011,Current health expenditure (CHE) per capita in US$,numeric,EUR,Europe,Country,SMR,San Marino,Year,2008,false,,,,,,,,,,,,,4378,,,,,,4378.25,,,EN,2025-12-04T11:00:00.000Z
GHED_CHE_pc_US_SHA2011,Current health expenditure (CHE) per capita in US$,numeric,AFR,Africa,Country,ZAF,South Africa,Year,2008,false,,,,,,,,,,,,,442.1,,,,,,442.11,,,EN,2025-12-04T11:00:00.000Z
GHED_CHE_pc_US_SHA2011,Current health expenditure (CHE) per capita in US$,numeric,AFR,Africa,Country,NAM,Namibia,Year,2008,false,,,,,,,,,,,,,443.2,,,,,,443.17,,,EN,2025-12-04T11:00:00.000Z
GHED_CHE_pc_US_SHA2011,Current health expenditure (CHE) per capita in US$,numeric,AMR,Americas,Country,CAN,Canada,Year,2008,false,,,,,,,,,,,,,4454,,,,,,4454.12,,,EN,2025-12-04T11:00:00.000Z
GHED_CHE_pc_US_SHA2011,Current health expenditure (CHE) per capita in US$,numeric,EUR,Europe,Country,FIN,Finland,Year,2008,false,,,,,,,,,,,,,4486,,,,,,4486.34,,,EN,2025-12-04T11:00:00.000Z
GHED_CHE_pc_US_SHA2011,Current health expenditure (CHE) per capita in US$,numeric,EUR,Europe,Country,BGR,Bulgaria,Year,2008,false,,,,,,,,,,,,,455.5,,,,,,455.54,,,EN,2025-12-04T11:00:00.000Z
GHED_CHE_pc_US_SHA2011,Current health expenditure (CHE) per capita in US$,numeric,EUR,Europe,Country,BIH,Bosnia and Herzegovina,Year,2008,false,,,,,,,,,,,,,459.3,,,,,,459.29,,,EN,2025-12-04T11:00:00.000Z
GHED_CHE_pc_US_SHA2011,Current health expenditure (CHE) per capita in US$,numeric,EUR,Europe,Country,SWE,Sweden,Year,2008,false,,,,,,,,,,,,,4610,,,,,,4609.92,,,EN,2025-12-04T11:00:00.000Z
GHED_CHE_pc_US_SHA2011,Current health expenditure (CHE) per capita in US$,numeric,EMR,Eastern Mediterranean,Country,LBN,Lebanon,Year,2008,false,,,,,,,,,,,,,462.2,,,,,,462.18,,,EN,2025-12-04T11:00:00.000Z
GHED_CHE_pc_US_SHA2011,Current health expenditure (CHE) per capita in US$,numeric,EUR,Europe,Country,DEU,Germany,Year,2008,false,,,,,,,,,,,,,4647,,,,,,4647.31,,,EN,2025-12-04T11:00:00.000Z
GHED_CHE_pc_US_SHA2011,Current health expenditure (CHE) per capita in US$,numeric,EUR,Europe,Country,BEL,Belgium,Year,2008,false,,,,,,,,,,,,,4656,,,,,,4656.04,,,EN,2025-12-04T11:00:00.000Z
GHED_CHE_pc_US_SHA2011,Current health expenditure (CHE) per capita in US$,numeric,EMR,Eastern Mediterranean,Country,OMN,Oman,Year,2008,false,,,,,,,,,,,,,466.6,,,,,,466.60,,,EN,2025-12-04T11:00:00.000Z
GHED_CHE_pc_US_SHA2011,Current health expenditure (CHE) per capita in US$,numeric,EUR,Europe,Country,ISL,Iceland,Year,2008,false,,,,,,,,,,,,,4750,,,,,,4749.68,,,EN,2025-12-04T11:00:00.000Z
GHED_CHE_pc_US_SHA2011,Current health expenditure (CHE) per capita in US$,numeric,WPR,Western Pacific,Country,KHM,Cambodia,Year,2008,false,,,,,,,,,,,,,48.62,,,,,,48.62,,,EN,2025-12-04T11:00:00.000Z
GHED_CHE_pc_US_SHA2011,Current health expenditure (CHE) per capita in US$,numeric,EUR,Europe,Country,FRA,France,Year,2008,false,,,,,,,,,,,,,4807,,,,,,4807.37,,,EN,2025-12-04T11:00:00.000Z
GHED_CHE_pc_US_SHA2011,Current health expenditure (CHE) per capita in US$,numeric,WPR,Western Pacific,Country,COK,Cook Islands,Year,2008,false,,,,,,,,,,,,,485.1,,,,,,485.13,,,EN,2025-12-04T11:00:00.000Z
GHED_CHE_pc_US_SHA2011,Current health expenditure (CHE) per capita in US$,numeric,AFR,Africa,Country,SEN,Senegal,Year,2008,false,,,,,,,,,,,,,49.05,,,,,,49.05,,,EN,2025-12-04T11:00:00.000Z
GHED_CHE_pc_US_SHA2011,Current health expenditure (CHE) per capita in US$,numeric,AFR,Africa,Country,MRT,Mauritania,Year,2008,false,,,,,,,,,,,,,49.29,,,,,,49.29,,,EN,2025-12-04T11:00:00.000Z
GHED_CHE_pc_US_SHA2011,Current health expenditure (CHE) per capita in US$,numeric,AMR,Americas,Country,PAN,Panama,Year,2008,false,,,,,,,,,,,,,506.8,,,,,,506.78,,,EN,2025-12-04T11:00:00.000Z
GHED_CHE_pc_US_SHA2011,Current health expenditure (CHE) per capita in US$,numeric,EUR,Europe,Country,AUT,Austria,Year,2008,false,,,,,,,,,,,,,5081,,,,,,5080.84,,,EN,2025-12-04T11:00:00.000Z
GHED_CHE_pc_US_SHA2011,Current health expenditure (CHE) per capita in US$,numeric,AMR,Americas,Country,CRI,Costa Rica,Year,2008,false,,,,,,,,,,,,,518.1,,,,,,518.11,,,EN,2025-12-04T11:00:00.000Z
GHED_CHE_pc_US_SHA2011,Current health expenditure (CHE) per capita in US$,numeric,EUR,Europe,Country,ROU,Romania,Year,2008,false,,,,,,,,,,,,,521.3,,,,,,521.32,,,EN,2025-12-04T11:00:00.000Z
GHED_CHE_pc_US_SHA2011,Current health expenditure (CHE) per capita in US$,numeric,WPR,Western Pacific,Country,MHL,Marshall Islands,Year,2008,false,,,,,,,,,,,,,536.2,,,,,,536.23,,,EN,2025-12-04T11:00:00.000Z
GHED_CHE_pc_US_SHA2011,Current health expenditure (CHE) per capita in US$,numeric,EUR,Europe,Country,NLD,Netherlands (Kingdom of the),Year,2008,false,,,,,,,,,,,,,5382,,,,,,5382.45,,,EN,2025-12-04T11:00:00.000Z
GHED_CHE_pc_US_SHA2011,Current health expenditure (CHE) per capita in US$,numeric,AFR,Africa,Country,KEN,Kenya,Year,2008,false,,,,,,,,,,,,,54.36,,,,,,54.36,,,EN,2025-12-04T11:00:00.000Z
GHED_CHE_pc_US_SHA2011,Current health expenditure (CHE) per capita in US$,numeric,AFR,Africa,Country,CMR,Cameroon,Year,2008,false,,,,,,,,,,,,,54.59,,,,,,54.59,,,EN,2025-12-04T11:00:00.000Z
GHED_CHE_pc_US_SHA2011,Current health expenditure (CHE) per capita in US$,numeric,EMR,Eastern Mediterranean,Country,DJI,Djibouti,Year,2008,false,,,,,,,,,,,,,55.91,,,,,,55.91,,,EN,2025-12-04T11:00:00.000Z
GHED_CHE_pc_US_SHA2011,Current health expenditure (CHE) per capita in US$,numeric,EUR,Europe,Country,TUR,Türkiye,Year,2008,false,,,,,,,,,,,,,561.7,,,,,,561.74,,,EN,2025-12-04T11:00:00.000Z
GHED_CHE_pc_US_SHA2011,Current health expenditure (CHE) per capita in US$,numeric,EUR,Europe,Country,IRL,Ireland,Year,2008,false,,,,,,,,,,,,,5639,,,,,,5638.78,,,EN,2025-12-04T11:00:00.000Z
GHED_CHE_pc_US_SHA2011,Current health expenditure (CHE) per capita in US$,numeric,SEAR,South-East Asia,Country,BTN,Bhutan,Year,2008,false,,,,,,,,,,,,,57.59,,,,,,57.59,,,EN,2025-12-04T11:00:00.000Z
GHED_CHE_pc_US_SHA2011,Current health expenditure (CHE) per capita in US$,numeric,AMR,Americas,Country,MEX,Mexico,Year,2008,false,,,,,,,,,,,,,573.1,,,,,,573.11,,,EN,2025-12-04T11:00:00.000Z
GHED_CHE_pc_US_SHA2011,Current health expenditure (CHE) per capita in US$,numeric,WPR,Western Pacific,Country,IDN,Indonesia,Year,2008,false,,,,,,,,,,,,,59.24,,,,,,59.24,,,EN,2025-12-04T11:00:00.000Z
GHED_CHE_pc_US_SHA2011,Current health expenditure (CHE) per capita in US$,numeric,EUR,Europe,Country,RUS,Russian Federation,Year,2008,false,,,,,,,,,,,,,606.8,,,,,,606.78,,,EN,2025-12-04T11:00:00.000Z
GHED_CHE_pc_US_SHA2011,Current health expenditure (CHE) per capita in US$,numeric,AMR,Americas,Country,CUB,Cuba,Year,2008,false,,,,,,,,,,,,,609.3,,,,,,609.27,,,EN,2025-12-04T11:00:00.000Z
GHED_CHE_pc_US_SHA2011,Current health expenditure (CHE) per capita in US$,numeric,EUR,Europe,Country,UZB,Uzbekistan,Year,2008,false,,,,,,,,,,,,,61.29,,,,,,61.29,,,EN,2025-12-04T11:00:00.000Z
GHED_CHE_pc_US_SHA2011,Current health expenditure (CHE) per capita in US$,numeric,EMR,Eastern Mediterranean,Country,YEM,Yemen,Year,2008,false,,,,,,,,,,,,,61.75,,,,,,61.75,,,EN,2025-12-04T11:00:00.000Z
GHED_CHE_pc_US_SHA2011,Current health expenditure (CHE) per capita in US$,numeric,AFR,Africa,Country,ZMB,Zambia,Year,2008,false,,,,,,,,,,,,,61.82,,,,,,61.82,,,EN,2025-12-04T11:00:00.000Z
GHED_CHE_pc_US_SHA2011,Current health expenditure (CHE) per capita in US$,numeric,EUR,Europe,Country,DNK,Denmark,Year,2008,false,,,,,,,,,,,,,6118,,,,,,6117.70,,,EN,2025-12-04T11:00:00.000Z
GHED_CHE_pc_US_SHA2011,Current health expenditure (CHE) per capita in US$,numeric,EUR,Europe,Country,KGZ,Kyrgyzstan,Year,2008,false,,,,,,,,,,,,,62.78,,,,,,62.78,,,EN,2025-12-04T11:00:00.000Z
GHED_CHE_pc_US_SHA2011,Current health expenditure (CHE) per capita in US$,numeric,AFR,Africa,Country,COG,Congo,Year,2008,false,,,,,,,,,,,,,63.42,,,,,,63.42,,,EN,2025-12-04T11:00:00.000Z
GHED_CHE_pc_US_SHA2011,Current health expenditure (CHE) per capita in US$,numeric,AFR,Africa,Country,GHA,Ghana,Year,2008,false,,,,,,,,,,,,,63.45,,,,,,63.45,,,EN,2025-12-04T11:00:00.000Z
GHED_CHE_pc_US_SHA2011,Current health expenditure (CHE) per capita in US$,numeric,WPR,Western Pacific,Country,VNM,Viet Nam,Year,2008,false,,,,,,,,,,,,,64.43,,,,,,64.43,,,EN,2025-12-04T11:00:00.000Z
GHED_CHE_pc_US_SHA2011,Current health expenditure (CHE) per capita in US$,numeric,AFR,Africa,Country,STP,Sao Tome and Principe,Year,2008,false,,,,,,,,,,,,,64.59,,,,,,64.59,,,EN,2025-12-04T11:00:00.000Z
GHED_CHE_pc_US_SHA2011,Current health expenditure (CHE) per capita in US$,numeric,AFR,Africa,Country,CIV,Cote d'Ivoire,Year,2008,false,,,,,,,,,,,,,64.68,,,,,,64.68,,,EN,2025-12-04T11:00:00.000Z
GHED_CHE_pc_US_SHA2011,Current health expenditure (CHE) per capita in US$,numeric,EMR,Eastern Mediterranean,Country,SAU,Saudi Arabia,Year,2008,false,,,,,,,,,,,,,663.1,,,,,,663.14,,,EN,2025-12-04T11:00:00.000Z
GHED_CHE_pc_US_SHA2011,Current health expenditure (CHE) per capita in US$,numeric,EUR,Europe,Country,SRB,Serbia,Year,2008,false,,,,,,,,,,,,,671.9,,,,,,671.89,,,EN,2025-12-04T11:00:00.000Z
GHED_CHE_pc_US_SHA2011,Current health expenditure (CHE) per capita in US$,numeric,AFR,Africa,Country,LSO,Lesotho,Year,2008,false,,,,,,,,,,,,,69.07,,,,,,69.07,,,EN,2025-12-04T11:00:00.000Z
GHED_CHE_pc_US_SHA2011,Current health expenditure (CHE) per capita in US$,numeric,AMR,Americas,Country,ATG,Antigua and Barbuda,Year,2008,false,,,,,,,,,,,,,694,,,,,,694.03,,,EN,2025-12-04T11:00:00.000Z
GHED_CHE_pc_US_SHA2011,Current health expenditure (CHE) per capita in US$,numeric,EUR,Europe,Country,CHE,Switzerland,Year,2008,false,,,,,,,,,,,,,7076,,,,,,7075.71,,,EN,2025-12-04T11:00:00.000Z
GHED_CHE_pc_US_SHA2011,Current health expenditure (CHE) per capita in US$,numeric,AMR,Americas,Country,BRA,Brazil,Year,2008,false,,,,,,,,,,,,,713.7,,,,,,713.67,,,EN,2025-12-04T11:00:00.000Z
GHED_CHE_pc_US_SHA2011,Current health expenditure (CHE) per capita in US$,numeric,AMR,Americas,Country,CHL,Chile,Year,2008,false,,,,,,,,,,,,,719.1,,,,,,719.08,,,EN,2025-12-04T11:00:00.000Z
GHED_CHE_pc_US_SHA2011,Current health expenditure (CHE) per capita in US$,numeric,AFR,Africa,Country,COM,Comoros,Year,2008,false,,,,,,,,,,,,,73.75,,,,,,73.75,,,EN,2025-12-04T11:00:00.000Z
GHED_CHE_pc_US_SHA2011,Current health expenditure (CHE) per capita in US$,numeric,EMR,Eastern Mediterranean,Country,BHR,Bahrain,Year,2008,false,,,,,,,,,,,,,735,,,,,,735.00,,,EN,2025-12-04T11:00:00.000Z
GHED_CHE_pc_US_SHA2011,Current health expenditure (CHE) per capita in US$,numeric,AMR,Americas,Country,USA,United States of America,Year,2008,false,,,,,,,,,,,,,7365,,,,,,7364.94,,,EN,2025-12-04T11:00:00.000Z
GHED_CHE_pc_US_SHA2011,Current health expenditure (CHE) per capita in US$,numeric,AMR,Americas,Country,ARG,Argentina,Year,2008,false,,,,,,,,,,,,,745.4,,,,,,745.40,,,EN,2025-12-04T11:00:00.000Z
GHED_CHE_pc_US_SHA2011,Current health expenditure (CHE) per capita in US$,numeric,WPR,Western Pacific,Country,SLB,Solomon Islands,Year,2008,false,,,,,,,,,,,,,75.67,,,,,,75.67,,,EN,2025-12-04T11:00:00.000Z
GHED_CHE_pc_US_SHA2011,Current health expenditure (CHE) per capita in US$,numeric,WPR,Western Pacific,Country,PHL,Philippines,Year,2008,false,,,,,,,,,,,,,75.69,,,,,,75.69,,,EN,2025-12-04T11:00:00.000Z
GHED_CHE_pc_US_SHA2011,Current health expenditure (CHE) per capita in US$,numeric,AMR,Americas,Country,TTO,Trinidad and Tobago,Year,2008,false,,,,,,,,,,,,,751.5,,,,,,751.55,,,EN,2025-12-04T11:00:00.000Z
GHED_CHE_pc_US_SHA2011,Current health expenditure (CHE) per capita in US$,numeric,EUR,Europe,Country,LUX,Luxembourg,Year,2008,false,,,,,,,,,,,,,7579,,,,,,7578.75,,,EN,2025-12-04T11:00:00.000Z
GHED_CHE_pc_US_SHA2011,Current health expenditure (CHE) per capita in US$,numeric,AFR,Africa,Country,NGA,Nigeria,Year,2008,false,,,,,,,,,,,,,77.45,,,,,,77.45,,,EN,2025-12-04T11:00:00.000Z
GHED_CHE_pc_US_SHA2011,Current health expenditure (CHE) per capita in US$,numeric,AMR,Americas,Country,BOL,Bolivia (Plurinational State of),Year,2008,false,,,,,,,,,,,,,77.98,,,,,,77.98,,,EN,2025-12-04T11:00:00.000Z
GHED_CHE_pc_US_SHA2011,Current health expenditure (CHE) per capita in US$,numeric,SEAR,South-East Asia,Country,MDV,Maldives,Year,2008,false,,,,,,,,,,,,,775.1,,,,,,775.15,,,EN,2025-12-04T11:00:00.000Z
GHED_CHE_pc_US_SHA2011,Current health expenditure (CHE) per capita in US$,numeric,EUR,Europe,Country,NOR,Norway,Year,2008,false,,,,,,,,,,,,,7768,,,,,,7768.05,,,EN,2025-12-04T11:00:00.000Z
GHED_CHE_pc_US_SHA2011,Current health expenditure (CHE) per capita in US$,numeric,WPR,Western Pacific,Country,BRN,Brunei Darussalam,Year,2008,false,,,,,,,,,,,,,792,,,,,,792.01,,,EN,2025-12-04T11:00:00.000Z
GHED_CHE_pc_US_SHA2011,Current health expenditure (CHE) per capita in US$,numeric,WPR,Western Pacific,Country,NRU,Naoero,Year,2008,false,,,,,,,,,,,,,809.7,,,,,,809.66,,,EN,2025-12-04T11:00:00.000Z
GHED_CHE_pc_US_SHA2011,Current health expenditure (CHE) per capita in US$,numeric,WPR,Western Pacific,Country,VUT,Vanuatu,Year,2008,false,,,,,,,,,,,,,81.72,,,,,,81.72,,,EN,2025-12-04T11:00:00.000Z
GHED_CHE_pc_US_SHA2011,Current health expenditure (CHE) per capita in US$,numeric,AMR,Americas,Country,URY,Uruguay,Year,2008,false,,,,,,,,,,,,,811.7,,,,,,811.70,,,EN,2025-12-04T11:00:00.000Z
GHED_CHE_pc_US_SHA2011,Current health expenditure (CHE) per capita in US$,numeric,EMR,Eastern Mediterranean,Country,SDN,Sudan,Year,2008,false,,,,,,,,,,,,,82.84,,,,,,82.84,,,EN,2025-12-04T11:00:00.000Z
GHED_CHE_pc_US_SHA2011,Current health expenditure (CHE) per capita in US$,numeric,EMR,Eastern Mediterranean,Country,SYR,Syrian Arab Republic,Year,2008,false,,,,,,,,,,,,,82.93,,,,,,82.93,,,EN,2025-12-04T11:00:00.000Z
GHED_CHE_pc_US_SHA2011,Current health expenditure (CHE) per capita in US$,numeric,EUR,Europe,Country,MCO,Monaco,Year,2008,false,,,,,,,,,,,,,8343,,,,,,8342.88,,,EN,2025-12-04T11:00:00.000Z
GHED_CHE_pc_US_SHA2011,Current health expenditure (CHE) per capita in US$,numeric,WPR,Western Pacific,Country,PLW,Palau,Year,2008,false,,,,,,,,,,,,,880.8,,,,,,880.84,,,EN,2025-12-04T11:00:00.000Z
GHED_CHE_pc_US_SHA2011,Current health expenditure (CHE) per capita in US$,numeric,AMR,Americas,Country,KNA,Saint Kitts and Nevis,Year,2008,false,,,,,,,,,,,,,881.1,,,,,,881.10,,,EN,2025-12-04T11:00:00.000Z
GHED_CHE_pc_US_SHA2011,Current health expenditure (CHE) per capita in US$,numeric,EUR,Europe,Country,POL,Poland,Year,2008,false,,,,,,,,,,,,,892.6,,,,,,892.60,,,EN,2025-12-04T11:00:00.000Z
GHED_CHE_pc_US_SHA2011,Current health expenditure (CHE) per capita in US$,numeric,SEAR,South-East Asia,Country,LKA,Sri Lanka,Year,2008,false,,,,,,,,,,,,,90,,,,,,90.00,,,EN,2025-12-04T11:00:00.000Z
GHED_CHE_pc_US_SHA2011,Current health expenditure (CHE) per capita in US$,numeric,EMR,Eastern Mediterranean,Country,EGY,Egypt,Year,2008,false,,,,,,,,,,,,,90.16,,,,,,90.16,,,EN,2025-12-04T11:00:00.000Z
GHED_CHE_pc_US_SHA2011,Current health expenditure (CHE) per capita in US$,numeric,EUR,Europe,Country,LVA,Latvia,Year,2008,false,,,,,,,,,,,,,913.5,,,,,,913.52,,,EN,2025-12-04T11:00:00.000Z
GHED_CHE_pc_US_SHA2011,Current health expenditure (CHE) per capita in US$,numeric,EUR,Europe,Country,LTU,Lithuania,Year,2008,false,,,,,,,,,,,,,936.5,,,,,,936.51,,,EN,2025-12-04T11:00:00.000Z
GHED_CHE_pc_US_SHA2011,Current health expenditure (CHE) per capita in US$,numeric,WPR,Western Pacific,Country,MNG,Mongolia,Year,2008,false,,,,,,,,,,,,,97.27,,,,,,97.27,,,EN,2025-12-04T11:00:00.000Z
GHED_CHE_pc_US_SHA2011,Current health expenditure (CHE) per capita in US$,numeric,EMR,Eastern Mediterranean,Country,IRQ,Iraq,Year,2007,false,,,,,,,,,,,,,100.6,,,,,,100.59,,,EN,2025-12-04T11:00:00.000Z
GHED_CHE_pc_US_SHA2011,Current health expenditure (CHE) per capita in US$,numeric,EUR,Europe,Country,HUN,Hungary,Year,2007,false,,,,,,,,,,,,,1003,,,,,,1003.26,,,EN,2025-12-04T11:00:00.000Z
GHED_CHE_pc_US_SHA2011,Current health expenditure (CHE) per capita in US$,numeric,EUR,Europe,Country,SVK,Slovakia,Year,2007,false,,,,,,,,,,,,,1029,,,,,,1029.30,,,EN,2025-12-04T11:00:00.000Z
GHED_CHE_pc_US_SHA2011,Current health expenditure (CHE) per capita in US$,numeric,EUR,Europe,Country,HRV,Croatia,Year,2007,false,,,,,,,,,,,,,1040,,,,,,1040.45,,,EN,2025-12-04T11:00:00.000Z
GHED_CHE_pc_US_SHA2011,Current health expenditure (CHE) per capita in US$,numeric,AMR,Americas,Country,BRB,Barbados,Year,2007,false,,,,,,,,,,,,,1043,,,,,,1043.49,,,EN,2025-12-04T11:00:00.000Z
GHED_CHE_pc_US_SHA2011,Current health expenditure (CHE) per capita in US$,numeric,AFR,Africa,Country,COD,Democratic Republic of the Congo,Year,2007,false,,,,,,,,,,,,,11.56,,,,,,11.56,,,EN,2025-12-04T11:00:00.000Z
GHED_CHE_pc_US_SHA2011,Current health expenditure (CHE) per capita in US$,numeric,AFR,Africa,Country,ETH,Ethiopia,Year,2007,false,,,,,,,,,,,,,11.63,,,,,,11.63,,,EN,2025-12-04T11:00:00.000Z
GHED_CHE_pc_US_SHA2011,Current health expenditure (CHE) per capita in US$,numeric,EUR,Europe,Country,CZE,Czechia,Year,2007,false,,,,,,,,,,,,,1110,,,,,,1110.18,,,EN,2025-12-04T11:00:00.000Z
GHED_CHE_pc_US_SHA2011,Current health expenditure (CHE) per capita in US$,numeric,WPR,Western Pacific,Country,SGP,Singapore,Year,2007,false,,,,,,,,,,,,,1117,,,,,,1116.98,,,EN,2025-12-04T11:00:00.000Z
GHED_CHE_pc_US_SHA2011,Current health expenditure (CHE) per capita in US$,numeric,EMR,Eastern Mediterranean,Country,ARE,United Arab Emirates,Year,2007,false,,,,,,,,,,,,,1176,,,,,,1176.49,,,EN,2025-12-04T11:00:00.000Z
GHED_CHE_pc_US_SHA2011,Current health expenditure (CHE) per capita in US$,numeric,SEAR,South-East Asia,Country,THA,Thailand,Year,2007,false,,,,,,,,,,,,,125.1,,,,,,125.11,,,EN,2025-12-04T11:00:00.000Z
GHED_CHE_pc_US_SHA2011,Current health expenditure (CHE) per capita in US$,numeric,AMR,Americas,Country,GUY,Guyana,Year,2007,false,,,,,,,,,,,,,125.8,,,,,,125.79,,,EN,2025-12-04T11:00:00.000Z
GHED_CHE_pc_US_SHA2011,Current health expenditure (CHE) per capita in US$,numeric,WPR,Western Pacific,Country,KOR,Republic of Korea,Year,2007,false,,,,,,,,,,,,,1256,,,,,,1256.36,,,EN,2025-12-04T11:00:00.000Z
GHED_CHE_pc_US_SHA2011,Current health expenditure (CHE) per capita in US$,numeric,AMR,Americas,Country,HND,Honduras,Year,2007,false,,,,,,,,,,,,,127.6,,,,,,127.56,,,EN,2025-12-04T11:00:00.000Z
GHED_CHE_pc_US_SHA2011,Current health expenditure (CHE) per capita in US$,numeric,AFR,Africa,Country,CPV,Cabo Verde,Year,2007,false,,,,,,,,,,,,,127.7,,,,,,127.74,,,EN,2025-12-04T11:00:00.000Z
GHED_CHE_pc_US_SHA2011,Current health expenditure (CHE) per capita in US$,numeric,EMR,Eastern Mediterranean,Country,QAT,Qatar,Year,2007,false,,,,,,,,,,,,,1301,,,,,,1301.50,,,EN,2025-12-04T11:00:00.000Z
GHED_CHE_pc_US_SHA2011,Current health expenditure (CHE) per capita in US$,numeric,EMR,Eastern Mediterranean,Country,MAR,Morocco,Year,2007,false,,,,,,,,,,,,,131.9,,,,,,131.86,,,EN,2025-12-04T11:00:00.000Z
GHED_CHE_pc_US_SHA2011,Current health expenditure (CHE) per capita in US$,numeric,WPR,Western Pacific,Country,TON,Tonga,Year,2007,false,,,,,,,,,,,,,134.6,,,,,,134.56,,,EN,2025-12-04T11:00:00.000Z
GHED_CHE_pc_US_SHA2011,Current health expenditure (CHE) per capita in US$,numeric,EUR,Europe,Country,MDA,Republic of Moldova,Year,2007,false,,,,,,,,,,,,,135.4,,,,,,135.44,,,EN,2025-12-04T11:00:00.000Z
GHED_CHE_pc_US_SHA2011,Current health expenditure (CHE) per capita in US$,numeric,AMR,Americas,Country,BHS,Bahamas,Year,2007,false,,,,,,,,,,,,,1351,,,,,,1351.08,,,EN,2025-12-04T11:00:00.000Z
GHED_CHE_pc_US_SHA2011,Current health expenditure (CHE) per capita in US$,numeric,SEAR,South-East Asia,Country,BGD,Bangladesh,Year,2007,false,,,,,,,,,,,,,14.04,,,,,,14.04,,,EN,2025-12-04T11:00:00.000Z
GHED_CHE_pc_US_SHA2011,Current health expenditure (CHE) per capita in US$,numeric,WPR,Western Pacific,Country,FJI,Fiji,Year,2007,false,,,,,,,,,,,,,140.3,,,,,,140.30,,,EN,2025-12-04T11:00:00.000Z
GHED_CHE_pc_US_SHA2011,Current health expenditure (CHE) per capita in US$,numeric,WPR,Western Pacific,Country,NIU,Niue,Year,2007,false,,,,,,,,,,,,,1418,,,,,,1418.02,,,EN,2025-12-04T11:00:00.000Z
GHED_CHE_pc_US_SHA2011,Current health expenditure (CHE) per capita in US$,numeric,WPR,Western Pacific,Country,WSM,Samoa,Year,2007,false,,,,,,,,,,,,,147.8,,,,,,147.85,,,EN,2025-12-04T11:00:00.000Z
GHED_CHE_pc_US_SHA2011,Current health expenditure (CHE) per capita in US$,numeric,WPR,Western Pacific,Country,KIR,Kiribati,Year,2007,false,,,,,,,,,,,,,148.1,,,,,,148.06,,,EN,2025-12-04T11:00:00.000Z
GHED_CHE_pc_US_SHA2011,Current health expenditure (CHE) per capita in US$,numeric,EMR,Eastern Mediterranean,Country,PSE,"occupied Palestinian territory, including east Jerusalem",Year,2007,false,,,,,,,,,,,,,149.2,,,,,,149.22,,,EN,2025-12-04T11:00:00.000Z
GHED_CHE_pc_US_SHA2011,Current health expenditure (CHE) per capita in US$,numeric,AFR,Africa,Country,BDI,Burundi,Year,2007,false,,,,,,,,,,,,,15.26,,,,,,15.26,,,EN,2025-12-04T11:00:00.000Z
GHED_CHE_pc_US_SHA2011,Current health expenditure (CHE) per capita in US$,numeric,AFR,Africa,Country,LBR,Liberia,Year,2007,false,,,,,,,,,,,,,15.86,,,,,,15.86,,,EN,2025-12-04T11:00:00.000Z
GHED_CHE_pc_US_SHA2011,Current health expenditure (CHE) per capita in US$,numeric,AFR,Africa,Country,DZA,Algeria,Year,2007,false,,,,,,,,,,,,,150.9,,,,,,150.87,,,EN,2025-12-04T11:00:00.000Z
GHED_CHE_pc_US_SHA2011,Current health expenditure (CHE) per capita in US$,numeric,AMR,Americas,Country,PER,Peru,Year,2007,false,,,,,,,,,,,,,158.6,,,,,,158.55,,,EN,2025-12-04T11:00:00.000Z
GHED_CHE_pc_US_SHA2011,Current health expenditure (CHE) per capita in US$,numeric,AMR,Americas,Country,GTM,Guatemala,Year,2007,false,,,,,,,,,,,,,158.9,,,,,,158.89,,,EN,2025-12-04T11:00:00.000Z
GHED_CHE_pc_US_SHA2011,Current health expenditure (CHE) per capita in US$,numeric,EUR,Europe,Country,MLT,Malta,Year,2007,false,,,,,,,,,,,,,1606,,,,,,1606.22,,,EN,2025-12-04T11:00:00.000Z
GHED_CHE_pc_US_SHA2011,Current health expenditure (CHE) per capita in US$,numeric,AMR,Americas,Country,PRY,Paraguay,Year,2007,false,,,,,,,,,,,,,161.3,,,,,,161.25,,,EN,2025-12-04T11:00:00.000Z
GHED_CHE_pc_US_SHA2011,Current health expenditure (CHE) per capita in US$,numeric,EUR,Europe,Country,CYP,Cyprus,Year,2007,false,,,,,,,,,,,,,1694,,,,,,1694.27,,,EN,2025-12-04T11:00:00.000Z
GHED_CHE_pc_US_SHA2011,Current health expenditure (CHE) per capita in US$,numeric,SEAR,South-East Asia,Country,NPL,Nepal,Year,2007,false,,,,,,,,,,,,,17.14,,,,,,17.14,,,EN,2025-12-04T11:00:00.000Z
GHED_CHE_pc_US_SHA2011,Current health expenditure (CHE) per capita in US$,numeric,EUR,Europe,Country,ARM,Armenia,Year,2007,false,,,,,,,,,,,,,170.2,,,,,,170.15,,,EN,2025-12-04T11:00:00.000Z
GHED_CHE_pc_US_SHA2011,Current health expenditure (CHE) per capita in US$,numeric,EUR,Europe,Country,KAZ,Kazakhstan,Year,2007,false,,,,,,,,,,,,,174.3,,,,,,174.34,,,EN,2025-12-04T11:00:00.000Z
GHED_CHE_pc_US_SHA2011,Current health expenditure (CHE) per capita in US$,numeric,EUR,Europe,Country,ISR,Israel,Year,2007,false,,,,,,,,,,,,,1770,,,,,,1769.93,,,EN,2025-12-04T11:00:00.000Z
GHED_CHE_pc_US_SHA2011,Current health expenditure (CHE) per capita in US$,numeric,AFR,Africa,Country,GNQ,Equatorial Guinea,Year,2007,false,,,,,,,,,,,,,179.5,,,,,,179.50,,,EN,2025-12-04T11:00:00.000Z
GHED_CHE_pc_US_SHA2011,Current health expenditure (CHE) per capita in US$,numeric,EUR,Europe,Country,SVN,Slovenia,Year,2007,false,,,,,,,,,,,,,1796,,,,,,1795.95,,,EN,2025-12-04T11:00:00.000Z
GHED_CHE_pc_US_SHA2011,Current health expenditure (CHE) per capita in US$,numeric,AFR,Africa,Country,CAF,Central African Republic,Year,2007,false,,,,,,,,,,,,,18.25,,,,,,18.25,,,EN,2025-12-04T11:00:00.000Z
GHED_CHE_pc_US_SHA2011,Current health expenditure (CHE) per capita in US$,numeric,EUR,Europe,Country,UKR,Ukraine,Year,2007,false,,,,,,,,,,,,,183.2,,,,,,183.18,,,EN,2025-12-04T11:00:00.000Z
GHED_CHE_pc_US_SHA2011,Current health expenditure (CHE) per capita in US$,numeric,AFR,Africa,Country,MOZ,Mozambique,Year,2007,false,,,,,,,,,,,,,19.3,,,,,,19.30,,,EN,2025-12-04T11:00:00.000Z
GHED_CHE_pc_US_SHA2011,Current health expenditure (CHE) per capita in US$,numeric,AFR,Africa,Country,MDG,Madagascar,Year,2007,false,,,,,,,,,,,,,19.34,,,,,,19.34,,,EN,2025-12-04T11:00:00.000Z
GHED_CHE_pc_US_SHA2011,Current health expenditure (CHE) per capita in US$,numeric,AFR,Africa,Country,ERI,Eritrea,Year,2007,false,,,,,,,,,,,,,19.63,,,,,,19.63,,,EN,2025-12-04T11:00:00.000Z
GHED_CHE_pc_US_SHA2011,Current health expenditure (CHE) per capita in US$,numeric,AMR,Americas,Country,DOM,Dominican Republic,Year,2007,false,,,,,,,,,,,,,190.1,,,,,,190.14,,,EN,2025-12-04T11:00:00.000Z
GHED_CHE_pc_US_SHA2011,Current health expenditure (CHE) per capita in US$,numeric,AMR,Americas,Country,ECU,Ecuador,Year,2007,false,,,,,,,,,,,,,193.3,,,,,,193.33,,,EN,2025-12-04T11:00:00.000Z
GHED_CHE_pc_US_SHA2011,Current health expenditure (CHE) per capita in US$,numeric,EUR,Europe,Country,GEO,Georgia,Year,2007,false,,,,,,,,,,,,,196,,,,,,195.99,,,EN,2025-12-04T11:00:00.000Z
GHED_CHE_pc_US_SHA2011,Current health expenditure (CHE) per capita in US$,numeric,AFR,Africa,Country,NER,Niger,Year,2007,false,,,,,,,,,,,,,20.97,,,,,,20.97,,,EN,2025-12-04T11:00:00.000Z
GHED_CHE_pc_US_SHA2011,Current health expenditure (CHE) per capita in US$,numeric,EMR,Eastern Mediterranean,Country,TUN,Tunisia,Year,2007,false,,,,,,,,,,,,,202.3,,,,,,202.32,,,EN,2025-12-04T11:00:00.000Z
GHED_CHE_pc_US_SHA2011,Current health expenditure (CHE) per capita in US$,numeric,EMR,Eastern Mediterranean,Country,JOR,Jordan,Year,2007,false,,,,,,,,,,,,,208,,,,,,208.04,,,EN,2025-12-04T11:00:00.000Z
GHED_CHE_pc_US_SHA2011,Current health expenditure (CHE) per capita in US$,numeric,EUR,Europe,Country,ALB,Albania,Year,2007,false,,,,,,,,,,,,,209.3,,,,,,209.32,,,EN,2025-12-04T11:00:00.000Z
GHED_CHE_pc_US_SHA2011,Current health expenditure (CHE) per capita in US$,numeric,EUR,Europe,Country,PRT,Portugal,Year,2007,false,,,,,,,,,,,,,2113,,,,,,2112.53,,,EN,2025-12-04T11:00:00.000Z
GHED_CHE_pc_US_SHA2011,Current health expenditure (CHE) per capita in US$,numeric,AFR,Africa,Country,GIN,Guinea,Year,2007,false,,,,,,,,,,,,,22.64,,,,,,22.64,,,EN,2025-12-04T11:00:00.000Z
GHED_CHE_pc_US_SHA2011,Current health expenditure (CHE) per capita in US$,numeric,AFR,Africa,Country,MUS,Mauritius,Year,2007,false,,,,,,,,,,,,,229.2,,,,,,229.23,,,EN,2025-12-04T11:00:00.000Z
GHED_CHE_pc_US_SHA2011,Current health expenditure (CHE) per capita in US$,numeric,WPR,Western Pacific,Country,MYS,Malaysia,Year,2007,false,,,,,,,,,,,,,230.6,,,,,,230.56,,,EN,2025-12-04T11:00:00.000Z
GHED_CHE_pc_US_SHA2011,Current health expenditure (CHE) per capita in US$,numeric,AMR,Americas,Country,BLZ,Belize,Year,2007,false,,,,,,,,,,,,,233.7,,,,,,233.68,,,EN,2025-12-04T11:00:00.000Z
GHED_CHE_pc_US_SHA2011,Current health expenditure (CHE) per capita in US$,numeric,EMR,Eastern Mediterranean,Country,IRN,Iran (Islamic Republic of),Year,2007,false,,,,,,,,,,,,,237.5,,,,,,237.51,,,EN,2025-12-04T11:00:00.000Z
GHED_CHE_pc_US_SHA2011,Current health expenditure (CHE) per capita in US$,numeric,EUR,Europe,Country,AND,Andorra,Year,2007,false,,,,,,,,,,,,,2388,,,,,,2388.17,,,EN,2025-12-04T11:00:00.000Z
GHED_CHE_pc_US_SHA2011,Current health expenditure (CHE) per capita in US$,numeric,AFR,Africa,Country,TGO,Togo,Year,2007,false,,,,,,,,,,,,,24.05,,,,,,24.05,,,EN,2026-04-09T12:00:00.000Z
GHED_CHE_pc_US_SHA2011,Current health expenditure (CHE) per capita in US$,numeric,WPR,Western Pacific,Country,LAO,Lao People's Democratic Republic,Year,2007,false,,,,,,,,,,,,,24.57,,,,,,24.57,,,EN,2025-12-04T11:00:00.000Z
GHED_CHE_pc_US_SHA2011,Current health expenditure (CHE) per capita in US$,numeric,AMR,Americas,Country,SLV,El Salvador,Year,2007,false,,,,,,,,,,,,,240,,,,,,240.00,,,EN,2025-12-04T11:00:00.000Z
GHED_CHE_pc_US_SHA2011,Current health expenditure (CHE) per capita in US$,numeric,EUR,Europe,Country,GRC,Greece,Year,2007,false,,,,,,,,,,,,,2427,,,,,,2426.76,,,EN,2025-12-04T11:00:00.000Z
GHED_CHE_pc_US_SHA2011,Current health expenditure (CHE) per capita in US$,numeric,AMR,Americas,Country,VCT,Saint Vincent and the Grenadines,Year,2007,false,,,,,,,,,,,,,244.3,,,,,,244.33,,,EN,2025-12-04T11:00:00.000Z
GHED_CHE_pc_US_SHA2011,Current health expenditure (CHE) per capita in US$,numeric,AFR,Africa,Country,GAB,Gabon,Year,2007,false,,,,,,,,,,,,,246.8,,,,,,246.78,,,EN,2025-12-04T11:00:00.000Z
GHED_CHE_pc_US_SHA2011,Current health expenditure (CHE) per capita in US$,numeric,AFR,Africa,Country,MWI,Malawi,Year,2007,false,,,,,,,,,,,,,25.02,,,,,,25.02,,,EN,2025-12-04T11:00:00.000Z
GHED_CHE_pc_US_SHA2011,Current health expenditure (CHE) per capita in US$,numeric,AFR,Africa,Country,GNB,Guinea-Bissau,Year,2007,false,,,,,,,,,,,,,25.57,,,,,,25.57,,,EN,2025-12-04T11:00:00.000Z
GHED_CHE_pc_US_SHA2011,Current health expenditure (CHE) per capita in US$,numeric,AFR,Africa,Country,SWZ,Eswatini,Year,2007,false,,,,,,,,,,,,,252.2,,,,,,252.24,,,EN,2025-12-04T11:00:00.000Z
GHED_CHE_pc_US_SHA2011,Current health expenditure (CHE) per capita in US$,numeric,WPR,Western Pacific,Country,FSM,Micronesia (Federated States of),Year,2007,false,,,,,,,,,,,,,258.6,,,,,,258.65,,,EN,2025-12-04T11:00:00.000Z
GHED_CHE_pc_US_SHA2011,Current health expenditure (CHE) per capita in US$,numeric,EMR,Eastern Mediterranean,Country,PAK,Pakistan,Year,2007,false,,,,,,,,,,,,,26.14,,,,,,26.14,,,EN,2025-12-04T11:00:00.000Z
GHED_CHE_pc_US_SHA2011,Current health expenditure (CHE) per capita in US$,numeric,AFR,Africa,Country,BEN,Benin,Year,2007,false,,,,,,,,,,,,,26.8,,,,,,26.80,,,EN,2025-12-04T11:00:00.000Z
GHED_CHE_pc_US_SHA2011,Current health expenditure (CHE) per capita in US$,numeric,EUR,Europe,Country,TKM,Turkmenistan,Year,2007,false,,,,,,,,,,,,,261.8,,,,,,261.83,,,EN,2025-12-04T11:00:00.000Z
GHED_CHE_pc_US_SHA2011,Current health expenditure (CHE) per capita in US$,numeric,EUR,Europe,Country,ESP,Spain,Year,2007,false,,,,,,,,,,,,,2626,,,,,,2625.56,,,EN,2025-12-04T11:00:00.000Z
GHED_CHE_pc_US_SHA2011,Current health expenditure (CHE) per capita in US$,numeric,EUR,Europe,Country,MKD,North Macedonia,Year,2007,false,,,,,,,,,,,,,263.3,,,,,,263.25,,,EN,2025-12-04T11:00:00.000Z
GHED_CHE_pc_US_SHA2011,Current health expenditure (CHE) per capita in US$,numeric,EMR,Eastern Mediterranean,Country,LBY,Libya,Year,2007,false,,,,,,,,,,,,,269.6,,,,,,269.63,,,EN,2025-12-04T11:00:00.000Z
GHED_CHE_pc_US_SHA2011,Current health expenditure (CHE) per capita in US$,numeric,WPR,Western Pacific,Country,NZL,New Zealand,Year,2007,false,,,,,,,,,,,,,2706,,,,,,2705.66,,,EN,2025-12-04T11:00:00.000Z
GHED_CHE_pc_US_SHA2011,Current health expenditure (CHE) per capita in US$,numeric,EUR,Europe,Country,BLR,Belarus,Year,2007,false,,,,,,,,,,,,,278.6,,,,,,278.63,,,EN,2025-12-04T11:00:00.000Z
GHED_CHE_pc_US_SHA2011,Current health expenditure (CHE) per capita in US$,numeric,WPR,Western Pacific,Country,JPN,Japan,Year,2007,false,,,,,,,,,,,,,2781,,,,,,2781.49,,,EN,2025-12-04T11:00:00.000Z
GHED_CHE_pc_US_SHA2011,Current health expenditure (CHE) per capita in US$,numeric,EUR,Europe,Country,TJK,Tajikistan,Year,2007,false,,,,,,,,,,,,,28.59,,,,,,28.59,,,EN,2025-12-04T11:00:00.000Z
GHED_CHE_pc_US_SHA2011,Current health expenditure (CHE) per capita in US$,numeric,AFR,Africa,Country,MLI,Mali,Year,2007,false,,,,,,,,,,,,,29.64,,,,,,29.64,,,EN,2025-12-04T11:00:00.000Z
GHED_CHE_pc_US_SHA2011,Current health expenditure (CHE) per capita in US$,numeric,AFR,Africa,Country,BFA,Burkina Faso,Year,2007,false,,,,,,,,,,,,,29.72,,,,,,29.72,,,EN,2025-12-04T11:00:00.000Z
GHED_CHE_pc_US_SHA2011,Current health expenditure (CHE) per capita in US$,numeric,AMR,Americas,Country,JAM,Jamaica,Year,2007,false,,,,,,,,,,,,,292,,,,,,292.00,,,EN,2025-12-04T11:00:00.000Z
GHED_CHE_pc_US_SHA2011,Current health expenditure (CHE) per capita in US$,numeric,WPR,Western Pacific,Country,TUV,Tuvalu,Year,2007,false,,,,,,,,,,,,,292.2,,,,,,292.23,,,EN,2025-12-04T11:00:00.000Z
GHED_CHE_pc_US_SHA2011,Current health expenditure (CHE) per capita in US$,numeric,AMR,Americas,Country,DMA,Dominica,Year,2007,false,,,,,,,,,,,,,293.3,,,,,,293.31,,,EN,2025-12-04T11:00:00.000Z
GHED_CHE_pc_US_SHA2011,Current health expenditure (CHE) per capita in US$,numeric,SEAR,South-East Asia,Country,TLS,Timor-Leste,Year,2007,false,,,,,,,,,,,,,30.52,,,,,,30.52,,,EN,2025-12-04T11:00:00.000Z
GHED_CHE_pc_US_SHA2011,Current health expenditure (CHE) per capita in US$,numeric,AFR,Africa,Country,BWA,Botswana,Year,2007,false,,,,,,,,,,,,,305.2,,,,,,305.22,,,EN,2025-12-04T11:00:00.000Z
GHED_CHE_pc_US_SHA2011,Current health expenditure (CHE) per capita in US$,numeric,EUR,Europe,Country,ITA,Italy,Year,2007,false,,,,,,,,,,,,,3077,,,,,,3077.41,,,EN,2025-12-04T11:00:00.000Z
GHED_CHE_pc_US_SHA2011,Current health expenditure (CHE) per capita in US$,numeric,AMR,Americas,Country,SUR,Suriname,Year,2007,false,,,,,,,,,,,,,309.2,,,,,,309.18,,,EN,2025-12-04T11:00:00.000Z
GHED_CHE_pc_US_SHA2011,Current health expenditure (CHE) per capita in US$,numeric,AMR,Americas,Country,COL,Colombia,Year,2007,false,,,,,,,,,,,,,309.6,,,,,,309.62,,,EN,2025-12-04T11:00:00.000Z
GHED_CHE_pc_US_SHA2011,Current health expenditure (CHE) per capita in US$,numeric,AFR,Africa,Country,SLE,Sierra Leone,Year,2007,false,,,,,,,,,,,,,31.91,,,,,,31.91,,,EN,2025-12-04T11:00:00.000Z
GHED_CHE_pc_US_SHA2011,Current health expenditure (CHE) per capita in US$,numeric,WPR,Western Pacific,Country,KHM,Cambodia,Year,2007,false,,,,,,,,,,,,,32.39,,,,,,32.39,,,EN,2025-12-04T11:00:00.000Z
GHED_CHE_pc_US_SHA2011,Current health expenditure (CHE) per capita in US$,numeric,EMR,Eastern Mediterranean,Country,AFG,Afghanistan,Year,2007,false,,,,,,,,,,,,,32.71,,,,,,32.71,,,EN,2025-12-04T11:00:00.000Z
GHED_CHE_pc_US_SHA2011,Current health expenditure (CHE) per capita in US$,numeric,WPR,Western Pacific,Country,PNG,Papua New Guinea,Year,2007,false,,,,,,,,,,,,,33.19,,,,,,33.19,,,EN,2025-12-04T11:00:00.000Z
GHED_CHE_pc_US_SHA2011,Current health expenditure (CHE) per capita in US$,numeric,AFR,Africa,Country,RWA,Rwanda,Year,2007,false,,,,,,,,,,,,,33.51,,,,,,33.51,,,EN,2025-12-04T11:00:00.000Z
GHED_CHE_pc_US_SHA2011,Current health expenditure (CHE) per capita in US$,numeric,AFR,Africa,Country,TCD,Chad,Year,2007,false,,,,,,,,,,,,,34.04,,,,,,34.04,,,EN,2025-12-04T11:00:00.000Z
GHED_CHE_pc_US_SHA2011,Current health expenditure (CHE) per capita in US$,numeric,SEAR,South-East Asia,Country,IND,India,Year,2007,false,,,,,,,,,,,,,35.63,,,,,,35.63,,,EN,2025-12-04T11:00:00.000Z
GHED_CHE_pc_US_SHA2011,Current health expenditure (CHE) per capita in US$,numeric,AFR,Africa,Country,GMB,Gambia,Year,2007,false,,,,,,,,,,,,,35.91,,,,,,35.91,,,EN,2025-12-04T11:00:00.000Z
GHED_CHE_pc_US_SHA2011,Current health expenditure (CHE) per capita in US$,numeric,AMR,Americas,Country,GRD,Grenada,Year,2007,false,,,,,,,,,,,,,359.5,,,,,,359.54,,,EN,2025-12-04T11:00:00.000Z
GHED_CHE_pc_US_SHA2011,Current health expenditure (CHE) per capita in US$,numeric,AFR,Africa,Country,UGA,Uganda,Year,2007,false,,,,,,,,,,,,,36.1,,,,,,36.10,,,EN,2025-12-04T11:00:00.000Z
GHED_CHE_pc_US_SHA2011,Current health expenditure (CHE) per capita in US$,numeric,AFR,Africa,Country,TZA,United Republic of Tanzania,Year,2007,false,,,,,,,,,,,,,36.24,,,,,,36.24,,,EN,2025-12-04T11:00:00.000Z
GHED_CHE_pc_US_SHA2011,Current health expenditure (CHE) per capita in US$,numeric,EUR,Europe,Country,BGR,Bulgaria,Year,2007,false,,,,,,,,,,,,,361.2,,,,,,361.23,,,EN,2025-12-04T11:00:00.000Z
GHED_CHE_pc_US_SHA2011,Current health expenditure (CHE) per capita in US$,numeric,EUR,Europe,Country,BIH,Bosnia and Herzegovina,Year,2007,false,,,,,,,,,,,,,363.9,,,,,,363.86,,,EN,2025-12-04T11:00:00.000Z
GHED_CHE_pc_US_SHA2011,Current health expenditure (CHE) per capita in US$,numeric,AMR,Americas,Country,HTI,Haiti,Year,2007,false,,,,,,,,,,,,,37.6,,,,,,37.60,,,EN,2025-12-04T11:00:00.000Z
GHED_CHE_pc_US_SHA2011,Current health expenditure (CHE) per capita in US$,numeric,WPR,Western Pacific,Country,AUS,Australia,Year,2007,false,,,,,,,,,,,,,3793,,,,,,3792.81,,,EN,2025-12-04T11:00:00.000Z
GHED_CHE_pc_US_SHA2011,Current health expenditure (CHE) per capita in US$,numeric,EUR,Europe,Country,SMR,San Marino,Year,2007,false,,,,,,,,,,,,,3805,,,,,,3804.51,,,EN,2025-12-04T11:00:00.000Z
GHED_CHE_pc_US_SHA2011,Current health expenditure (CHE) per capita in US$,numeric,EUR,Europe,Country,FIN,Finland,Year,2007,false,,,,,,,,,,,,,3919,,,,,,3918.64,,,EN,2025-12-04T11:00:00.000Z
GHED_CHE_pc_US_SHA2011,Current health expenditure (CHE) per capita in US$,numeric,EMR,Eastern Mediterranean,Country,OMN,Oman,Year,2007,false,,,,,,,,,,,,,397.2,,,,,,397.21,,,EN,2025-12-04T11:00:00.000Z
GHED_CHE_pc_US_SHA2011,Current health expenditure (CHE) per capita in US$,numeric,AFR,Africa,Country,MRT,Mauritania,Year,2007,false,,,,,,,,,,,,,40.42,,,,,,40.42,,,EN,2025-12-04T11:00:00.000Z
GHED_CHE_pc_US_SHA2011,Current health expenditure (CHE) per capita in US$,numeric,AFR,Africa,Country,SEN,Senegal,Year,2007,false,,,,,,,,,,,,,40.6,,,,,,40.60,,,EN,2025-12-04T11:00:00.000Z
GHED_CHE_pc_US_SHA2011,Current health expenditure (CHE) per capita in US$,numeric,EUR,Europe,Country,BEL,Belgium,Year,2007,false,,,,,,,,,,,,,4066,,,,,,4066.21,,,EN,2025-12-04T11:00:00.000Z
GHED_CHE_pc_US_SHA2011,Current health expenditure (CHE) per capita in US$,numeric,AFR,Africa,Country,COG,Congo,Year,2007,false,,,,,,,,,,,,,41.97,,,,,,41.97,,,EN,2025-12-04T11:00:00.000Z
GHED_CHE_pc_US_SHA2011,Current health expenditure (CHE) per capita in US$,numeric,EUR,Europe,Country,ROU,Romania,Year,2007,false,,,,,,,,,,,,,415.1,,,,,,415.07,,,EN,2025-12-04T11:00:00.000Z
GHED_CHE_pc_US_SHA2011,Current health expenditure (CHE) per capita in US$,numeric,EUR,Europe,Country,DEU,Germany,Year,2007,false,,,,,,,,,,,,,4163,,,,,,4162.69,,,EN,2025-12-04T11:00:00.000Z
GHED_CHE_pc_US_SHA2011,Current health expenditure (CHE) per capita in US$,numeric,AMR,Americas,Country,CAN,Canada,Year,2007,false,,,,,,,,,,,,,4188,,,,,,4187.87,,,EN,2025-12-04T11:00:00.000Z
GHED_CHE_pc_US_SHA2011,Current health expenditure (CHE) per capita in US$,numeric,AFR,Africa,Country,SYC,Seychelles,Year,2007,false,,,,,,,,,,,,,428.6,,,,,,428.62,,,EN,2025-12-04T11:00:00.000Z
GHED_CHE_pc_US_SHA2011,Current health expenditure (CHE) per capita in US$,numeric,AMR,Americas,Country,CRI,Costa Rica,Year,2007,false,,,,,,,,,,,,,429.4,,,,,,429.42,,,EN,2025-12-04T11:00:00.000Z
GHED_CHE_pc_US_SHA2011,Current health expenditure (CHE) per capita in US$,numeric,EUR,Europe,Country,SWE,Sweden,Year,2007,false,,,,,,,,,,,,,4296,,,,,,4295.55,,,EN,2025-12-04T11:00:00.000Z
GHED_CHE_pc_US_SHA2011,Current health expenditure (CHE) per capita in US$,numeric,EUR,Europe,Country,FRA,France,Year,2007,false,,,,,,,,,,,,,4312,,,,,,4312.31,,,EN,2025-12-04T11:00:00.000Z
GHED_CHE_pc_US_SHA2011,Current health expenditure (CHE) per capita in US$,numeric,EMR,Eastern Mediterranean,Country,LBN,Lebanon,Year,2007,false,,,,,,,,,,,,,438.7,,,,,,438.71,,,EN,2025-12-04T11:00:00.000Z
GHED_CHE_pc_US_SHA2011,Current health expenditure (CHE) per capita in US$,numeric,AMR,Americas,Country,LCA,Saint Lucia,Year,2007,false,,,,,,,,,,,,,439.6,,,,,,439.59,,,EN,2025-12-04T11:00:00.000Z
GHED_CHE_pc_US_SHA2011,Current health expenditure (CHE) per capita in US$,numeric,EUR,Europe,Country,GBR,United Kingdom of Great Britain and Northern Ireland,Year,2007,false,,,,,,,,,,,,,4416,,,,,,4415.51,,,EN,2025-12-04T11:00:00.000Z
GHED_CHE_pc_US_SHA2011,Current health expenditure (CHE) per capita in US$,numeric,EUR,Europe,Country,AUT,Austria,Year,2007,false,,,,,,,,,,,,,4485,,,,,,4484.82,,,EN,2025-12-04T11:00:00.000Z
GHED_CHE_pc_US_SHA2011,Current health expenditure (CHE) per capita in US$,numeric,AFR,Africa,Country,ZAF,South Africa,Year,2007,false,,,,,,,,,,,,,455.2,,,,,,455.17,,,EN,2025-12-04T11:00:00.000Z
GHED_CHE_pc_US_SHA2011,Current health expenditure (CHE) per capita in US$,numeric,EUR,Europe,Country,RUS,Russian Federation,Year,2007,false,,,,,,,,,,,,,459.6,,,,,,459.60,,,EN,2025-12-04T11:00:00.000Z
GHED_CHE_pc_US_SHA2011,Current health expenditure (CHE) per capita in US$,numeric,EUR,Europe,Country,UZB,Uzbekistan,Year,2007,false,,,,,,,,,,,,,46.9,,,,,,46.90,,,EN,2025-12-04T11:00:00.000Z
GHED_CHE_pc_US_SHA2011,Current health expenditure (CHE) per capita in US$,numeric,EUR,Europe,Country,NLD,Netherlands (Kingdom of the),Year,2007,false,,,,,,,,,,,,,4696,,,,,,4696.14,,,EN,2025-12-04T11:00:00.000Z
GHED_CHE_pc_US_SHA2011,Current health expenditure (CHE) per capita in US$,numeric,AMR,Americas,Country,PAN,Panama,Year,2007,false,,,,,,,,,,,,,472.1,,,,,,472.09,,,EN,2025-12-04T11:00:00.000Z
GHED_CHE_pc_US_SHA2011,Current health expenditure (CHE) per capita in US$,numeric,SEAR,South-East Asia,Country,MDV,Maldives,Year,2007,false,,,,,,,,,,,,,478.2,,,,,,478.24,,,EN,2025-12-04T11:00:00.000Z
GHED_CHE_pc_US_SHA2011,Current health expenditure (CHE) per capita in US$,numeric,WPR,Western Pacific,Country,MHL,Marshall Islands,Year,2007,false,,,,,,,,,,,,,485,,,,,,485.02,,,EN,2025-12-04T11:00:00.000Z
GHED_CHE_pc_US_SHA2011,Current health expenditure (CHE) per capita in US$,numeric,EUR,Europe,Country,IRL,Ireland,Year,2007,false,,,,,,,,,,,,,4859,,,,,,4858.65,,,EN,2025-12-04T11:00:00.000Z
GHED_CHE_pc_US_SHA2011,Current health expenditure (CHE) per capita in US$,numeric,AFR,Africa,Country,KEN,Kenya,Year,2007,false,,,,,,,,,,,,,49.45,,,,,,49.45,,,EN,2025-12-04T11:00:00.000Z
GHED_CHE_pc_US_SHA2011,Current health expenditure (CHE) per capita in US$,numeric,EUR,Europe,Country,KGZ,Kyrgyzstan,Year,2007,false,,,,,,,,,,,,,49.61,,,,,,49.61,,,EN,2025-12-04T11:00:00.000Z
GHED_CHE_pc_US_SHA2011,Current health expenditure (CHE) per capita in US$,numeric,AFR,Africa,Country,NAM,Namibia,Year,2007,false,,,,,,,,,,,,,493.6,,,,,,493.60,,,EN,2025-12-04T11:00:00.000Z
GHED_CHE_pc_US_SHA2011,Current health expenditure (CHE) per capita in US$,numeric,AFR,Africa,Country,CMR,Cameroon,Year,2007,false,,,,,,,,,,,,,50.31,,,,,,50.31,,,EN,2025-12-04T11:00:00.000Z
GHED_CHE_pc_US_SHA2011,Current health expenditure (CHE) per capita in US$,numeric,EUR,Europe,Country,TUR,Türkiye,Year,2007,false,,,,,,,,,,,,,504.4,,,,,,504.38,,,EN,2025-12-04T11:00:00.000Z
GHED_CHE_pc_US_SHA2011,Current health expenditure (CHE) per capita in US$,numeric,AFR,Africa,Country,ZMB,Zambia,Year,2007,false,,,,,,,,,,,,,51.02,,,,,,51.02,,,EN,2025-12-04T11:00:00.000Z
GHED_CHE_pc_US_SHA2011,Current health expenditure (CHE) per capita in US$,numeric,EMR,Eastern Mediterranean,Country,YEM,Yemen,Year,2007,false,,,,,,,,,,,,,51.84,,,,,,51.84,,,EN,2025-12-04T11:00:00.000Z
GHED_CHE_pc_US_SHA2011,Current health expenditure (CHE) per capita in US$,numeric,WPR,Western Pacific,Country,VNM,Viet Nam,Year,2007,false,,,,,,,,,,,,,54.41,,,,,,54.41,,,EN,2025-12-04T11:00:00.000Z
GHED_CHE_pc_US_SHA2011,Current health expenditure (CHE) per capita in US$,numeric,EUR,Europe,Country,DNK,Denmark,Year,2007,false,,,,,,,,,,,,,5454,,,,,,5453.84,,,EN,2025-12-04T11:00:00.000Z
GHED_CHE_pc_US_SHA2011,Current health expenditure (CHE) per capita in US$,numeric,WPR,Western Pacific,Country,COK,Cook Islands,Year,2007,false,,,,,,,,,,,,,546.3,,,,,,546.29,,,EN,2025-12-04T11:00:00.000Z
GHED_CHE_pc_US_SHA2011,Current health expenditure (CHE) per capita in US$,numeric,EUR,Europe,Country,SRB,Serbia,Year,2007,false,,,,,,,,,,,,,547.2,,,,,,547.23,,,EN,2025-12-04T11:00:00.000Z
GHED_CHE_pc_US_SHA2011,Current health expenditure (CHE) per capita in US$,numeric,EMR,Eastern Mediterranean,Country,DJI,Djibouti,Year,2007,false,,,,,,,,,,,,,55.18,,,,,,55.18,,,EN,2025-12-04T11:00:00.000Z
GHED_CHE_pc_US_SHA2011,Current health expenditure (CHE) per capita in US$,numeric,AMR,Americas,Country,MEX,Mexico,Year,2007,false,,,,,,,,,,,,,558.1,,,,,,558.07,,,EN,2025-12-04T11:00:00.000Z
GHED_CHE_pc_US_SHA2011,Current health expenditure (CHE) per capita in US$,numeric,WPR,Western Pacific,Country,IDN,Indonesia,Year,2007,false,,,,,,,,,,,,,56,,,,,,56.00,,,EN,2025-12-04T11:00:00.000Z
GHED_CHE_pc_US_SHA2011,Current health expenditure (CHE) per capita in US$,numeric,AFR,Africa,Country,CIV,Cote d'Ivoire,Year,2007,false,,,,,,,,,,,,,56.15,,,,,,56.15,,,EN,2025-12-04T11:00:00.000Z
GHED_CHE_pc_US_SHA2011,Current health expenditure (CHE) per capita in US$,numeric,AMR,Americas,Country,ARG,Argentina,Year,2007,false,,,,,,,,,,,,,569.3,,,,,,569.27,,,EN,2025-12-04T11:00:00.000Z
GHED_CHE_pc_US_SHA2011,Current health expenditure (CHE) per capita in US$,numeric,AMR,Americas,Country,CUB,Cuba,Year,2007,false,,,,,,,,,,,,,569.4,,,,,,569.44,,,EN,2025-12-04T11:00:00.000Z
GHED_CHE_pc_US_SHA2011,Current health expenditure (CHE) per capita in US$,numeric,AFR,Africa,Country,GHA,Ghana,Year,2007,false,,,,,,,,,,,,,57.34,,,,,,57.34,,,EN,2025-12-04T11:00:00.000Z
GHED_CHE_pc_US_SHA2011,Current health expenditure (CHE) per capita in US$,numeric,AMR,Americas,Country,URY,Uruguay,Year,2007,false,,,,,,,,,,,,,578.3,,,,,,578.34,,,EN,2025-12-04T11:00:00.000Z
GHED_CHE_pc_US_SHA2011,Current health expenditure (CHE) per capita in US$,numeric,EUR,Europe,Country,ISL,Iceland,Year,2007,false,,,,,,,,,,,,,5804,,,,,,5803.81,,,EN,2025-12-04T11:00:00.000Z
GHED_CHE_pc_US_SHA2011,Current health expenditure (CHE) per capita in US$,numeric,WPR,Western Pacific,Country,NRU,Naoero,Year,2007,false,,,,,,,,,,,,,586.8,,,,,,586.82,,,EN,2025-12-04T11:00:00.000Z
GHED_CHE_pc_US_SHA2011,Current health expenditure (CHE) per capita in US$,numeric,AFR,Africa,Country,STP,Sao Tome and Principe,Year,2007,false,,,,,,,,,,,,,59.72,,,,,,59.72,,,EN,2025-12-04T11:00:00.000Z
GHED_CHE_pc_US_SHA2011,Current health expenditure (CHE) per capita in US$,numeric,AMR,Americas,Country,BRA,Brazil,Year,2007,false,,,,,,,,,,,,,607.7,,,,,,607.73,,,EN,2025-12-04T11:00:00.000Z
GHED_CHE_pc_US_SHA2011,Current health expenditure (CHE) per capita in US$,numeric,EUR,Europe,Country,CHE,Switzerland,Year,2007,false,,,,,,,,,,,,,6125,,,,,,6124.81,,,EN,2025-12-04T11:00:00.000Z
GHED_CHE_pc_US_SHA2011,Current health expenditure (CHE) per capita in US$,numeric,AMR,Americas,Country,BOL,Bolivia (Plurinational State of),Year,2007,false,,,,,,,,,,,,,63.62,,,,,,63.62,,,EN,2025-12-04T11:00:00.000Z
GHED_CHE_pc_US_SHA2011,Current health expenditure (CHE) per capita in US$,numeric,WPR,Western Pacific,Country,PHL,Philippines,Year,2007,false,,,,,,,,,,,,,64.28,,,,,,64.28,,,EN,2025-12-04T11:00:00.000Z
GHED_CHE_pc_US_SHA2011,Current health expenditure (CHE) per capita in US$,numeric,SEAR,South-East Asia,Country,BTN,Bhutan,Year,2007,false,,,,,,,,,,,,,64.72,,,,,,64.72,,,EN,2025-12-04T11:00:00.000Z
GHED_CHE_pc_US_SHA2011,Current health expenditure (CHE) per capita in US$,numeric,AMR,Americas,Country,CHL,Chile,Year,2007,false,,,,,,,,,,,,,643.1,,,,,,643.06,,,EN,2025-12-04T11:00:00.000Z
GHED_CHE_pc_US_SHA2011,Current health expenditure (CHE) per capita in US$,numeric,AFR,Africa,Country,LSO,Lesotho,Year,2007,false,,,,,,,,,,,,,65.8,,,,,,65.80,,,EN,2025-12-04T11:00:00.000Z
GHED_CHE_pc_US_SHA2011,Current health expenditure (CHE) per capita in US$,numeric,WPR,Western Pacific,Country,MNG,Mongolia,Year,2007,false,,,,,,,,,,,,,66.18,,,,,,66.18,,,EN,2025-12-04T11:00:00.000Z
GHED_CHE_pc_US_SHA2011,Current health expenditure (CHE) per capita in US$,numeric,AFR,Africa,Country,NGA,Nigeria,Year,2007,false,,,,,,,,,,,,,66.91,,,,,,66.91,,,EN,2025-12-04T11:00:00.000Z
GHED_CHE_pc_US_SHA2011,Current health expenditure (CHE) per capita in US$,numeric,EUR,Europe,Country,POL,Poland,Year,2007,false,,,,,,,,,,,,,660.9,,,,,,660.92,,,EN,2025-12-04T11:00:00.000Z
GHED_CHE_pc_US_SHA2011,Current health expenditure (CHE) per capita in US$,numeric,EMR,Eastern Mediterranean,Country,SAU,Saudi Arabia,Year,2007,false,,,,,,,,,,,,,662,,,,,,662.01,,,EN,2025-12-04T11:00:00.000Z
GHED_CHE_pc_US_SHA2011,Current health expenditure (CHE) per capita in US$,numeric,AMR,Americas,Country,TTO,Trinidad and Tobago,Year,2007,false,,,,,,,,,,,,,667.4,,,,,,667.35,,,EN,2025-12-04T11:00:00.000Z
GHED_CHE_pc_US_SHA2011,Current health expenditure (CHE) per capita in US$,numeric,EUR,Europe,Country,LUX,Luxembourg,Year,2007,false,,,,,,,,,,,,,6671,,,,,,6671.27,,,EN,2025-12-04T11:00:00.000Z
GHED_CHE_pc_US_SHA2011,Current health expenditure (CHE) per capita in US$,numeric,EMR,Eastern Mediterranean,Country,BHR,Bahrain,Year,2007,false,,,,,,,,,,,,,677.2,,,,,,677.16,,,EN,2025-12-04T11:00:00.000Z
GHED_CHE_pc_US_SHA2011,Current health expenditure (CHE) per capita in US$,numeric,EUR,Europe,Country,NOR,Norway,Year,2007,false,,,,,,,,,,,,,6896,,,,,,6895.56,,,EN,2025-12-04T11:00:00.000Z
GHED_CHE_pc_US_SHA2011,Current health expenditure (CHE) per capita in US$,numeric,AFR,Africa,Country,COM,Comoros,Year,2007,false,,,,,,,,,,,,,69.87,,,,,,69.87,,,EN,2025-12-04T11:00:00.000Z
GHED_CHE_pc_US_SHA2011,Current health expenditure (CHE) per capita in US$,numeric,EUR,Europe,Country,MCO,Monaco,Year,2007,false,,,,,,,,,,,,,7036,,,,,,7035.95,,,EN,2025-12-04T11:00:00.000Z
GHED_CHE_pc_US_SHA2011,Current health expenditure (CHE) per capita in US$,numeric,EUR,Europe,Country,LTU,Lithuania,Year,2007,false,,,,,,,,,,,,,704.3,,,,,,704.29,,,EN,2025-12-04T11:00:00.000Z
GHED_CHE_pc_US_SHA2011,Current health expenditure (CHE) per capita in US$,numeric,AMR,Americas,Country,KNA,Saint Kitts and Nevis,Year,2007,false,,,,,,,,,,,,,708,,,,,,707.97,,,EN,2025-12-04T11:00:00.000Z
GHED_CHE_pc_US_SHA2011,Current health expenditure (CHE) per capita in US$,numeric,SEAR,South-East Asia,Country,LKA,Sri Lanka,Year,2007,false,,,,,,,,,,,,,71.39,,,,,,71.39,,,EN,2025-12-04T11:00:00.000Z
GHED_CHE_pc_US_SHA2011,Current health expenditure (CHE) per capita in US$,numeric,WPR,Western Pacific,Country,BRN,Brunei Darussalam,Year,2007,false,,,,,,,,,,,,,710.4,,,,,,710.42,,,EN,2025-12-04T11:00:00.000Z
GHED_CHE_pc_US_SHA2011,Current health expenditure (CHE) per capita in US$,numeric,AMR,Americas,Country,ATG,Antigua and Barbuda,Year,2007,false,,,,,,,,,,,,,714.3,,,,,,714.27,,,EN,2025-12-04T11:00:00.000Z
GHED_CHE_pc_US_SHA2011,Current health expenditure (CHE) per capita in US$,numeric,AMR,Americas,Country,USA,United States of America,Year,2007,false,,,,,,,,,,,,,7154,,,,,,7153.73,,,EN,2025-12-04T11:00:00.000Z
GHED_CHE_pc_US_SHA2011,Current health expenditure (CHE) per capita in US$,numeric,EMR,Eastern Mediterranean,Country,SYR,Syrian Arab Republic,Year,2007,false,,,,,,,,,,,,,72.1,,,,,,72.10,,,EN,2025-12-04T11:00:00.000Z
GHED_CHE_pc_US_SHA2011,Current health expenditure (CHE) per capita in US$,numeric,WPR,Western Pacific,Country,VUT,Vanuatu,Year,2007,false,,,,,,,,,,,,,72.53,,,,,,72.53,,,EN,2025-12-04T11:00:00.000Z
GHED_CHE_pc_US_SHA2011,Current health expenditure (CHE) per capita in US$,numeric,EMR,Eastern Mediterranean,Country,EGY,Egypt,Year,2007,false,,,,,,,,,,,,,73.29,,,,,,73.29,,,EN,2025-12-04T11:00:00.000Z
GHED_CHE_pc_US_SHA2011,Current health expenditure (CHE) per capita in US$,numeric,EUR,Europe,Country,AZE,Azerbaijan,Year,2007,false,,,,,,,,,,,,,74.66,,,,,,74.66,,,EN,2025-12-04T11:00:00.000Z
GHED_CHE_pc_US_SHA2011,Current health expenditure (CHE) per capita in US$,numeric,EUR,Europe,Country,LVA,Latvia,Year,2007,false,,,,,,,,,,,,,775.2,,,,,,775.19,,,EN,2025-12-04T11:00:00.000Z
GHED_CHE_pc_US_SHA2011,Current health expenditure (CHE) per capita in US$,numeric,EMR,Eastern Mediterranean,Country,SDN,Sudan,Year,2007,false,,,,,,,,,,,,,81.79,,,,,,81.79,,,EN,2025-12-04T11:00:00.000Z
GHED_CHE_pc_US_SHA2011,Current health expenditure (CHE) per capita in US$,numeric,EUR,Europe,Country,EST,Estonia,Year,2007,false,,,,,,,,,,,,,866.5,,,,,,866.50,,,EN,2025-12-04T11:00:00.000Z
GHED_CHE_pc_US_SHA2011,Current health expenditure (CHE) per capita in US$,numeric,EMR,Eastern Mediterranean,Country,KWT,Kuwait,Year,2007,false,,,,,,,,,,,,,880.7,,,,,,880.71,,,EN,2025-12-04T11:00:00.000Z
GHED_CHE_pc_US_SHA2011,Current health expenditure (CHE) per capita in US$,numeric,WPR,Western Pacific,Country,SLB,Solomon Islands,Year,2007,false,,,,,,,,,,,,,89.11,,,,,,89.11,,,EN,2025-12-04T11:00:00.000Z
GHED_CHE_pc_US_SHA2011,Current health expenditure (CHE) per capita in US$,numeric,WPR,Western Pacific,Country,PLW,Palau,Year,2007,false,,,,,,,,,,,,,897.4,,,,,,897.35,,,EN,2025-12-04T11:00:00.000Z
GHED_CHE_pc_US_SHA2011,Current health expenditure (CHE) per capita in US$,numeric,SEAR,South-East Asia,Country,MMR,Myanmar,Year,2007,false,,,,,,,,,,,,,9.91,,,,,,9.91,,,EN,2025-12-04T11:00:00.000Z
GHED_CHE_pc_US_SHA2011,Current health expenditure (CHE) per capita in US$,numeric,AFR,Africa,Country,AGO,Angola,Year,2007,false,,,,,,,,,,,,,93.43,,,,,,93.43,,,EN,2025-12-04T11:00:00.000Z
GHED_CHE_pc_US_SHA2011,Current health expenditure (CHE) per capita in US$,numeric,AMR,Americas,Country,NIC,Nicaragua,Year,2007,false,,,,,,,,,,,,,93.94,,,,,,93.94,,,EN,2025-12-04T11:00:00.000Z
GHED_CHE_pc_US_SHA2011,Current health expenditure (CHE) per capita in US$,numeric,WPR,Western Pacific,Country,CHN,China,Year,2007,false,,,,,,,,,,,,,98.56,,,,,,98.56,,,EN,2025-12-04T11:00:00.000Z
GHED_CHE_pc_US_SHA2011,Current health expenditure (CHE) per capita in US$,numeric,AFR,Africa,Country,COD,Democratic Republic of the Congo,Year,2006,false,,,,,,,,,,,,,10.38,,,,,,10.38,,,EN,2025-12-04T11:00:00.000Z
GHED_CHE_pc_US_SHA2011,Current health expenditure (CHE) per capita in US$,numeric,EUR,Europe,Country,MDA,Republic of Moldova,Year,2006,false,,,,,,,,,,,,,100.1,,,,,,100.11,,,EN,2025-12-04T11:00:00.000Z
GHED_CHE_pc_US_SHA2011,Current health expenditure (CHE) per capita in US$,numeric,AMR,Americas,Country,BRB,Barbados,Year,2006,false,,,,,,,,,,,,,1028,,,,,,1028.39,,,EN,2025-12-04T11:00:00.000Z
GHED_CHE_pc_US_SHA2011,Current health expenditure (CHE) per capita in US$,numeric,SEAR,South-East Asia,Country,THA,Thailand,Year,2006,false,,,,,,,,,,,,,103.3,,,,,,103.26,,,EN,2025-12-04T11:00:00.000Z
GHED_CHE_pc_US_SHA2011,Current health expenditure (CHE) per capita in US$,numeric,EMR,Eastern Mediterranean,Country,ARE,United Arab Emirates,Year,2006,false,,,,,,,,,,,,,1031,,,,,,1031.15,,,EN,2025-12-04T11:00:00.000Z
GHED_CHE_pc_US_SHA2011,Current health expenditure (CHE) per capita in US$,numeric,EMR,Eastern Mediterranean,Country,MAR,Morocco,Year,2006,false,,,,,,,,,,,,,110.2,,,,,,110.22,,,EN,2025-12-04T11:00:00.000Z
GHED_CHE_pc_US_SHA2011,Current health expenditure (CHE) per capita in US$,numeric,AMR,Americas,Country,HND,Honduras,Year,2006,false,,,,,,,,,,,,,112.1,,,,,,112.12,,,EN,2025-12-04T11:00:00.000Z
GHED_CHE_pc_US_SHA2011,Current health expenditure (CHE) per capita in US$,numeric,AFR,Africa,Country,CPV,Cabo Verde,Year,2006,false,,,,,,,,,,,,,113.1,,,,,,113.13,,,EN,2025-12-04T11:00:00.000Z
GHED_CHE_pc_US_SHA2011,Current health expenditure (CHE) per capita in US$,numeric,WPR,Western Pacific,Country,KOR,Republic of Korea,Year,2006,false,,,,,,,,,,,,,1131,,,,,,1130.54,,,EN,2025-12-04T11:00:00.000Z
GHED_CHE_pc_US_SHA2011,Current health expenditure (CHE) per capita in US$,numeric,AFR,Africa,Country,DZA,Algeria,Year,2006,false,,,,,,,,,,,,,116.8,,,,,,116.78,,,EN,2025-12-04T11:00:00.000Z
GHED_CHE_pc_US_SHA2011,Current health expenditure (CHE) per capita in US$,numeric,SEAR,South-East Asia,Country,BGD,Bangladesh,Year,2006,false,,,,,,,,,,,,,12.06,,,,,,12.06,,,EN,2025-12-04T11:00:00.000Z
GHED_CHE_pc_US_SHA2011,Current health expenditure (CHE) per capita in US$,numeric,AMR,Americas,Country,PRY,Paraguay,Year,2006,false,,,,,,,,,,,,,122.5,,,,,,122.45,,,EN,2025-12-04T11:00:00.000Z
GHED_CHE_pc_US_SHA2011,Current health expenditure (CHE) per capita in US$,numeric,EUR,Europe,Country,ARM,Armenia,Year,2006,false,,,,,,,,,,,,,124.9,,,,,,124.90,,,EN,2025-12-04T11:00:00.000Z
GHED_CHE_pc_US_SHA2011,Current health expenditure (CHE) per capita in US$,numeric,AMR,Americas,Country,BHS,Bahamas,Year,2006,false,,,,,,,,,,,,,1258,,,,,,1257.65,,,EN,2025-12-04T11:00:00.000Z
GHED_CHE_pc_US_SHA2011,Current health expenditure (CHE) per capita in US$,numeric,WPR,Western Pacific,Country,FJI,Fiji,Year,2006,false,,,,,,,,,,,,,126.4,,,,,,126.39,,,EN,2025-12-04T11:00:00.000Z
GHED_CHE_pc_US_SHA2011,Current health expenditure (CHE) per capita in US$,numeric,WPR,Western Pacific,Country,KIR,Kiribati,Year,2006,false,,,,,,,,,,,,,126.9,,,,,,126.86,,,EN,2025-12-04T11:00:00.000Z
GHED_CHE_pc_US_SHA2011,Current health expenditure (CHE) per capita in US$,numeric,SEAR,South-East Asia,Country,NPL,Nepal,Year,2006,false,,,,,,,,,,,,,13.68,,,,,,13.68,,,EN,2025-12-04T11:00:00.000Z
GHED_CHE_pc_US_SHA2011,Current health expenditure (CHE) per capita in US$,numeric,WPR,Western Pacific,Country,WSM,Samoa,Year,2006,false,,,,,,,,,,,,,133.4,,,,,,133.42,,,EN,2025-12-04T11:00:00.000Z
GHED_CHE_pc_US_SHA2011,Current health expenditure (CHE) per capita in US$,numeric,AMR,Americas,Country,PER,Peru,Year,2006,false,,,,,,,,,,,,,136.1,,,,,,136.14,,,EN,2025-12-04T11:00:00.000Z
GHED_CHE_pc_US_SHA2011,Current health expenditure (CHE) per capita in US$,numeric,EMR,Eastern Mediterranean,Country,QAT,Qatar,Year,2006,false,,,,,,,,,,,,,1379,,,,,,1378.93,,,EN,2025-12-04T11:00:00.000Z
GHED_CHE_pc_US_SHA2011,Current health expenditure (CHE) per capita in US$,numeric,AFR,Africa,Country,BDI,Burundi,Year,2006,false,,,,,,,,,,,,,14.11,,,,,,14.11,,,EN,2025-12-04T11:00:00.000Z
GHED_CHE_pc_US_SHA2011,Current health expenditure (CHE) per capita in US$,numeric,AFR,Africa,Country,GNQ,Equatorial Guinea,Year,2006,false,,,,,,,,,,,,,144,,,,,,143.96,,,EN,2025-12-04T11:00:00.000Z
GHED_CHE_pc_US_SHA2011,Current health expenditure (CHE) per capita in US$,numeric,EUR,Europe,Country,UKR,Ukraine,Year,2006,false,,,,,,,,,,,,,146.3,,,,,,146.27,,,EN,2025-12-04T11:00:00.000Z
GHED_CHE_pc_US_SHA2011,Current health expenditure (CHE) per capita in US$,numeric,EUR,Europe,Country,CYP,Cyprus,Year,2006,false,,,,,,,,,,,,,1474,,,,,,1474.02,,,EN,2025-12-04T11:00:00.000Z
GHED_CHE_pc_US_SHA2011,Current health expenditure (CHE) per capita in US$,numeric,EUR,Europe,Country,MLT,Malta,Year,2006,false,,,,,,,,,,,,,1480,,,,,,1480.11,,,EN,2025-12-04T11:00:00.000Z
GHED_CHE_pc_US_SHA2011,Current health expenditure (CHE) per capita in US$,numeric,AMR,Americas,Country,GTM,Guatemala,Year,2006,false,,,,,,,,,,,,,149,,,,,,149.04,,,EN,2025-12-04T11:00:00.000Z
GHED_CHE_pc_US_SHA2011,Current health expenditure (CHE) per capita in US$,numeric,WPR,Western Pacific,Country,TON,Tonga,Year,2006,false,,,,,,,,,,,,,149.2,,,,,,149.23,,,EN,2025-12-04T11:00:00.000Z
GHED_CHE_pc_US_SHA2011,Current health expenditure (CHE) per capita in US$,numeric,AFR,Africa,Country,CAF,Central African Republic,Year,2006,false,,,,,,,,,,,,,15.15,,,,,,15.15,,,EN,2025-12-04T11:00:00.000Z
GHED_CHE_pc_US_SHA2011,Current health expenditure (CHE) per capita in US$,numeric,EUR,Europe,Country,GEO,Georgia,Year,2006,false,,,,,,,,,,,,,152.1,,,,,,152.06,,,EN,2025-12-04T11:00:00.000Z
GHED_CHE_pc_US_SHA2011,Current health expenditure (CHE) per capita in US$,numeric,EMR,Eastern Mediterranean,Country,PSE,"occupied Palestinian territory, including east Jerusalem",Year,2006,false,,,,,,,,,,,,,154.1,,,,,,154.10,,,EN,2025-12-04T11:00:00.000Z
GHED_CHE_pc_US_SHA2011,Current health expenditure (CHE) per capita in US$,numeric,EUR,Europe,Country,SVN,Slovenia,Year,2006,false,,,,,,,,,,,,,1542,,,,,,1541.66,,,EN,2025-12-04T11:00:00.000Z
GHED_CHE_pc_US_SHA2011,Current health expenditure (CHE) per capita in US$,numeric,EUR,Europe,Country,ISR,Israel,Year,2006,false,,,,,,,,,,,,,1556,,,,,,1555.56,,,EN,2025-12-04T11:00:00.000Z
GHED_CHE_pc_US_SHA2011,Current health expenditure (CHE) per capita in US$,numeric,AFR,Africa,Country,GIN,Guinea,Year,2006,false,,,,,,,,,,,,,16.16,,,,,,16.16,,,EN,2025-12-04T11:00:00.000Z
GHED_CHE_pc_US_SHA2011,Current health expenditure (CHE) per capita in US$,numeric,AFR,Africa,Country,MDG,Madagascar,Year,2006,false,,,,,,,,,,,,,16.44,,,,,,16.44,,,EN,2025-12-04T11:00:00.000Z
GHED_CHE_pc_US_SHA2011,Current health expenditure (CHE) per capita in US$,numeric,AMR,Americas,Country,DOM,Dominican Republic,Year,2006,false,,,,,,,,,,,,,161.9,,,,,,161.95,,,EN,2025-12-04T11:00:00.000Z
GHED_CHE_pc_US_SHA2011,Current health expenditure (CHE) per capita in US$,numeric,EUR,Europe,Country,ALB,Albania,Year,2006,false,,,,,,,,,,,,,164.2,,,,,,164.22,,,EN,2025-12-04T11:00:00.000Z
GHED_CHE_pc_US_SHA2011,Current health expenditure (CHE) per capita in US$,numeric,EUR,Europe,Country,KAZ,Kazakhstan,Year,2006,false,,,,,,,,,,,,,170.9,,,,,,170.94,,,EN,2025-12-04T11:00:00.000Z
GHED_CHE_pc_US_SHA2011,Current health expenditure (CHE) per capita in US$,numeric,EMR,Eastern Mediterranean,Country,TUN,Tunisia,Year,2006,false,,,,,,,,,,,,,178.8,,,,,,178.83,,,EN,2025-12-04T11:00:00.000Z
GHED_CHE_pc_US_SHA2011,Current health expenditure (CHE) per capita in US$,numeric,AFR,Africa,Country,MOZ,Mozambique,Year,2006,false,,,,,,,,,,,,,18.05,,,,,,18.05,,,EN,2025-12-04T11:00:00.000Z
GHED_CHE_pc_US_SHA2011,Current health expenditure (CHE) per capita in US$,numeric,AFR,Africa,Country,LBR,Liberia,Year,2006,false,,,,,,,,,,,,,18.34,,,,,,18.34,,,EN,2025-12-04T11:00:00.000Z
GHED_CHE_pc_US_SHA2011,Current health expenditure (CHE) per capita in US$,numeric,EUR,Europe,Country,PRT,Portugal,Year,2006,false,,,,,,,,,,,,,1858,,,,,,1857.65,,,EN,2025-12-04T11:00:00.000Z
GHED_CHE_pc_US_SHA2011,Current health expenditure (CHE) per capita in US$,numeric,EMR,Eastern Mediterranean,Country,JOR,Jordan,Year,2006,false,,,,,,,,,,,,,188.7,,,,,,188.72,,,EN,2025-12-04T11:00:00.000Z
GHED_CHE_pc_US_SHA2011,Current health expenditure (CHE) per capita in US$,numeric,WPR,Western Pacific,Country,LAO,Lao People's Democratic Republic,Year,2006,false,,,,,,,,,,,,,19.23,,,,,,19.23,,,EN,2025-12-04T11:00:00.000Z
GHED_CHE_pc_US_SHA2011,Current health expenditure (CHE) per capita in US$,numeric,AFR,Africa,Country,NER,Niger,Year,2006,false,,,,,,,,,,,,,19.92,,,,,,19.92,,,EN,2025-12-04T11:00:00.000Z
GHED_CHE_pc_US_SHA2011,Current health expenditure (CHE) per capita in US$,numeric,EMR,Eastern Mediterranean,Country,IRN,Iran (Islamic Republic of),Year,2006,false,,,,,,,,,,,,,192.1,,,,,,192.08,,,EN,2025-12-04T11:00:00.000Z
GHED_CHE_pc_US_SHA2011,Current health expenditure (CHE) per capita in US$,numeric,AMR,Americas,Country,ECU,Ecuador,Year,2006,false,,,,,,,,,,,,,192.6,,,,,,192.55,,,EN,2025-12-04T11:00:00.000Z
GHED_CHE_pc_US_SHA2011,Current health expenditure (CHE) per capita in US$,numeric,AMR,Americas,Country,BLZ,Belize,Year,2006,false,,,,,,,,,,,,,196.1,,,,,,196.13,,,EN,2025-12-04T11:00:00.000Z
GHED_CHE_pc_US_SHA2011,Current health expenditure (CHE) per capita in US$,numeric,EUR,Europe,Country,TJK,Tajikistan,Year,2006,false,,,,,,,,,,,,,20.04,,,,,,20.04,,,EN,2025-12-04T11:00:00.000Z
GHED_CHE_pc_US_SHA2011,Current health expenditure (CHE) per capita in US$,numeric,AFR,Africa,Country,MWI,Malawi,Year,2006,false,,,,,,,,,,,,,20.95,,,,,,20.95,,,EN,2025-12-04T11:00:00.000Z
GHED_CHE_pc_US_SHA2011,Current health expenditure (CHE) per capita in US$,numeric,WPR,Western Pacific,Country,MYS,Malaysia,Year,2006,false,,,,,,,,,,,,,200.5,,,,,,200.55,,,EN,2025-12-04T11:00:00.000Z
GHED_CHE_pc_US_SHA2011,Current health expenditure (CHE) per capita in US$,numeric,AFR,Africa,Country,MUS,Mauritius,Year,2006,false,,,,,,,,,,,,,203.2,,,,,,203.24,,,EN,2025-12-04T11:00:00.000Z
GHED_CHE_pc_US_SHA2011,Current health expenditure (CHE) per capita in US$,numeric,EUR,Europe,Country,GRC,Greece,Year,2006,false,,,,,,,,,,,,,2053,,,,,,2052.88,,,EN,2025-12-04T11:00:00.000Z
GHED_CHE_pc_US_SHA2011,Current health expenditure (CHE) per capita in US$,numeric,AMR,Americas,Country,VCT,Saint Vincent and the Grenadines,Year,2006,false,,,,,,,,,,,,,209.8,,,,,,209.84,,,EN,2025-12-04T11:00:00.000Z
GHED_CHE_pc_US_SHA2011,Current health expenditure (CHE) per capita in US$,numeric,AFR,Africa,Country,GAB,Gabon,Year,2006,false,,,,,,,,,,,,,212,,,,,,211.99,,,EN,2025-12-04T11:00:00.000Z
GHED_CHE_pc_US_SHA2011,Current health expenditure (CHE) per capita in US$,numeric,EUR,Europe,Country,AND,Andorra,Year,2006,false,,,,,,,,,,,,,2152,,,,,,2151.95,,,EN,2025-12-04T11:00:00.000Z
GHED_CHE_pc_US_SHA2011,Current health expenditure (CHE) per capita in US$,numeric,AFR,Africa,Country,GNB,Guinea-Bissau,Year,2006,false,,,,,,,,,,,,,22.78,,,,,,22.78,,,EN,2025-12-04T11:00:00.000Z
GHED_CHE_pc_US_SHA2011,Current health expenditure (CHE) per capita in US$,numeric,EUR,Europe,Country,BLR,Belarus,Year,2006,false,,,,,,,,,,,,,221.7,,,,,,221.70,,,EN,2025-12-04T11:00:00.000Z
GHED_CHE_pc_US_SHA2011,Current health expenditure (CHE) per capita in US$,numeric,EUR,Europe,Country,ESP,Spain,Year,2006,false,,,,,,,,,,,,,2257,,,,,,2256.68,,,EN,2025-12-04T11:00:00.000Z
GHED_CHE_pc_US_SHA2011,Current health expenditure (CHE) per capita in US$,numeric,AFR,Africa,Country,BFA,Burkina Faso,Year,2006,false,,,,,,,,,,,,,23.55,,,,,,23.55,,,EN,2025-12-04T11:00:00.000Z
GHED_CHE_pc_US_SHA2011,Current health expenditure (CHE) per capita in US$,numeric,AFR,Africa,Country,ERI,Eritrea,Year,2006,false,,,,,,,,,,,,,23.77,,,,,,23.77,,,EN,2025-12-04T11:00:00.000Z
GHED_CHE_pc_US_SHA2011,Current health expenditure (CHE) per capita in US$,numeric,WPR,Western Pacific,Country,NZL,New Zealand,Year,2006,false,,,,,,,,,,,,,2304,,,,,,2304.07,,,EN,2025-12-04T11:00:00.000Z
GHED_CHE_pc_US_SHA2011,Current health expenditure (CHE) per capita in US$,numeric,EMR,Eastern Mediterranean,Country,LBY,Libya,Year,2006,false,,,,,,,,,,,,,231.1,,,,,,231.12,,,EN,2025-12-04T11:00:00.000Z
GHED_CHE_pc_US_SHA2011,Current health expenditure (CHE) per capita in US$,numeric,AMR,Americas,Country,SLV,El Salvador,Year,2006,false,,,,,,,,,,,,,231.7,,,,,,231.73,,,EN,2025-12-04T11:00:00.000Z
GHED_CHE_pc_US_SHA2011,Current health expenditure (CHE) per capita in US$,numeric,AFR,Africa,Country,SWZ,Eswatini,Year,2006,false,,,,,,,,,,,,,237.5,,,,,,237.51,,,EN,2025-12-04T11:00:00.000Z
GHED_CHE_pc_US_SHA2011,Current health expenditure (CHE) per capita in US$,numeric,EMR,Eastern Mediterranean,Country,PAK,Pakistan,Year,2006,false,,,,,,,,,,,,,24.44,,,,,,24.44,,,EN,2025-12-04T11:00:00.000Z
GHED_CHE_pc_US_SHA2011,Current health expenditure (CHE) per capita in US$,numeric,AFR,Africa,Country,TGO,Togo,Year,2006,false,,,,,,,,,,,,,24.55,,,,,,24.55,,,EN,2026-04-09T12:00:00.000Z
GHED_CHE_pc_US_SHA2011,Current health expenditure (CHE) per capita in US$,numeric,AMR,Americas,Country,COL,Colombia,Year,2006,false,,,,,,,,,,,,,240.1,,,,,,240.10,,,EN,2025-12-04T11:00:00.000Z
GHED_CHE_pc_US_SHA2011,Current health expenditure (CHE) per capita in US$,numeric,EUR,Europe,Country,MKD,North Macedonia,Year,2006,false,,,,,,,,,,,,,242.6,,,,,,242.60,,,EN,2025-12-04T11:00:00.000Z
GHED_CHE_pc_US_SHA2011,Current health expenditure (CHE) per capita in US$,numeric,AMR,Americas,Country,JAM,Jamaica,Year,2006,false,,,,,,,,,,,,,243.4,,,,,,243.39,,,EN,2025-12-04T11:00:00.000Z
GHED_CHE_pc_US_SHA2011,Current health expenditure (CHE) per capita in US$,numeric,WPR,Western Pacific,Country,FSM,Micronesia (Federated States of),Year,2006,false,,,,,,,,,,,,,245.4,,,,,,245.42,,,EN,2025-12-04T11:00:00.000Z
GHED_CHE_pc_US_SHA2011,Current health expenditure (CHE) per capita in US$,numeric,AFR,Africa,Country,BWA,Botswana,Year,2006,false,,,,,,,,,,,,,258,,,,,,258.02,,,EN,2025-12-04T11:00:00.000Z
GHED_CHE_pc_US_SHA2011,Current health expenditure (CHE) per capita in US$,numeric,AFR,Africa,Country,BEN,Benin,Year,2006,false,,,,,,,,,,,,,26.6,,,,,,26.60,,,EN,2025-12-04T11:00:00.000Z
GHED_CHE_pc_US_SHA2011,Current health expenditure (CHE) per capita in US$,numeric,AFR,Africa,Country,MLI,Mali,Year,2006,false,,,,,,,,,,,,,26.93,,,,,,26.93,,,EN,2025-12-04T11:00:00.000Z
GHED_CHE_pc_US_SHA2011,Current health expenditure (CHE) per capita in US$,numeric,AFR,Africa,Country,RWA,Rwanda,Year,2006,false,,,,,,,,,,,,,27.16,,,,,,27.16,,,EN,2025-12-04T11:00:00.000Z
GHED_CHE_pc_US_SHA2011,Current health expenditure (CHE) per capita in US$,numeric,SEAR,South-East Asia,Country,TLS,Timor-Leste,Year,2006,false,,,,,,,,,,,,,27.9,,,,,,27.90,,,EN,2025-12-04T11:00:00.000Z
GHED_CHE_pc_US_SHA2011,Current health expenditure (CHE) per capita in US$,numeric,AMR,Americas,Country,DMA,Dominica,Year,2006,false,,,,,,,,,,,,,271.2,,,,,,271.24,,,EN,2025-12-04T11:00:00.000Z
GHED_CHE_pc_US_SHA2011,Current health expenditure (CHE) per capita in US$,numeric,WPR,Western Pacific,Country,JPN,Japan,Year,2006,false,,,,,,,,,,,,,2764,,,,,,2763.53,,,EN,2025-12-04T11:00:00.000Z
GHED_CHE_pc_US_SHA2011,Current health expenditure (CHE) per capita in US$,numeric,EMR,Eastern Mediterranean,Country,AFG,Afghanistan,Year,2006,false,,,,,,,,,,,,,28.94,,,,,,28.94,,,EN,2025-12-04T11:00:00.000Z
GHED_CHE_pc_US_SHA2011,Current health expenditure (CHE) per capita in US$,numeric,EUR,Europe,Country,BIH,Bosnia and Herzegovina,Year,2006,false,,,,,,,,,,,,,281.3,,,,,,281.26,,,EN,2025-12-04T11:00:00.000Z
GHED_CHE_pc_US_SHA2011,Current health expenditure (CHE) per capita in US$,numeric,EUR,Europe,Country,ITA,Italy,Year,2006,false,,,,,,,,,,,,,2822,,,,,,2821.77,,,EN,2025-12-04T11:00:00.000Z
GHED_CHE_pc_US_SHA2011,Current health expenditure (CHE) per capita in US$,numeric,AMR,Americas,Country,HTI,Haiti,Year,2006,false,,,,,,,,,,,,,29.12,,,,,,29.12,,,EN,2025-12-04T11:00:00.000Z
GHED_CHE_pc_US_SHA2011,Current health expenditure (CHE) per capita in US$,numeric,SEAR,South-East Asia,Country,IND,India,Year,2006,false,,,,,,,,,,,,,29.38,,,,,,29.38,,,EN,2025-12-04T11:00:00.000Z
GHED_CHE_pc_US_SHA2011,Current health expenditure (CHE) per capita in US$,numeric,AFR,Africa,Country,SLE,Sierra Leone,Year,2006,false,,,,,,,,,,,,,29.63,,,,,,29.63,,,EN,2025-12-04T11:00:00.000Z
GHED_CHE_pc_US_SHA2011,Current health expenditure (CHE) per capita in US$,numeric,EUR,Europe,Country,ROU,Romania,Year,2006,false,,,,,,,,,,,,,291,,,,,,291.00,,,EN,2025-12-04T11:00:00.000Z
GHED_CHE_pc_US_SHA2011,Current health expenditure (CHE) per capita in US$,numeric,WPR,Western Pacific,Country,TUV,Tuvalu,Year,2006,false,,,,,,,,,,,,,291.8,,,,,,291.77,,,EN,2025-12-04T11:00:00.000Z
GHED_CHE_pc_US_SHA2011,Current health expenditure (CHE) per capita in US$,numeric,EUR,Europe,Country,BGR,Bulgaria,Year,2006,false,,,,,,,,,,,,,294.1,,,,,,294.11,,,EN,2025-12-04T11:00:00.000Z
GHED_CHE_pc_US_SHA2011,Current health expenditure (CHE) per capita in US$,numeric,WPR,Western Pacific,Country,PNG,Papua New Guinea,Year,2006,false,,,,,,,,,,,,,30.04,,,,,,30.04,,,EN,2025-12-04T11:00:00.000Z
GHED_CHE_pc_US_SHA2011,Current health expenditure (CHE) per capita in US$,numeric,AFR,Africa,Country,UGA,Uganda,Year,2006,false,,,,,,,,,,,,,31.6,,,,,,31.60,,,EN,2025-12-04T11:00:00.000Z
GHED_CHE_pc_US_SHA2011,Current health expenditure (CHE) per capita in US$,numeric,AMR,Americas,Country,SUR,Suriname,Year,2006,false,,,,,,,,,,,,,313.7,,,,,,313.68,,,EN,2025-12-04T11:00:00.000Z
GHED_CHE_pc_US_SHA2011,Current health expenditure (CHE) per capita in US$,numeric,WPR,Western Pacific,Country,AUS,Australia,Year,2006,false,,,,,,,,,,,,,3175,,,,,,3174.87,,,EN,2025-12-04T11:00:00.000Z
GHED_CHE_pc_US_SHA2011,Current health expenditure (CHE) per capita in US$,numeric,WPR,Western Pacific,Country,KHM,Cambodia,Year,2006,false,,,,,,,,,,,,,32.84,,,,,,32.84,,,EN,2025-12-04T11:00:00.000Z
GHED_CHE_pc_US_SHA2011,Current health expenditure (CHE) per capita in US$,numeric,AMR,Americas,Country,GRD,Grenada,Year,2006,false,,,,,,,,,,,,,324.3,,,,,,324.32,,,EN,2025-12-04T11:00:00.000Z
GHED_CHE_pc_US_SHA2011,Current health expenditure (CHE) per capita in US$,numeric,EUR,Europe,Country,SMR,San Marino,Year,2006,false,,,,,,,,,,,,,3242,,,,,,3242.24,,,EN,2025-12-04T11:00:00.000Z
GHED_CHE_pc_US_SHA2011,Current health expenditure (CHE) per capita in US$,numeric,AFR,Africa,Country,GMB,Gambia,Year,2006,false,,,,,,,,,,,,,33.41,,,,,,33.41,,,EN,2025-12-04T11:00:00.000Z
GHED_CHE_pc_US_SHA2011,Current health expenditure (CHE) per capita in US$,numeric,AFR,Africa,Country,TCD,Chad,Year,2006,false,,,,,,,,,,,,,33.87,,,,,,33.87,,,EN,2025-12-04T11:00:00.000Z
GHED_CHE_pc_US_SHA2011,Current health expenditure (CHE) per capita in US$,numeric,EMR,Eastern Mediterranean,Country,OMN,Oman,Year,2006,false,,,,,,,,,,,,,342,,,,,,341.98,,,EN,2025-12-04T11:00:00.000Z
GHED_CHE_pc_US_SHA2011,Current health expenditure (CHE) per capita in US$,numeric,EUR,Europe,Country,FIN,Finland,Year,2006,false,,,,,,,,,,,,,3415,,,,,,3414.94,,,EN,2025-12-04T11:00:00.000Z
GHED_CHE_pc_US_SHA2011,Current health expenditure (CHE) per capita in US$,numeric,EUR,Europe,Country,TKM,Turkmenistan,Year,2006,false,,,,,,,,,,,,,349.7,,,,,,349.68,,,EN,2025-12-04T11:00:00.000Z
GHED_CHE_pc_US_SHA2011,Current health expenditure (CHE) per capita in US$,numeric,AFR,Africa,Country,MRT,Mauritania,Year,2006,false,,,,,,,,,,,,,35.15,,,,,,35.15,,,EN,2025-12-04T11:00:00.000Z
GHED_CHE_pc_US_SHA2011,Current health expenditure (CHE) per capita in US$,numeric,AFR,Africa,Country,TZA,United Republic of Tanzania,Year,2006,false,,,,,,,,,,,,,35.6,,,,,,35.60,,,EN,2025-12-04T11:00:00.000Z
GHED_CHE_pc_US_SHA2011,Current health expenditure (CHE) per capita in US$,numeric,AFR,Africa,Country,COG,Congo,Year,2006,false,,,,,,,,,,,,,35.94,,,,,,35.94,,,EN,2025-12-04T11:00:00.000Z
GHED_CHE_pc_US_SHA2011,Current health expenditure (CHE) per capita in US$,numeric,EUR,Europe,Country,RUS,Russian Federation,Year,2006,false,,,,,,,,,,,,,350.8,,,,,,350.84,,,EN,2025-12-04T11:00:00.000Z
GHED_CHE_pc_US_SHA2011,Current health expenditure (CHE) per capita in US$,numeric,EUR,Europe,Country,BEL,Belgium,Year,2006,false,,,,,,,,,,,,,3547,,,,,,3547.07,,,EN,2025-12-04T11:00:00.000Z
GHED_CHE_pc_US_SHA2011,Current health expenditure (CHE) per capita in US$,numeric,WPR,Western Pacific,Country,NRU,Naoero,Year,2006,false,,,,,,,,,,,,,363.5,,,,,,363.46,,,EN,2025-12-04T11:00:00.000Z
GHED_CHE_pc_US_SHA2011,Current health expenditure (CHE) per capita in US$,numeric,AMR,Americas,Country,CRI,Costa Rica,Year,2006,false,,,,,,,,,,,,,364.5,,,,,,364.52,,,EN,2025-12-04T11:00:00.000Z
GHED_CHE_pc_US_SHA2011,Current health expenditure (CHE) per capita in US$,numeric,EUR,Europe,Country,DEU,Germany,Year,2006,false,,,,,,,,,,,,,3681,,,,,,3681.37,,,EN,2025-12-04T11:00:00.000Z
GHED_CHE_pc_US_SHA2011,Current health expenditure (CHE) per capita in US$,numeric,EUR,Europe,Country,UZB,Uzbekistan,Year,2006,false,,,,,,,,,,,,,37.97,,,,,,37.97,,,EN,2025-12-04T11:00:00.000Z
GHED_CHE_pc_US_SHA2011,Current health expenditure (CHE) per capita in US$,numeric,AMR,Americas,Country,PAN,Panama,Year,2006,false,,,,,,,,,,,,,370.6,,,,,,370.63,,,EN,2025-12-04T11:00:00.000Z
GHED_CHE_pc_US_SHA2011,Current health expenditure (CHE) per capita in US$,numeric,EUR,Europe,Country,SRB,Serbia,Year,2006,false,,,,,,,,,,,,,371.5,,,,,,371.51,,,EN,2025-12-04T11:00:00.000Z
GHED_CHE_pc_US_SHA2011,Current health expenditure (CHE) per capita in US$,numeric,EUR,Europe,Country,SWE,Sweden,Year,2006,false,,,,,,,,,,,,,3756,,,,,,3755.68,,,EN,2025-12-04T11:00:00.000Z
GHED_CHE_pc_US_SHA2011,Current health expenditure (CHE) per capita in US$,numeric,AMR,Americas,Country,CAN,Canada,Year,2006,false,,,,,,,,,,,,,3758,,,,,,3758.36,,,EN,2025-12-04T11:00:00.000Z
GHED_CHE_pc_US_SHA2011,Current health expenditure (CHE) per capita in US$,numeric,AFR,Africa,Country,SEN,Senegal,Year,2006,false,,,,,,,,,,,,,38.28,,,,,,38.28,,,EN,2025-12-04T11:00:00.000Z
GHED_CHE_pc_US_SHA2011,Current health expenditure (CHE) per capita in US$,numeric,EUR,Europe,Country,GBR,United Kingdom of Great Britain and Northern Ireland,Year,2006,false,,,,,,,,,,,,,3803,,,,,,3802.56,,,EN,2025-12-04T11:00:00.000Z
GHED_CHE_pc_US_SHA2011,Current health expenditure (CHE) per capita in US$,numeric,EUR,Europe,Country,FRA,France,Year,2006,false,,,,,,,,,,,,,3812,,,,,,3811.55,,,EN,2025-12-04T11:00:00.000Z
GHED_CHE_pc_US_SHA2011,Current health expenditure (CHE) per capita in US$,numeric,AMR,Americas,Country,CUB,Cuba,Year,2006,false,,,,,,,,,,,,,386.8,,,,,,386.83,,,EN,2025-12-04T11:00:00.000Z
GHED_CHE_pc_US_SHA2011,Current health expenditure (CHE) per capita in US$,numeric,AMR,Americas,Country,LCA,Saint Lucia,Year,2006,false,,,,,,,,,,,,,389.9,,,,,,389.95,,,EN,2025-12-04T11:00:00.000Z
GHED_CHE_pc_US_SHA2011,Current health expenditure (CHE) per capita in US$,numeric,EUR,Europe,Country,AUT,Austria,Year,2006,false,,,,,,,,,,,,,3900,,,,,,3899.91,,,EN,2025-12-04T11:00:00.000Z
GHED_CHE_pc_US_SHA2011,Current health expenditure (CHE) per capita in US$,numeric,AFR,Africa,Country,KEN,Kenya,Year,2006,false,,,,,,,,,,,,,40.3,,,,,,40.30,,,EN,2025-12-04T11:00:00.000Z
GHED_CHE_pc_US_SHA2011,Current health expenditure (CHE) per capita in US$,numeric,EMR,Eastern Mediterranean,Country,LBN,Lebanon,Year,2006,false,,,,,,,,,,,,,401.4,,,,,,401.44,,,EN,2025-12-04T11:00:00.000Z
GHED_CHE_pc_US_SHA2011,Current health expenditure (CHE) per capita in US$,numeric,SEAR,South-East Asia,Country,MDV,Maldives,Year,2006,false,,,,,,,,,,,,,403.9,,,,,,403.94,,,EN,2025-12-04T11:00:00.000Z
GHED_CHE_pc_US_SHA2011,Current health expenditure (CHE) per capita in US$,numeric,EUR,Europe,Country,NLD,Netherlands (Kingdom of the),Year,2006,false,,,,,,,,,,,,,4080,,,,,,4080.22,,,EN,2025-12-04T11:00:00.000Z
GHED_CHE_pc_US_SHA2011,Current health expenditure (CHE) per capita in US$,numeric,EUR,Europe,Country,TUR,Türkiye,Year,2006,false,,,,,,,,,,,,,409.3,,,,,,409.26,,,EN,2025-12-04T11:00:00.000Z
GHED_CHE_pc_US_SHA2011,Current health expenditure (CHE) per capita in US$,numeric,EUR,Europe,Country,IRL,Ireland,Year,2006,false,,,,,,,,,,,,,4147,,,,,,4147.13,,,EN,2025-12-04T11:00:00.000Z
GHED_CHE_pc_US_SHA2011,Current health expenditure (CHE) per capita in US$,numeric,AFR,Africa,Country,ZAF,South Africa,Year,2006,false,,,,,,,,,,,,,417.9,,,,,,417.91,,,EN,2025-12-04T11:00:00.000Z
GHED_CHE_pc_US_SHA2011,Current health expenditure (CHE) per capita in US$,numeric,AFR,Africa,Country,NAM,Namibia,Year,2006,false,,,,,,,,,,,,,437.6,,,,,,437.56,,,EN,2025-12-04T11:00:00.000Z
GHED_CHE_pc_US_SHA2011,Current health expenditure (CHE) per capita in US$,numeric,WPR,Western Pacific,Country,IDN,Indonesia,Year,2006,false,,,,,,,,,,,,,44.4,,,,,,44.40,,,EN,2025-12-04T11:00:00.000Z
GHED_CHE_pc_US_SHA2011,Current health expenditure (CHE) per capita in US$,numeric,AFR,Africa,Country,CMR,Cameroon,Year,2006,false,,,,,,,,,,,,,44.52,,,,,,44.52,,,EN,2025-12-04T11:00:00.000Z
GHED_CHE_pc_US_SHA2011,Current health expenditure (CHE) per capita in US$,numeric,EUR,Europe,Country,KGZ,Kyrgyzstan,Year,2006,false,,,,,,,,,,,,,44.6,,,,,,44.60,,,EN,2025-12-04T11:00:00.000Z
GHED_CHE_pc_US_SHA2011,Current health expenditure (CHE) per capita in US$,numeric,EMR,Eastern Mediterranean,Country,YEM,Yemen,Year,2006,false,,,,,,,,,,,,,44.82,,,,,,44.82,,,EN,2025-12-04T11:00:00.000Z
GHED_CHE_pc_US_SHA2011,Current health expenditure (CHE) per capita in US$,numeric,AMR,Americas,Country,ARG,Argentina,Year,2006,false,,,,,,,,,,,,,456.1,,,,,,456.06,,,EN,2025-12-04T11:00:00.000Z
GHED_CHE_pc_US_SHA2011,Current health expenditure (CHE) per capita in US$,numeric,WPR,Western Pacific,Country,VNM,Viet Nam,Year,2006,false,,,,,,,,,,,,,46.87,,,,,,46.87,,,EN,2025-12-04T11:00:00.000Z
GHED_CHE_pc_US_SHA2011,Current health expenditure (CHE) per capita in US$,numeric,WPR,Western Pacific,Country,COK,Cook Islands,Year,2006,false,,,,,,,,,,,,,467.6,,,,,,467.61,,,EN,2025-12-04T11:00:00.000Z
GHED_CHE_pc_US_SHA2011,Current health expenditure (CHE) per capita in US$,numeric,AFR,Africa,Country,CIV,Cote d'Ivoire,Year,2006,false,,,,,,,,,,,,,47.09,,,,,,47.09,,,EN,2025-12-04T11:00:00.000Z
GHED_CHE_pc_US_SHA2011,Current health expenditure (CHE) per capita in US$,numeric,EUR,Europe,Country,DNK,Denmark,Year,2006,false,,,,,,,,,,,,,4770,,,,,,4770.14,,,EN,2025-12-04T11:00:00.000Z
GHED_CHE_pc_US_SHA2011,Current health expenditure (CHE) per capita in US$,numeric,AFR,Africa,Country,SYC,Seychelles,Year,2006,false,,,,,,,,,,,,,487.2,,,,,,487.18,,,EN,2025-12-04T11:00:00.000Z
GHED_CHE_pc_US_SHA2011,Current health expenditure (CHE) per capita in US$,numeric,AMR,Americas,Country,BRA,Brazil,Year,2006,false,,,,,,,,,,,,,489.5,,,,,,489.54,,,EN,2025-12-04T11:00:00.000Z
GHED_CHE_pc_US_SHA2011,Current health expenditure (CHE) per capita in US$,numeric,AFR,Africa,Country,GHA,Ghana,Year,2006,false,,,,,,,,,,,,,49.35,,,,,,49.35,,,EN,2025-12-04T11:00:00.000Z
GHED_CHE_pc_US_SHA2011,Current health expenditure (CHE) per capita in US$,numeric,WPR,Western Pacific,Country,MNG,Mongolia,Year,2006,false,,,,,,,,,,,,,49.53,,,,,,49.53,,,EN,2025-12-04T11:00:00.000Z
GHED_CHE_pc_US_SHA2011,Current health expenditure (CHE) per capita in US$,numeric,AFR,Africa,Country,LSO,Lesotho,Year,2006,false,,,,,,,,,,,,,49.68,,,,,,49.68,,,EN,2025-12-04T11:00:00.000Z
GHED_CHE_pc_US_SHA2011,Current health expenditure (CHE) per capita in US$,numeric,EUR,Europe,Country,AZE,Azerbaijan,Year,2006,false,,,,,,,,,,,,,49.87,,,,,,49.87,,,EN,2025-12-04T11:00:00.000Z
GHED_CHE_pc_US_SHA2011,Current health expenditure (CHE) per capita in US$,numeric,EUR,Europe,Country,ISL,Iceland,Year,2006,false,,,,,,,,,,,,,4918,,,,,,4918.23,,,EN,2025-12-04T11:00:00.000Z
GHED_CHE_pc_US_SHA2011,Current health expenditure (CHE) per capita in US$,numeric,AMR,Americas,Country,URY,Uruguay,Year,2006,false,,,,,,,,,,,,,500.7,,,,,,500.66,,,EN,2025-12-04T11:00:00.000Z
GHED_CHE_pc_US_SHA2011,Current health expenditure (CHE) per capita in US$,numeric,AMR,Americas,Country,MEX,Mexico,Year,2006,false,,,,,,,,,,,,,514.3,,,,,,514.30,,,EN,2025-12-04T11:00:00.000Z
GHED_CHE_pc_US_SHA2011,Current health expenditure (CHE) per capita in US$,numeric,EUR,Europe,Country,POL,Poland,Year,2006,false,,,,,,,,,,,,,524.1,,,,,,524.10,,,EN,2025-12-04T11:00:00.000Z
GHED_CHE_pc_US_SHA2011,Current health expenditure (CHE) per capita in US$,numeric,EMR,Eastern Mediterranean,Country,DJI,Djibouti,Year,2006,false,,,,,,,,,,,,,53.26,,,,,,53.26,,,EN,2025-12-04T11:00:00.000Z
GHED_CHE_pc_US_SHA2011,Current health expenditure (CHE) per capita in US$,numeric,WPR,Western Pacific,Country,PHL,Philippines,Year,2006,false,,,,,,,,,,,,,53.87,,,,,,53.87,,,EN,2025-12-04T11:00:00.000Z
GHED_CHE_pc_US_SHA2011,Current health expenditure (CHE) per capita in US$,numeric,EUR,Europe,Country,LTU,Lithuania,Year,2006,false,,,,,,,,,,,,,536.1,,,,,,536.06,,,EN,2025-12-04T11:00:00.000Z
GHED_CHE_pc_US_SHA2011,Current health expenditure (CHE) per capita in US$,numeric,SEAR,South-East Asia,Country,BTN,Bhutan,Year,2006,false,,,,,,,,,,,,,54.21,,,,,,54.21,,,EN,2025-12-04T11:00:00.000Z
GHED_CHE_pc_US_SHA2011,Current health expenditure (CHE) per capita in US$,numeric,EMR,Eastern Mediterranean,Country,SDN,Sudan,Year,2006,false,,,,,,,,,,,,,55.33,,,,,,55.33,,,EN,2025-12-04T11:00:00.000Z
GHED_CHE_pc_US_SHA2011,Current health expenditure (CHE) per capita in US$,numeric,EUR,Europe,Country,LVA,Latvia,Year,2006,false,,,,,,,,,,,,,552.3,,,,,,552.30,,,EN,2025-12-04T11:00:00.000Z
GHED_CHE_pc_US_SHA2011,Current health expenditure (CHE) per capita in US$,numeric,AMR,Americas,Country,BOL,Bolivia (Plurinational State of),Year,2006,false,,,,,,,,,,,,,56.06,,,,,,56.06,,,EN,2025-12-04T11:00:00.000Z
GHED_CHE_pc_US_SHA2011,Current health expenditure (CHE) per capita in US$,numeric,EMR,Eastern Mediterranean,Country,IRQ,Iraq,Year,2006,false,,,,,,,,,,,,,56.76,,,,,,56.76,,,EN,2025-12-04T11:00:00.000Z
GHED_CHE_pc_US_SHA2011,Current health expenditure (CHE) per capita in US$,numeric,AMR,Americas,Country,CHL,Chile,Year,2006,false,,,,,,,,,,,,,565.8,,,,,,565.85,,,EN,2025-12-04T11:00:00.000Z
GHED_CHE_pc_US_SHA2011,Current health expenditure (CHE) per capita in US$,numeric,EUR,Europe,Country,CHE,Switzerland,Year,2006,false,,,,,,,,,,,,,5657,,,,,,5657.28,,,EN,2025-12-04T11:00:00.000Z
GHED_CHE_pc_US_SHA2011,Current health expenditure (CHE) per capita in US$,numeric,AMR,Americas,Country,TTO,Trinidad and Tobago,Year,2006,false,,,,,,,,,,,,,568.7,,,,,,568.73,,,EN,2025-12-04T11:00:00.000Z
GHED_CHE_pc_US_SHA2011,Current health expenditure (CHE) per capita in US$,numeric,AFR,Africa,Country,STP,Sao Tome and Principe,Year,2006,false,,,,,,,,,,,,,57.2,,,,,,57.20,,,EN,2025-12-04T11:00:00.000Z
GHED_CHE_pc_US_SHA2011,Current health expenditure (CHE) per capita in US$,numeric,EMR,Eastern Mediterranean,Country,BHR,Bahrain,Year,2006,false,,,,,,,,,,,,,578.3,,,,,,578.30,,,EN,2025-12-04T11:00:00.000Z
GHED_CHE_pc_US_SHA2011,Current health expenditure (CHE) per capita in US$,numeric,AFR,Africa,Country,ZMB,Zambia,Year,2006,false,,,,,,,,,,,,,58.68,,,,,,58.68,,,EN,2025-12-04T11:00:00.000Z
GHED_CHE_pc_US_SHA2011,Current health expenditure (CHE) per capita in US$,numeric,EUR,Europe,Country,NOR,Norway,Year,2006,false,,,,,,,,,,,,,5893,,,,,,5892.99,,,EN,2025-12-04T11:00:00.000Z
GHED_CHE_pc_US_SHA2011,Current health expenditure (CHE) per capita in US$,numeric,WPR,Western Pacific,Country,NIU,Niue,Year,2006,false,,,,,,,,,,,,,5909,,,,,,5908.68,,,EN,2025-12-04T11:00:00.000Z
GHED_CHE_pc_US_SHA2011,Current health expenditure (CHE) per capita in US$,numeric,EUR,Europe,Country,LUX,Luxembourg,Year,2006,false,,,,,,,,,,,,,6071,,,,,,6070.74,,,EN,2025-12-04T11:00:00.000Z
GHED_CHE_pc_US_SHA2011,Current health expenditure (CHE) per capita in US$,numeric,WPR,Western Pacific,Country,MHL,Marshall Islands,Year,2006,false,,,,,,,,,,,,,613.3,,,,,,613.30,,,EN,2025-12-04T11:00:00.000Z
GHED_CHE_pc_US_SHA2011,Current health expenditure (CHE) per capita in US$,numeric,EUR,Europe,Country,MCO,Monaco,Year,2006,false,,,,,,,,,,,,,6147,,,,,,6146.88,,,EN,2025-12-04T11:00:00.000Z
GHED_CHE_pc_US_SHA2011,Current health expenditure (CHE) per capita in US$,numeric,EUR,Europe,Country,EST,Estonia,Year,2006,false,,,,,,,,,,,,,627.2,,,,,,627.18,,,EN,2025-12-04T11:00:00.000Z
GHED_CHE_pc_US_SHA2011,Current health expenditure (CHE) per capita in US$,numeric,SEAR,South-East Asia,Country,LKA,Sri Lanka,Year,2006,false,,,,,,,,,,,,,63.29,,,,,,63.29,,,EN,2025-12-04T11:00:00.000Z
GHED_CHE_pc_US_SHA2011,Current health expenditure (CHE) per capita in US$,numeric,AFR,Africa,Country,NGA,Nigeria,Year,2006,false,,,,,,,,,,,,,63.63,,,,,,63.63,,,EN,2025-12-04T11:00:00.000Z
GHED_CHE_pc_US_SHA2011,Current health expenditure (CHE) per capita in US$,numeric,EMR,Eastern Mediterranean,Country,SAU,Saudi Arabia,Year,2006,false,,,,,,,,,,,,,634.8,,,,,,634.82,,,EN,2025-12-04T11:00:00.000Z
GHED_CHE_pc_US_SHA2011,Current health expenditure (CHE) per capita in US$,numeric,EMR,Eastern Mediterranean,Country,SYR,Syrian Arab Republic,Year,2006,false,,,,,,,,,,,,,64.01,,,,,,64.01,,,EN,2025-12-04T11:00:00.000Z
GHED_CHE_pc_US_SHA2011,Current health expenditure (CHE) per capita in US$,numeric,AFR,Africa,Country,COM,Comoros,Year,2006,false,,,,,,,,,,,,,65.73,,,,,,65.73,,,EN,2025-12-04T11:00:00.000Z
GHED_CHE_pc_US_SHA2011,Current health expenditure (CHE) per capita in US$,numeric,EMR,Eastern Mediterranean,Country,EGY,Egypt,Year,2006,false,,,,,,,,,,,,,66.33,,,,,,66.33,,,EN,2025-12-04T11:00:00.000Z
GHED_CHE_pc_US_SHA2011,Current health expenditure (CHE) per capita in US$,numeric,WPR,Western Pacific,Country,BRN,Brunei Darussalam,Year,2006,false,,,,,,,,,,,,,664.7,,,,,,664.74,,,EN,2025-12-04T11:00:00.000Z
GHED_CHE_pc_US_SHA2011,Current health expenditure (CHE) per capita in US$,numeric,AMR,Americas,Country,ATG,Antigua and Barbuda,Year,2006,false,,,,,,,,,,,,,665.1,,,,,,665.12,,,EN,2025-12-04T11:00:00.000Z
GHED_CHE_pc_US_SHA2011,Current health expenditure (CHE) per capita in US$,numeric,WPR,Western Pacific,Country,VUT,Vanuatu,Year,2006,false,,,,,,,,,,,,,67.6,,,,,,67.60,,,EN,2025-12-04T11:00:00.000Z
GHED_CHE_pc_US_SHA2011,Current health expenditure (CHE) per capita in US$,numeric,AMR,Americas,Country,USA,United States of America,Year,2006,false,,,,,,,,,,,,,6802,,,,,,6802.48,,,EN,2025-12-04T11:00:00.000Z
GHED_CHE_pc_US_SHA2011,Current health expenditure (CHE) per capita in US$,numeric,AMR,Americas,Country,KNA,Saint Kitts and Nevis,Year,2006,false,,,,,,,,,,,,,689.4,,,,,,689.45,,,EN,2025-12-04T11:00:00.000Z
GHED_CHE_pc_US_SHA2011,Current health expenditure (CHE) per capita in US$,numeric,AFR,Africa,Country,AGO,Angola,Year,2006,false,,,,,,,,,,,,,70.28,,,,,,70.28,,,EN,2025-12-04T11:00:00.000Z
GHED_CHE_pc_US_SHA2011,Current health expenditure (CHE) per capita in US$,numeric,EUR,Europe,Country,SVK,Slovakia,Year,2006,false,,,,,,,,,,,,,729,,,,,,729.01,,,EN,2025-12-04T11:00:00.000Z
GHED_CHE_pc_US_SHA2011,Current health expenditure (CHE) per capita in US$,numeric,EMR,Eastern Mediterranean,Country,KWT,Kuwait,Year,2006,false,,,,,,,,,,,,,782.2,,,,,,782.20,,,EN,2025-12-04T11:00:00.000Z
GHED_CHE_pc_US_SHA2011,Current health expenditure (CHE) per capita in US$,numeric,AMR,Americas,Country,NIC,Nicaragua,Year,2006,false,,,,,,,,,,,,,79.35,,,,,,79.35,,,EN,2025-12-04T11:00:00.000Z
GHED_CHE_pc_US_SHA2011,Current health expenditure (CHE) per capita in US$,numeric,AFR,Africa,Country,ETH,Ethiopia,Year,2006,false,,,,,,,,,,,,,8.42,,,,,,8.42,,,EN,2025-12-04T11:00:00.000Z
GHED_CHE_pc_US_SHA2011,Current health expenditure (CHE) per capita in US$,numeric,SEAR,South-East Asia,Country,MMR,Myanmar,Year,2006,false,,,,,,,,,,,,,8.47,,,,,,8.47,,,EN,2025-12-04T11:00:00.000Z
GHED_CHE_pc_US_SHA2011,Current health expenditure (CHE) per capita in US$,numeric,EUR,Europe,Country,HRV,Croatia,Year,2006,false,,,,,,,,,,,,,815.4,,,,,,815.39,,,EN,2025-12-04T11:00:00.000Z
GHED_CHE_pc_US_SHA2011,Current health expenditure (CHE) per capita in US$,numeric,WPR,Western Pacific,Country,CHN,China,Year,2006,false,,,,,,,,,,,,,82.48,,,,,,82.48,,,EN,2025-12-04T11:00:00.000Z
GHED_CHE_pc_US_SHA2011,Current health expenditure (CHE) per capita in US$,numeric,WPR,Western Pacific,Country,PLW,Palau,Year,2006,false,,,,,,,,,,,,,852,,,,,,852.01,,,EN,2025-12-04T11:00:00.000Z
GHED_CHE_pc_US_SHA2011,Current health expenditure (CHE) per capita in US$,numeric,WPR,Western Pacific,Country,SLB,Solomon Islands,Year,2006,false,,,,,,,,,,,,,87.75,,,,,,87.75,,,EN,2025-12-04T11:00:00.000Z
GHED_CHE_pc_US_SHA2011,Current health expenditure (CHE) per capita in US$,numeric,EUR,Europe,Country,HUN,Hungary,Year,2006,false,,,,,,,,,,,,,893.2,,,,,,893.20,,,EN,2025-12-04T11:00:00.000Z
GHED_CHE_pc_US_SHA2011,Current health expenditure (CHE) per capita in US$,numeric,EUR,Europe,Country,CZE,Czechia,Year,2006,false,,,,,,,,,,,,,942.1,,,,,,942.12,,,EN,2025-12-04T11:00:00.000Z
GHED_CHE_pc_US_SHA2011,Current health expenditure (CHE) per capita in US$,numeric,AMR,Americas,Country,GUY,Guyana,Year,2006,false,,,,,,,,,,,,,98.34,,,,,,98.34,,,EN,2025-12-04T11:00:00.000Z
GHED_CHE_pc_US_SHA2011,Current health expenditure (CHE) per capita in US$,numeric,WPR,Western Pacific,Country,SGP,Singapore,Year,2006,false,,,,,,,,,,,,,989.7,,,,,,989.74,,,EN,2025-12-04T11:00:00.000Z
GHED_CHE_pc_US_SHA2011,Current health expenditure (CHE) per capita in US$,numeric,AFR,Africa,Country,DZA,Algeria,Year,2005,false,,,,,,,,,,,,,100.8,,,,,,100.84,,,EN,2025-12-04T11:00:00.000Z
GHED_CHE_pc_US_SHA2011,Current health expenditure (CHE) per capita in US$,numeric,WPR,Western Pacific,Country,TON,Tonga,Year,2005,false,,,,,,,,,,,,,108.3,,,,,,108.29,,,EN,2025-12-04T11:00:00.000Z
GHED_CHE_pc_US_SHA2011,Current health expenditure (CHE) per capita in US$,numeric,AFR,Africa,Country,BDI,Burundi,Year,2005,false,,,,,,,,,,,,,11.13,,,,,,11.13,,,EN,2025-12-04T11:00:00.000Z
GHED_CHE_pc_US_SHA2011,Current health expenditure (CHE) per capita in US$,numeric,SEAR,South-East Asia,Country,BGD,Bangladesh,Year,2005,false,,,,,,,,,,,,,11.31,,,,,,11.31,,,EN,2025-12-04T11:00:00.000Z
GHED_CHE_pc_US_SHA2011,Current health expenditure (CHE) per capita in US$,numeric,EUR,Europe,Country,UKR,Ukraine,Year,2005,false,,,,,,,,,,,,,114.6,,,,,,114.63,,,EN,2025-12-04T11:00:00.000Z
GHED_CHE_pc_US_SHA2011,Current health expenditure (CHE) per capita in US$,numeric,AMR,Americas,Country,BHS,Bahamas,Year,2005,false,,,,,,,,,,,,,1153,,,,,,1153.22,,,EN,2025-12-04T11:00:00.000Z
GHED_CHE_pc_US_SHA2011,Current health expenditure (CHE) per capita in US$,numeric,WPR,Western Pacific,Country,FJI,Fiji,Year,2005,false,,,,,,,,,,,,,120.2,,,,,,120.21,,,EN,2025-12-04T11:00:00.000Z
GHED_CHE_pc_US_SHA2011,Current health expenditure (CHE) per capita in US$,numeric,WPR,Western Pacific,Country,WSM,Samoa,Year,2005,false,,,,,,,,,,,,,121.2,,,,,,121.24,,,EN,2025-12-04T11:00:00.000Z
GHED_CHE_pc_US_SHA2011,Current health expenditure (CHE) per capita in US$,numeric,AFR,Africa,Country,GNQ,Equatorial Guinea,Year,2005,false,,,,,,,,,,,,,122.8,,,,,,122.76,,,EN,2025-12-04T11:00:00.000Z
GHED_CHE_pc_US_SHA2011,Current health expenditure (CHE) per capita in US$,numeric,AMR,Americas,Country,PER,Peru,Year,2005,false,,,,,,,,,,,,,123.3,,,,,,123.25,,,EN,2025-12-04T11:00:00.000Z
GHED_CHE_pc_US_SHA2011,Current health expenditure (CHE) per capita in US$,numeric,AFR,Africa,Country,CAF,Central African Republic,Year,2005,false,,,,,,,,,,,,,13.94,,,,,,13.94,,,EN,2025-12-04T11:00:00.000Z
GHED_CHE_pc_US_SHA2011,Current health expenditure (CHE) per capita in US$,numeric,WPR,Western Pacific,Country,KIR,Kiribati,Year,2005,false,,,,,,,,,,,,,131.9,,,,,,131.89,,,EN,2025-12-04T11:00:00.000Z
GHED_CHE_pc_US_SHA2011,Current health expenditure (CHE) per capita in US$,numeric,EUR,Europe,Country,GEO,Georgia,Year,2005,false,,,,,,,,,,,,,132.2,,,,,,132.22,,,EN,2025-12-04T11:00:00.000Z
GHED_CHE_pc_US_SHA2011,Current health expenditure (CHE) per capita in US$,numeric,AMR,Americas,Country,GTM,Guatemala,Year,2005,false,,,,,,,,,,,,,132.4,,,,,,132.42,,,EN,2025-12-04T11:00:00.000Z
GHED_CHE_pc_US_SHA2011,Current health expenditure (CHE) per capita in US$,numeric,EUR,Europe,Country,CYP,Cyprus,Year,2005,false,,,,,,,,,,,,,1366,,,,,,1366.02,,,EN,2025-12-04T11:00:00.000Z
GHED_CHE_pc_US_SHA2011,Current health expenditure (CHE) per capita in US$,numeric,EUR,Europe,Country,MLT,Malta,Year,2005,false,,,,,,,,,,,,,1378,,,,,,1378.24,,,EN,2025-12-04T11:00:00.000Z
GHED_CHE_pc_US_SHA2011,Current health expenditure (CHE) per capita in US$,numeric,EMR,Eastern Mediterranean,Country,QAT,Qatar,Year,2005,false,,,,,,,,,,,,,1386,,,,,,1386.02,,,EN,2025-12-04T11:00:00.000Z
GHED_CHE_pc_US_SHA2011,Current health expenditure (CHE) per capita in US$,numeric,EUR,Europe,Country,KAZ,Kazakhstan,Year,2005,false,,,,,,,,,,,,,139.6,,,,,,139.58,,,EN,2025-12-04T11:00:00.000Z
GHED_CHE_pc_US_SHA2011,Current health expenditure (CHE) per capita in US$,numeric,SEAR,South-East Asia,Country,NPL,Nepal,Year,2005,false,,,,,,,,,,,,,14.15,,,,,,14.15,,,EN,2025-12-04T11:00:00.000Z
GHED_CHE_pc_US_SHA2011,Current health expenditure (CHE) per capita in US$,numeric,EUR,Europe,Country,SVN,Slovenia,Year,2005,false,,,,,,,,,,,,,1449,,,,,,1449.19,,,EN,2025-12-04T11:00:00.000Z
GHED_CHE_pc_US_SHA2011,Current health expenditure (CHE) per capita in US$,numeric,EUR,Europe,Country,ALB,Albania,Year,2005,false,,,,,,,,,,,,,150,,,,,,149.98,,,EN,2025-12-04T11:00:00.000Z
GHED_CHE_pc_US_SHA2011,Current health expenditure (CHE) per capita in US$,numeric,AFR,Africa,Country,MDG,Madagascar,Year,2005,false,,,,,,,,,,,,,15.95,,,,,,15.95,,,EN,2025-12-04T11:00:00.000Z
GHED_CHE_pc_US_SHA2011,Current health expenditure (CHE) per capita in US$,numeric,EUR,Europe,Country,ISR,Israel,Year,2005,false,,,,,,,,,,,,,1509,,,,,,1509.11,,,EN,2025-12-04T11:00:00.000Z
GHED_CHE_pc_US_SHA2011,Current health expenditure (CHE) per capita in US$,numeric,EMR,Eastern Mediterranean,Country,PSE,"occupied Palestinian territory, including east Jerusalem",Year,2005,false,,,,,,,,,,,,,158.4,,,,,,158.43,,,EN,2025-12-04T11:00:00.000Z
GHED_CHE_pc_US_SHA2011,Current health expenditure (CHE) per capita in US$,numeric,WPR,Western Pacific,Country,MYS,Malaysia,Year,2005,false,,,,,,,,,,,,,162.2,,,,,,162.18,,,EN,2025-12-04T11:00:00.000Z
GHED_CHE_pc_US_SHA2011,Current health expenditure (CHE) per capita in US$,numeric,AMR,Americas,Country,DOM,Dominican Republic,Year,2005,false,,,,,,,,,,,,,168.9,,,,,,168.86,,,EN,2025-12-04T11:00:00.000Z
GHED_CHE_pc_US_SHA2011,Current health expenditure (CHE) per capita in US$,numeric,EMR,Eastern Mediterranean,Country,IRN,Iran (Islamic Republic of),Year,2005,false,,,,,,,,,,,,,169.8,,,,,,169.81,,,EN,2025-12-04T11:00:00.000Z
GHED_CHE_pc_US_SHA2011,Current health expenditure (CHE) per capita in US$,numeric,EMR,Eastern Mediterranean,Country,TUN,Tunisia,Year,2005,false,,,,,,,,,,,,,169.8,,,,,,169.85,,,EN,2025-12-04T11:00:00.000Z
GHED_CHE_pc_US_SHA2011,Current health expenditure (CHE) per capita in US$,numeric,AFR,Africa,Country,MWI,Malawi,Year,2005,false,,,,,,,,,,,,,17.24,,,,,,17.24,,,EN,2025-12-04T11:00:00.000Z
GHED_CHE_pc_US_SHA2011,Current health expenditure (CHE) per capita in US$,numeric,WPR,Western Pacific,Country,LAO,Lao People's Democratic Republic,Year,2005,false,,,,,,,,,,,,,17.33,,,,,,17.33,,,EN,2025-12-04T11:00:00.000Z
GHED_CHE_pc_US_SHA2011,Current health expenditure (CHE) per capita in US$,numeric,EUR,Europe,Country,TJK,Tajikistan,Year,2005,false,,,,,,,,,,,,,17.38,,,,,,17.38,,,EN,2025-12-04T11:00:00.000Z
GHED_CHE_pc_US_SHA2011,Current health expenditure (CHE) per capita in US$,numeric,AMR,Americas,Country,ECU,Ecuador,Year,2005,false,,,,,,,,,,,,,170.4,,,,,,170.44,,,EN,2025-12-04T11:00:00.000Z
GHED_CHE_pc_US_SHA2011,Current health expenditure (CHE) per capita in US$,numeric,AFR,Africa,Country,MOZ,Mozambique,Year,2005,false,,,,,,,,,,,,,18.41,,,,,,18.41,,,EN,2025-12-04T11:00:00.000Z
GHED_CHE_pc_US_SHA2011,Current health expenditure (CHE) per capita in US$,numeric,AFR,Africa,Country,NER,Niger,Year,2005,false,,,,,,,,,,,,,18.67,,,,,,18.67,,,EN,2025-12-04T11:00:00.000Z
GHED_CHE_pc_US_SHA2011,Current health expenditure (CHE) per capita in US$,numeric,AMR,Americas,Country,BLZ,Belize,Year,2005,false,,,,,,,,,,,,,181.2,,,,,,181.25,,,EN,2025-12-04T11:00:00.000Z
GHED_CHE_pc_US_SHA2011,Current health expenditure (CHE) per capita in US$,numeric,EUR,Europe,Country,PRT,Portugal,Year,2005,false,,,,,,,,,,,,,1814,,,,,,1814.35,,,EN,2025-12-04T11:00:00.000Z
GHED_CHE_pc_US_SHA2011,Current health expenditure (CHE) per capita in US$,numeric,EMR,Eastern Mediterranean,Country,JOR,Jordan,Year,2005,false,,,,,,,,,,,,,185,,,,,,185.03,,,EN,2025-12-04T11:00:00.000Z
GHED_CHE_pc_US_SHA2011,Current health expenditure (CHE) per capita in US$,numeric,AFR,Africa,Country,GAB,Gabon,Year,2005,false,,,,,,,,,,,,,188.9,,,,,,188.91,,,EN,2025-12-04T11:00:00.000Z
GHED_CHE_pc_US_SHA2011,Current health expenditure (CHE) per capita in US$,numeric,AFR,Africa,Country,LBR,Liberia,Year,2005,false,,,,,,,,,,,,,19.15,,,,,,19.15,,,EN,2025-12-04T11:00:00.000Z
GHED_CHE_pc_US_SHA2011,Current health expenditure (CHE) per capita in US$,numeric,EMR,Eastern Mediterranean,Country,PAK,Pakistan,Year,2005,false,,,,,,,,,,,,,19.59,,,,,,19.59,,,EN,2025-12-04T11:00:00.000Z
GHED_CHE_pc_US_SHA2011,Current health expenditure (CHE) per capita in US$,numeric,AFR,Africa,Country,GIN,Guinea,Year,2005,false,,,,,,,,,,,,,19.66,,,,,,19.66,,,EN,2025-12-04T11:00:00.000Z
GHED_CHE_pc_US_SHA2011,Current health expenditure (CHE) per capita in US$,numeric,AFR,Africa,Country,MUS,Mauritius,Year,2005,false,,,,,,,,,,,,,192.1,,,,,,192.14,,,EN,2025-12-04T11:00:00.000Z
GHED_CHE_pc_US_SHA2011,Current health expenditure (CHE) per capita in US$,numeric,EUR,Europe,Country,GRC,Greece,Year,2005,false,,,,,,,,,,,,,1935,,,,,,1935.27,,,EN,2025-12-04T11:00:00.000Z
GHED_CHE_pc_US_SHA2011,Current health expenditure (CHE) per capita in US$,numeric,EUR,Europe,Country,BLR,Belarus,Year,2005,false,,,,,,,,,,,,,196.1,,,,,,196.14,,,EN,2025-12-04T11:00:00.000Z
GHED_CHE_pc_US_SHA2011,Current health expenditure (CHE) per capita in US$,numeric,AMR,Americas,Country,VCT,Saint Vincent and the Grenadines,Year,2005,false,,,,,,,,,,,,,197.6,,,,,,197.63,,,EN,2025-12-04T11:00:00.000Z
GHED_CHE_pc_US_SHA2011,Current health expenditure (CHE) per capita in US$,numeric,EUR,Europe,Country,ESP,Spain,Year,2005,false,,,,,,,,,,,,,2074,,,,,,2074.33,,,EN,2025-12-04T11:00:00.000Z
GHED_CHE_pc_US_SHA2011,Current health expenditure (CHE) per capita in US$,numeric,AMR,Americas,Country,COL,Colombia,Year,2005,false,,,,,,,,,,,,,209.7,,,,,,209.68,,,EN,2025-12-04T11:00:00.000Z
GHED_CHE_pc_US_SHA2011,Current health expenditure (CHE) per capita in US$,numeric,EMR,Eastern Mediterranean,Country,LBY,Libya,Year,2005,false,,,,,,,,,,,,,209.9,,,,,,209.88,,,EN,2025-12-04T11:00:00.000Z
GHED_CHE_pc_US_SHA2011,Current health expenditure (CHE) per capita in US$,numeric,AFR,Africa,Country,GNB,Guinea-Bissau,Year,2005,false,,,,,,,,,,,,,21,,,,,,21.00,,,EN,2025-12-04T11:00:00.000Z
GHED_CHE_pc_US_SHA2011,Current health expenditure (CHE) per capita in US$,numeric,AFR,Africa,Country,BFA,Burkina Faso,Year,2005,false,,,,,,,,,,,,,21.34,,,,,,21.34,,,EN,2025-12-04T11:00:00.000Z
GHED_CHE_pc_US_SHA2011,Current health expenditure (CHE) per capita in US$,numeric,AFR,Africa,Country,ERI,Eritrea,Year,2005,false,,,,,,,,,,,,,21.93,,,,,,21.93,,,EN,2025-12-04T11:00:00.000Z
GHED_CHE_pc_US_SHA2011,Current health expenditure (CHE) per capita in US$,numeric,AFR,Africa,Country,SWZ,Eswatini,Year,2005,false,,,,,,,,,,,,,217.3,,,,,,217.26,,,EN,2025-12-04T11:00:00.000Z
GHED_CHE_pc_US_SHA2011,Current health expenditure (CHE) per capita in US$,numeric,AFR,Africa,Country,TGO,Togo,Year,2005,false,,,,,,,,,,,,,22.64,,,,,,22.64,,,EN,2026-04-09T12:00:00.000Z
GHED_CHE_pc_US_SHA2011,Current health expenditure (CHE) per capita in US$,numeric,AMR,Americas,Country,SLV,El Salvador,Year,2005,false,,,,,,,,,,,,,225.2,,,,,,225.17,,,EN,2025-12-04T11:00:00.000Z
GHED_CHE_pc_US_SHA2011,Current health expenditure (CHE) per capita in US$,numeric,EUR,Europe,Country,AND,Andorra,Year,2005,false,,,,,,,,,,,,,2280,,,,,,2279.53,,,EN,2025-12-04T11:00:00.000Z
GHED_CHE_pc_US_SHA2011,Current health expenditure (CHE) per capita in US$,numeric,EUR,Europe,Country,MKD,North Macedonia,Year,2005,false,,,,,,,,,,,,,229.8,,,,,,229.81,,,EN,2025-12-04T11:00:00.000Z
GHED_CHE_pc_US_SHA2011,Current health expenditure (CHE) per capita in US$,numeric,WPR,Western Pacific,Country,NZL,New Zealand,Year,2005,false,,,,,,,,,,,,,2295,,,,,,2295.37,,,EN,2025-12-04T11:00:00.000Z
GHED_CHE_pc_US_SHA2011,Current health expenditure (CHE) per capita in US$,numeric,AFR,Africa,Country,MLI,Mali,Year,2005,false,,,,,,,,,,,,,23.97,,,,,,23.97,,,EN,2025-12-04T11:00:00.000Z
GHED_CHE_pc_US_SHA2011,Current health expenditure (CHE) per capita in US$,numeric,WPR,Western Pacific,Country,TUV,Tuvalu,Year,2005,false,,,,,,,,,,,,,232,,,,,,232.03,,,EN,2025-12-04T11:00:00.000Z
GHED_CHE_pc_US_SHA2011,Current health expenditure (CHE) per capita in US$,numeric,EUR,Europe,Country,BIH,Bosnia and Herzegovina,Year,2005,false,,,,,,,,,,,,,241.6,,,,,,241.64,,,EN,2025-12-04T11:00:00.000Z
GHED_CHE_pc_US_SHA2011,Current health expenditure (CHE) per capita in US$,numeric,AMR,Americas,Country,SUR,Suriname,Year,2005,false,,,,,,,,,,,,,241.7,,,,,,241.68,,,EN,2025-12-04T11:00:00.000Z
GHED_CHE_pc_US_SHA2011,Current health expenditure (CHE) per capita in US$,numeric,AMR,Americas,Country,JAM,Jamaica,Year,2005,false,,,,,,,,,,,,,243.6,,,,,,243.58,,,EN,2025-12-04T11:00:00.000Z
GHED_CHE_pc_US_SHA2011,Current health expenditure (CHE) per capita in US$,numeric,AFR,Africa,Country,RWA,Rwanda,Year,2005,false,,,,,,,,,,,,,25.02,,,,,,25.02,,,EN,2025-12-04T11:00:00.000Z
GHED_CHE_pc_US_SHA2011,Current health expenditure (CHE) per capita in US$,numeric,EMR,Eastern Mediterranean,Country,AFG,Afghanistan,Year,2005,false,,,,,,,,,,,,,25.11,,,,,,25.11,,,EN,2025-12-04T11:00:00.000Z
GHED_CHE_pc_US_SHA2011,Current health expenditure (CHE) per capita in US$,numeric,AFR,Africa,Country,BEN,Benin,Year,2005,false,,,,,,,,,,,,,25.12,,,,,,25.12,,,EN,2025-12-04T11:00:00.000Z
GHED_CHE_pc_US_SHA2011,Current health expenditure (CHE) per capita in US$,numeric,AMR,Americas,Country,HTI,Haiti,Year,2005,false,,,,,,,,,,,,,25.26,,,,,,25.26,,,EN,2025-12-04T11:00:00.000Z
GHED_CHE_pc_US_SHA2011,Current health expenditure (CHE) per capita in US$,numeric,SEAR,South-East Asia,Country,TLS,Timor-Leste,Year,2005,false,,,,,,,,,,,,,25.73,,,,,,25.73,,,EN,2025-12-04T11:00:00.000Z
GHED_CHE_pc_US_SHA2011,Current health expenditure (CHE) per capita in US$,numeric,AFR,Africa,Country,UGA,Uganda,Year,2005,false,,,,,,,,,,,,,25.87,,,,,,25.87,,,EN,2025-12-04T11:00:00.000Z
GHED_CHE_pc_US_SHA2011,Current health expenditure (CHE) per capita in US$,numeric,EUR,Europe,Country,ROU,Romania,Year,2005,false,,,,,,,,,,,,,254.5,,,,,,254.53,,,EN,2025-12-04T11:00:00.000Z
GHED_CHE_pc_US_SHA2011,Current health expenditure (CHE) per capita in US$,numeric,AFR,Africa,Country,SLE,Sierra Leone,Year,2005,false,,,,,,,,,,,,,26.05,,,,,,26.05,,,EN,2025-12-04T11:00:00.000Z
GHED_CHE_pc_US_SHA2011,Current health expenditure (CHE) per capita in US$,numeric,AMR,Americas,Country,DMA,Dominica,Year,2005,false,,,,,,,,,,,,,263.7,,,,,,263.66,,,EN,2025-12-04T11:00:00.000Z
GHED_CHE_pc_US_SHA2011,Current health expenditure (CHE) per capita in US$,numeric,EUR,Europe,Country,ITA,Italy,Year,2005,false,,,,,,,,,,,,,2670,,,,,,2669.73,,,EN,2025-12-04T11:00:00.000Z
GHED_CHE_pc_US_SHA2011,Current health expenditure (CHE) per capita in US$,numeric,EUR,Europe,Country,BGR,Bulgaria,Year,2005,false,,,,,,,,,,,,,267.7,,,,,,267.74,,,EN,2025-12-04T11:00:00.000Z
GHED_CHE_pc_US_SHA2011,Current health expenditure (CHE) per capita in US$,numeric,SEAR,South-East Asia,Country,IND,India,Year,2005,false,,,,,,,,,,,,,27.5,,,,,,27.50,,,EN,2025-12-04T11:00:00.000Z
GHED_CHE_pc_US_SHA2011,Current health expenditure (CHE) per capita in US$,numeric,WPR,Western Pacific,Country,PNG,Papua New Guinea,Year,2005,false,,,,,,,,,,,,,27.5,,,,,,27.50,,,EN,2025-12-04T11:00:00.000Z
GHED_CHE_pc_US_SHA2011,Current health expenditure (CHE) per capita in US$,numeric,AFR,Africa,Country,TZA,United Republic of Tanzania,Year,2005,false,,,,,,,,,,,,,27.71,,,,,,27.71,,,EN,2025-12-04T11:00:00.000Z
GHED_CHE_pc_US_SHA2011,Current health expenditure (CHE) per capita in US$,numeric,EUR,Europe,Country,RUS,Russian Federation,Year,2005,false,,,,,,,,,,,,,270.1,,,,,,270.14,,,EN,2025-12-04T11:00:00.000Z
GHED_CHE_pc_US_SHA2011,Current health expenditure (CHE) per capita in US$,numeric,AFR,Africa,Country,BWA,Botswana,Year,2005,false,,,,,,,,,,,,,281.4,,,,,,281.39,,,EN,2025-12-04T11:00:00.000Z
GHED_CHE_pc_US_SHA2011,Current health expenditure (CHE) per capita in US$,numeric,WPR,Western Pacific,Country,JPN,Japan,Year,2005,false,,,,,,,,,,,,,2893,,,,,,2892.60,,,EN,2025-12-04T11:00:00.000Z
GHED_CHE_pc_US_SHA2011,Current health expenditure (CHE) per capita in US$,numeric,WPR,Western Pacific,Country,AUS,Australia,Year,2005,false,,,,,,,,,,,,,2996,,,,,,2995.87,,,EN,2025-12-04T11:00:00.000Z
GHED_CHE_pc_US_SHA2011,Current health expenditure (CHE) per capita in US$,numeric,AFR,Africa,Country,COG,Congo,Year,2005,false,,,,,,,,,,,,,30.9,,,,,,30.90,,,EN,2025-12-04T11:00:00.000Z
GHED_CHE_pc_US_SHA2011,Current health expenditure (CHE) per capita in US$,numeric,AFR,Africa,Country,KEN,Kenya,Year,2005,false,,,,,,,,,,,,,30.99,,,,,,30.99,,,EN,2025-12-04T11:00:00.000Z
GHED_CHE_pc_US_SHA2011,Current health expenditure (CHE) per capita in US$,numeric,EUR,Europe,Country,SMR,San Marino,Year,2005,false,,,,,,,,,,,,,3056,,,,,,3055.63,,,EN,2025-12-04T11:00:00.000Z
GHED_CHE_pc_US_SHA2011,Current health expenditure (CHE) per capita in US$,numeric,EUR,Europe,Country,SRB,Serbia,Year,2005,false,,,,,,,,,,,,,307.5,,,,,,307.55,,,EN,2025-12-04T11:00:00.000Z
GHED_CHE_pc_US_SHA2011,Current health expenditure (CHE) per capita in US$,numeric,AFR,Africa,Country,TCD,Chad,Year,2005,false,,,,,,,,,,,,,31.28,,,,,,31.28,,,EN,2025-12-04T11:00:00.000Z
GHED_CHE_pc_US_SHA2011,Current health expenditure (CHE) per capita in US$,numeric,AMR,Americas,Country,CRI,Costa Rica,Year,2005,false,,,,,,,,,,,,,313.5,,,,,,313.48,,,EN,2025-12-04T11:00:00.000Z
GHED_CHE_pc_US_SHA2011,Current health expenditure (CHE) per capita in US$,numeric,WPR,Western Pacific,Country,KHM,Cambodia,Year,2005,false,,,,,,,,,,,,,32.34,,,,,,32.34,,,EN,2025-12-04T11:00:00.000Z
GHED_CHE_pc_US_SHA2011,Current health expenditure (CHE) per capita in US$,numeric,EUR,Europe,Country,UZB,Uzbekistan,Year,2005,false,,,,,,,,,,,,,32.51,,,,,,32.51,,,EN,2025-12-04T11:00:00.000Z
GHED_CHE_pc_US_SHA2011,Current health expenditure (CHE) per capita in US$,numeric,AMR,Americas,Country,PAN,Panama,Year,2005,false,,,,,,,,,,,,,323.1,,,,,,323.05,,,EN,2025-12-04T11:00:00.000Z
GHED_CHE_pc_US_SHA2011,Current health expenditure (CHE) per capita in US$,numeric,EUR,Europe,Country,FIN,Finland,Year,2005,false,,,,,,,,,,,,,3237,,,,,,3236.86,,,EN,2025-12-04T11:00:00.000Z
GHED_CHE_pc_US_SHA2011,Current health expenditure (CHE) per capita in US$,numeric,EUR,Europe,Country,TKM,Turkmenistan,Year,2005,false,,,,,,,,,,,,,324.8,,,,,,324.81,,,EN,2025-12-04T11:00:00.000Z
GHED_CHE_pc_US_SHA2011,Current health expenditure (CHE) per capita in US$,numeric,AMR,Americas,Country,GRD,Grenada,Year,2005,false,,,,,,,,,,,,,326.1,,,,,,326.09,,,EN,2025-12-04T11:00:00.000Z
GHED_CHE_pc_US_SHA2011,Current health expenditure (CHE) per capita in US$,numeric,EMR,Eastern Mediterranean,Country,OMN,Oman,Year,2005,false,,,,,,,,,,,,,326.9,,,,,,326.91,,,EN,2025-12-04T11:00:00.000Z
GHED_CHE_pc_US_SHA2011,Current health expenditure (CHE) per capita in US$,numeric,AMR,Americas,Country,CAN,Canada,Year,2005,false,,,,,,,,,,,,,3268,,,,,,3268.47,,,EN,2025-12-04T11:00:00.000Z
GHED_CHE_pc_US_SHA2011,Current health expenditure (CHE) per capita in US$,numeric,WPR,Western Pacific,Country,NRU,Naoero,Year,2005,false,,,,,,,,,,,,,328.9,,,,,,328.93,,,EN,2025-12-04T11:00:00.000Z
GHED_CHE_pc_US_SHA2011,Current health expenditure (CHE) per capita in US$,numeric,AFR,Africa,Country,GMB,Gambia,Year,2005,false,,,,,,,,,,,,,33.2,,,,,,33.20,,,EN,2025-12-04T11:00:00.000Z
GHED_CHE_pc_US_SHA2011,Current health expenditure (CHE) per capita in US$,numeric,AMR,Americas,Country,CUB,Cuba,Year,2005,false,,,,,,,,,,,,,331.5,,,,,,331.50,,,EN,2025-12-04T11:00:00.000Z
GHED_CHE_pc_US_SHA2011,Current health expenditure (CHE) per capita in US$,numeric,AMR,Americas,Country,LCA,Saint Lucia,Year,2005,false,,,,,,,,,,,,,333.4,,,,,,333.37,,,EN,2025-12-04T11:00:00.000Z
GHED_CHE_pc_US_SHA2011,Current health expenditure (CHE) per capita in US$,numeric,SEAR,South-East Asia,Country,MDV,Maldives,Year,2005,false,,,,,,,,,,,,,335.1,,,,,,335.14,,,EN,2025-12-04T11:00:00.000Z
GHED_CHE_pc_US_SHA2011,Current health expenditure (CHE) per capita in US$,numeric,AFR,Africa,Country,MRT,Mauritania,Year,2005,false,,,,,,,,,,,,,34.01,,,,,,34.01,,,EN,2025-12-04T11:00:00.000Z
GHED_CHE_pc_US_SHA2011,Current health expenditure (CHE) per capita in US$,numeric,WPR,Western Pacific,Country,IDN,Indonesia,Year,2005,false,,,,,,,,,,,,,34.1,,,,,,34.10,,,EN,2025-12-04T11:00:00.000Z
GHED_CHE_pc_US_SHA2011,Current health expenditure (CHE) per capita in US$,numeric,EUR,Europe,Country,AZE,Azerbaijan,Year,2005,false,,,,,,,,,,,,,34.35,,,,,,34.35,,,EN,2025-12-04T11:00:00.000Z
GHED_CHE_pc_US_SHA2011,Current health expenditure (CHE) per capita in US$,numeric,EUR,Europe,Country,KGZ,Kyrgyzstan,Year,2005,false,,,,,,,,,,,,,34.94,,,,,,34.94,,,EN,2025-12-04T11:00:00.000Z
GHED_CHE_pc_US_SHA2011,Current health expenditure (CHE) per capita in US$,numeric,EUR,Europe,Country,BEL,Belgium,Year,2005,false,,,,,,,,,,,,,3416,,,,,,3415.65,,,EN,2025-12-04T11:00:00.000Z
GHED_CHE_pc_US_SHA2011,Current health expenditure (CHE) per capita in US$,numeric,EMR,Eastern Mediterranean,Country,LBN,Lebanon,Year,2005,false,,,,,,,,,,,,,347.4,,,,,,347.40,,,EN,2025-12-04T11:00:00.000Z
GHED_CHE_pc_US_SHA2011,Current health expenditure (CHE) per capita in US$,numeric,EUR,Europe,Country,GBR,United Kingdom of Great Britain and Northern Ireland,Year,2005,false,,,,,,,,,,,,,3528,,,,,,3528.16,,,EN,2025-12-04T11:00:00.000Z
GHED_CHE_pc_US_SHA2011,Current health expenditure (CHE) per capita in US$,numeric,EUR,Europe,Country,DEU,Germany,Year,2005,false,,,,,,,,,,,,,3545,,,,,,3544.57,,,EN,2025-12-04T11:00:00.000Z
GHED_CHE_pc_US_SHA2011,Current health expenditure (CHE) per capita in US$,numeric,EUR,Europe,Country,SWE,Sweden,Year,2005,false,,,,,,,,,,,,,3547,,,,,,3546.79,,,EN,2025-12-04T11:00:00.000Z
GHED_CHE_pc_US_SHA2011,Current health expenditure (CHE) per capita in US$,numeric,EUR,Europe,Country,TUR,Türkiye,Year,2005,false,,,,,,,,,,,,,357.4,,,,,,357.40,,,EN,2025-12-04T11:00:00.000Z
GHED_CHE_pc_US_SHA2011,Current health expenditure (CHE) per capita in US$,numeric,EUR,Europe,Country,FRA,France,Year,2005,false,,,,,,,,,,,,,3575,,,,,,3575.03,,,EN,2025-12-04T11:00:00.000Z
GHED_CHE_pc_US_SHA2011,Current health expenditure (CHE) per capita in US$,numeric,AFR,Africa,Country,SEN,Senegal,Year,2005,false,,,,,,,,,,,,,36.01,,,,,,36.01,,,EN,2025-12-04T11:00:00.000Z
GHED_CHE_pc_US_SHA2011,Current health expenditure (CHE) per capita in US$,numeric,EMR,Eastern Mediterranean,Country,SDN,Sudan,Year,2005,false,,,,,,,,,,,,,37.07,,,,,,37.07,,,EN,2025-12-04T11:00:00.000Z
GHED_CHE_pc_US_SHA2011,Current health expenditure (CHE) per capita in US$,numeric,EUR,Europe,Country,AUT,Austria,Year,2005,false,,,,,,,,,,,,,3720,,,,,,3720.02,,,EN,2025-12-04T11:00:00.000Z
GHED_CHE_pc_US_SHA2011,Current health expenditure (CHE) per capita in US$,numeric,WPR,Western Pacific,Country,MNG,Mongolia,Year,2005,false,,,,,,,,,,,,,38.04,,,,,,38.04,,,EN,2025-12-04T11:00:00.000Z
GHED_CHE_pc_US_SHA2011,Current health expenditure (CHE) per capita in US$,numeric,EMR,Eastern Mediterranean,Country,YEM,Yemen,Year,2005,false,,,,,,,,,,,,,38.27,,,,,,38.27,,,EN,2025-12-04T11:00:00.000Z
GHED_CHE_pc_US_SHA2011,Current health expenditure (CHE) per capita in US$,numeric,AFR,Africa,Country,GHA,Ghana,Year,2005,false,,,,,,,,,,,,,38.52,,,,,,38.52,,,EN,2025-12-04T11:00:00.000Z
GHED_CHE_pc_US_SHA2011,Current health expenditure (CHE) per capita in US$,numeric,WPR,Western Pacific,Country,VNM,Viet Nam,Year,2005,false,,,,,,,,,,,,,38.97,,,,,,38.97,,,EN,2025-12-04T11:00:00.000Z
GHED_CHE_pc_US_SHA2011,Current health expenditure (CHE) per capita in US$,numeric,EUR,Europe,Country,NLD,Netherlands (Kingdom of the),Year,2005,false,,,,,,,,,,,,,3823,,,,,,3823.48,,,EN,2025-12-04T11:00:00.000Z
GHED_CHE_pc_US_SHA2011,Current health expenditure (CHE) per capita in US$,numeric,AMR,Americas,Country,BRA,Brazil,Year,2005,false,,,,,,,,,,,,,387.9,,,,,,387.93,,,EN,2025-12-04T11:00:00.000Z
GHED_CHE_pc_US_SHA2011,Current health expenditure (CHE) per capita in US$,numeric,EUR,Europe,Country,IRL,Ireland,Year,2005,false,,,,,,,,,,,,,3938,,,,,,3938.19,,,EN,2025-12-04T11:00:00.000Z
GHED_CHE_pc_US_SHA2011,Current health expenditure (CHE) per capita in US$,numeric,AMR,Americas,Country,ARG,Argentina,Year,2005,false,,,,,,,,,,,,,395.6,,,,,,395.65,,,EN,2025-12-04T11:00:00.000Z
GHED_CHE_pc_US_SHA2011,Current health expenditure (CHE) per capita in US$,numeric,WPR,Western Pacific,Country,FSM,Micronesia (Federated States of),Year,2005,false,,,,,,,,,,,,,397.9,,,,,,397.92,,,EN,2025-12-04T11:00:00.000Z
GHED_CHE_pc_US_SHA2011,Current health expenditure (CHE) per capita in US$,numeric,AFR,Africa,Country,ZAF,South Africa,Year,2005,false,,,,,,,,,,,,,400.5,,,,,,400.54,,,EN,2025-12-04T11:00:00.000Z
GHED_CHE_pc_US_SHA2011,Current health expenditure (CHE) per capita in US$,numeric,AFR,Africa,Country,NAM,Namibia,Year,2005,false,,,,,,,,,,,,,402.2,,,,,,402.20,,,EN,2025-12-04T11:00:00.000Z
GHED_CHE_pc_US_SHA2011,Current health expenditure (CHE) per capita in US$,numeric,AFR,Africa,Country,LSO,Lesotho,Year,2005,false,,,,,,,,,,,,,41.67,,,,,,41.67,,,EN,2025-12-04T11:00:00.000Z
GHED_CHE_pc_US_SHA2011,Current health expenditure (CHE) per capita in US$,numeric,AFR,Africa,Country,CMR,Cameroon,Year,2005,false,,,,,,,,,,,,,43.11,,,,,,43.11,,,EN,2025-12-04T11:00:00.000Z
GHED_CHE_pc_US_SHA2011,Current health expenditure (CHE) per capita in US$,numeric,EUR,Europe,Country,LTU,Lithuania,Year,2005,false,,,,,,,,,,,,,438.9,,,,,,438.93,,,EN,2025-12-04T11:00:00.000Z
GHED_CHE_pc_US_SHA2011,Current health expenditure (CHE) per capita in US$,numeric,EUR,Europe,Country,LVA,Latvia,Year,2005,false,,,,,,,,,,,,,440.8,,,,,,440.81,,,EN,2025-12-04T11:00:00.000Z
GHED_CHE_pc_US_SHA2011,Current health expenditure (CHE) per capita in US$,numeric,EUR,Europe,Country,DNK,Denmark,Year,2005,false,,,,,,,,,,,,,4436,,,,,,4436.07,,,EN,2025-12-04T11:00:00.000Z
GHED_CHE_pc_US_SHA2011,Current health expenditure (CHE) per capita in US$,numeric,AMR,Americas,Country,URY,Uruguay,Year,2005,false,,,,,,,,,,,,,445.3,,,,,,445.28,,,EN,2025-12-04T11:00:00.000Z
GHED_CHE_pc_US_SHA2011,Current health expenditure (CHE) per capita in US$,numeric,AFR,Africa,Country,ZMB,Zambia,Year,2005,false,,,,,,,,,,,,,45,,,,,,45.00,,,EN,2025-12-04T11:00:00.000Z
GHED_CHE_pc_US_SHA2011,Current health expenditure (CHE) per capita in US$,numeric,EMR,Eastern Mediterranean,Country,DJI,Djibouti,Year,2005,false,,,,,,,,,,,,,45.13,,,,,,45.13,,,EN,2025-12-04T11:00:00.000Z
GHED_CHE_pc_US_SHA2011,Current health expenditure (CHE) per capita in US$,numeric,WPR,Western Pacific,Country,PHL,Philippines,Year,2005,false,,,,,,,,,,,,,45.68,,,,,,45.68,,,EN,2025-12-04T11:00:00.000Z
GHED_CHE_pc_US_SHA2011,Current health expenditure (CHE) per capita in US$,numeric,AFR,Africa,Country,SYC,Seychelles,Year,2005,false,,,,,,,,,,,,,457.8,,,,,,457.77,,,EN,2025-12-04T11:00:00.000Z
GHED_CHE_pc_US_SHA2011,Current health expenditure (CHE) per capita in US$,numeric,AFR,Africa,Country,CIV,Cote d'Ivoire,Year,2005,false,,,,,,,,,,,,,46.69,,,,,,46.69,,,EN,2025-12-04T11:00:00.000Z
GHED_CHE_pc_US_SHA2011,Current health expenditure (CHE) per capita in US$,numeric,SEAR,South-East Asia,Country,BTN,Bhutan,Year,2005,false,,,,,,,,,,,,,46.79,,,,,,46.79,,,EN,2025-12-04T11:00:00.000Z
GHED_CHE_pc_US_SHA2011,Current health expenditure (CHE) per capita in US$,numeric,EUR,Europe,Country,POL,Poland,Year,2005,false,,,,,,,,,,,,,465.7,,,,,,465.70,,,EN,2025-12-04T11:00:00.000Z
GHED_CHE_pc_US_SHA2011,Current health expenditure (CHE) per capita in US$,numeric,AMR,Americas,Country,MEX,Mexico,Year,2005,false,,,,,,,,,,,,,484,,,,,,483.98,,,EN,2025-12-04T11:00:00.000Z
GHED_CHE_pc_US_SHA2011,Current health expenditure (CHE) per capita in US$,numeric,WPR,Western Pacific,Country,MHL,Marshall Islands,Year,2005,false,,,,,,,,,,,,,490.6,,,,,,490.60,,,EN,2025-12-04T11:00:00.000Z
GHED_CHE_pc_US_SHA2011,Current health expenditure (CHE) per capita in US$,numeric,AMR,Americas,Country,CHL,Chile,Year,2005,false,,,,,,,,,,,,,495.6,,,,,,495.56,,,EN,2025-12-04T11:00:00.000Z
GHED_CHE_pc_US_SHA2011,Current health expenditure (CHE) per capita in US$,numeric,EUR,Europe,Country,ISL,Iceland,Year,2005,false,,,,,,,,,,,,,5080,,,,,,5079.69,,,EN,2025-12-04T11:00:00.000Z
GHED_CHE_pc_US_SHA2011,Current health expenditure (CHE) per capita in US$,numeric,AMR,Americas,Country,BOL,Bolivia (Plurinational State of),Year,2005,false,,,,,,,,,,,,,51.76,,,,,,51.76,,,EN,2025-12-04T11:00:00.000Z
GHED_CHE_pc_US_SHA2011,Current health expenditure (CHE) per capita in US$,numeric,WPR,Western Pacific,Country,COK,Cook Islands,Year,2005,false,,,,,,,,,,,,,514.3,,,,,,514.27,,,EN,2025-12-04T11:00:00.000Z
GHED_CHE_pc_US_SHA2011,Current health expenditure (CHE) per capita in US$,numeric,AFR,Africa,Country,NGA,Nigeria,Year,2005,false,,,,,,,,,,,,,52.24,,,,,,52.24,,,EN,2025-12-04T11:00:00.000Z
GHED_CHE_pc_US_SHA2011,Current health expenditure (CHE) per capita in US$,numeric,EMR,Eastern Mediterranean,Country,IRQ,Iraq,Year,2005,false,,,,,,,,,,,,,53.06,,,,,,53.06,,,EN,2025-12-04T11:00:00.000Z
GHED_CHE_pc_US_SHA2011,Current health expenditure (CHE) per capita in US$,numeric,AMR,Americas,Country,TTO,Trinidad and Tobago,Year,2005,false,,,,,,,,,,,,,530.4,,,,,,530.35,,,EN,2025-12-04T11:00:00.000Z
GHED_CHE_pc_US_SHA2011,Current health expenditure (CHE) per capita in US$,numeric,AFR,Africa,Country,AGO,Angola,Year,2005,false,,,,,,,,,,,,,54.66,,,,,,54.66,,,EN,2025-12-04T11:00:00.000Z
GHED_CHE_pc_US_SHA2011,Current health expenditure (CHE) per capita in US$,numeric,EMR,Eastern Mediterranean,Country,SAU,Saudi Arabia,Year,2005,false,,,,,,,,,,,,,545.7,,,,,,545.74,,,EN,2025-12-04T11:00:00.000Z
GHED_CHE_pc_US_SHA2011,Current health expenditure (CHE) per capita in US$,numeric,EUR,Europe,Country,EST,Estonia,Year,2005,false,,,,,,,,,,,,,549.6,,,,,,549.63,,,EN,2025-12-04T11:00:00.000Z
GHED_CHE_pc_US_SHA2011,Current health expenditure (CHE) per capita in US$,numeric,SEAR,South-East Asia,Country,LKA,Sri Lanka,Year,2005,false,,,,,,,,,,,,,55.4,,,,,,55.40,,,EN,2025-12-04T11:00:00.000Z
GHED_CHE_pc_US_SHA2011,Current health expenditure (CHE) per capita in US$,numeric,AMR,Americas,Country,KNA,Saint Kitts and Nevis,Year,2005,false,,,,,,,,,,,,,557,,,,,,556.97,,,EN,2025-12-04T11:00:00.000Z
GHED_CHE_pc_US_SHA2011,Current health expenditure (CHE) per capita in US$,numeric,EMR,Eastern Mediterranean,Country,BHR,Bahrain,Year,2005,false,,,,,,,,,,,,,558,,,,,,557.96,,,EN,2025-12-04T11:00:00.000Z
GHED_CHE_pc_US_SHA2011,Current health expenditure (CHE) per capita in US$,numeric,EUR,Europe,Country,NOR,Norway,Year,2005,false,,,,,,,,,,,,,5585,,,,,,5584.69,,,EN,2025-12-04T11:00:00.000Z
GHED_CHE_pc_US_SHA2011,Current health expenditure (CHE) per capita in US$,numeric,EUR,Europe,Country,CHE,Switzerland,Year,2005,false,,,,,,,,,,,,,5661,,,,,,5661.17,,,EN,2025-12-04T11:00:00.000Z
GHED_CHE_pc_US_SHA2011,Current health expenditure (CHE) per capita in US$,numeric,EUR,Europe,Country,LUX,Luxembourg,Year,2005,false,,,,,,,,,,,,,5818,,,,,,5818.15,,,EN,2025-12-04T11:00:00.000Z
GHED_CHE_pc_US_SHA2011,Current health expenditure (CHE) per capita in US$,numeric,EUR,Europe,Country,MCO,Monaco,Year,2005,false,,,,,,,,,,,,,5878,,,,,,5878.01,,,EN,2025-12-04T11:00:00.000Z
GHED_CHE_pc_US_SHA2011,Current health expenditure (CHE) per capita in US$,numeric,EMR,Eastern Mediterranean,Country,EGY,Egypt,Year,2005,false,,,,,,,,,,,,,59.47,,,,,,59.47,,,EN,2025-12-04T11:00:00.000Z
GHED_CHE_pc_US_SHA2011,Current health expenditure (CHE) per capita in US$,numeric,AFR,Africa,Country,ETH,Ethiopia,Year,2005,false,,,,,,,,,,,,,6.48,,,,,,6.48,,,EN,2025-12-04T11:00:00.000Z
GHED_CHE_pc_US_SHA2011,Current health expenditure (CHE) per capita in US$,numeric,EUR,Europe,Country,SVK,Slovakia,Year,2005,false,,,,,,,,,,,,,601.3,,,,,,601.31,,,EN,2025-12-04T11:00:00.000Z
GHED_CHE_pc_US_SHA2011,Current health expenditure (CHE) per capita in US$,numeric,WPR,Western Pacific,Country,VUT,Vanuatu,Year,2005,false,,,,,,,,,,,,,61.93,,,,,,61.93,,,EN,2025-12-04T11:00:00.000Z
GHED_CHE_pc_US_SHA2011,Current health expenditure (CHE) per capita in US$,numeric,EMR,Eastern Mediterranean,Country,SYR,Syrian Arab Republic,Year,2005,false,,,,,,,,,,,,,62.29,,,,,,62.29,,,EN,2025-12-04T11:00:00.000Z
GHED_CHE_pc_US_SHA2011,Current health expenditure (CHE) per capita in US$,numeric,AMR,Americas,Country,ATG,Antigua and Barbuda,Year,2005,false,,,,,,,,,,,,,641.3,,,,,,641.32,,,EN,2025-12-04T11:00:00.000Z
GHED_CHE_pc_US_SHA2011,Current health expenditure (CHE) per capita in US$,numeric,AMR,Americas,Country,USA,United States of America,Year,2005,false,,,,,,,,,,,,,6429,,,,,,6428.60,,,EN,2025-12-04T11:00:00.000Z
GHED_CHE_pc_US_SHA2011,Current health expenditure (CHE) per capita in US$,numeric,WPR,Western Pacific,Country,BRN,Brunei Darussalam,Year,2005,false,,,,,,,,,,,,,657.3,,,,,,657.32,,,EN,2025-12-04T11:00:00.000Z
GHED_CHE_pc_US_SHA2011,Current health expenditure (CHE) per capita in US$,numeric,AFR,Africa,Country,COM,Comoros,Year,2005,false,,,,,,,,,,,,,67.8,,,,,,67.80,,,EN,2025-12-04T11:00:00.000Z
GHED_CHE_pc_US_SHA2011,Current health expenditure (CHE) per capita in US$,numeric,SEAR,South-East Asia,Country,MMR,Myanmar,Year,2005,false,,,,,,,,,,,,,7.65,,,,,,7.65,,,EN,2025-12-04T11:00:00.000Z
GHED_CHE_pc_US_SHA2011,Current health expenditure (CHE) per capita in US$,numeric,EUR,Europe,Country,HRV,Croatia,Year,2005,false,,,,,,,,,,,,,726.6,,,,,,726.61,,,EN,2025-12-04T11:00:00.000Z
GHED_CHE_pc_US_SHA2011,Current health expenditure (CHE) per capita in US$,numeric,EMR,Eastern Mediterranean,Country,KWT,Kuwait,Year,2005,false,,,,,,,,,,,,,727.3,,,,,,727.25,,,EN,2025-12-04T11:00:00.000Z
GHED_CHE_pc_US_SHA2011,Current health expenditure (CHE) per capita in US$,numeric,WPR,Western Pacific,Country,CHN,China,Year,2005,false,,,,,,,,,,,,,73,,,,,,73.00,,,EN,2025-12-04T11:00:00.000Z
GHED_CHE_pc_US_SHA2011,Current health expenditure (CHE) per capita in US$,numeric,AMR,Americas,Country,NIC,Nicaragua,Year,2005,false,,,,,,,,,,,,,73.66,,,,,,73.66,,,EN,2025-12-04T11:00:00.000Z
GHED_CHE_pc_US_SHA2011,Current health expenditure (CHE) per capita in US$,numeric,EUR,Europe,Country,MDA,Republic of Moldova,Year,2005,false,,,,,,,,,,,,,79.33,,,,,,79.33,,,EN,2025-12-04T11:00:00.000Z
GHED_CHE_pc_US_SHA2011,Current health expenditure (CHE) per capita in US$,numeric,AFR,Africa,Country,COD,Democratic Republic of the Congo,Year,2005,false,,,,,,,,,,,,,8.55,,,,,,8.55,,,EN,2025-12-04T11:00:00.000Z
GHED_CHE_pc_US_SHA2011,Current health expenditure (CHE) per capita in US$,numeric,AFR,Africa,Country,STP,Sao Tome and Principe,Year,2005,false,,,,,,,,,,,,,80.13,,,,,,80.13,,,EN,2025-12-04T11:00:00.000Z
GHED_CHE_pc_US_SHA2011,Current health expenditure (CHE) per capita in US$,numeric,WPR,Western Pacific,Country,PLW,Palau,Year,2005,false,,,,,,,,,,,,,810.1,,,,,,810.10,,,EN,2025-12-04T11:00:00.000Z
GHED_CHE_pc_US_SHA2011,Current health expenditure (CHE) per capita in US$,numeric,AMR,Americas,Country,GUY,Guyana,Year,2005,false,,,,,,,,,,,,,85.36,,,,,,85.36,,,EN,2025-12-04T11:00:00.000Z
GHED_CHE_pc_US_SHA2011,Current health expenditure (CHE) per capita in US$,numeric,EUR,Europe,Country,CZE,Czechia,Year,2005,false,,,,,,,,,,,,,852.7,,,,,,852.65,,,EN,2025-12-04T11:00:00.000Z
GHED_CHE_pc_US_SHA2011,Current health expenditure (CHE) per capita in US$,numeric,WPR,Western Pacific,Country,NIU,Niue,Year,2005,false,,,,,,,,,,,,,873.1,,,,,,873.14,,,EN,2025-12-04T11:00:00.000Z
GHED_CHE_pc_US_SHA2011,Current health expenditure (CHE) per capita in US$,numeric,WPR,Western Pacific,Country,SLB,Solomon Islands,Year,2005,false,,,,,,,,,,,,,89.03,,,,,,89.03,,,EN,2025-12-04T11:00:00.000Z
GHED_CHE_pc_US_SHA2011,Current health expenditure (CHE) per capita in US$,numeric,EUR,Europe,Country,HUN,Hungary,Year,2005,false,,,,,,,,,,,,,895.2,,,,,,895.20,,,EN,2025-12-04T11:00:00.000Z
GHED_CHE_pc_US_SHA2011,Current health expenditure (CHE) per capita in US$,numeric,EMR,Eastern Mediterranean,Country,ARE,United Arab Emirates,Year,2005,false,,,,,,,,,,,,,898.4,,,,,,898.36,,,EN,2025-12-04T11:00:00.000Z
GHED_CHE_pc_US_SHA2011,Current health expenditure (CHE) per capita in US$,numeric,SEAR,South-East Asia,Country,THA,Thailand,Year,2005,false,,,,,,,,,,,,,90.61,,,,,,90.61,,,EN,2025-12-04T11:00:00.000Z
GHED_CHE_pc_US_SHA2011,Current health expenditure (CHE) per capita in US$,numeric,WPR,Western Pacific,Country,SGP,Singapore,Year,2005,false,,,,,,,,,,,,,908.4,,,,,,908.38,,,EN,2025-12-04T11:00:00.000Z
GHED_CHE_pc_US_SHA2011,Current health expenditure (CHE) per capita in US$,numeric,WPR,Western Pacific,Country,KOR,Republic of Korea,Year,2005,false,,,,,,,,,,,,,944.6,,,,,,944.55,,,EN,2025-12-04T11:00:00.000Z
GHED_CHE_pc_US_SHA2011,Current health expenditure (CHE) per capita in US$,numeric,AMR,Americas,Country,PRY,Paraguay,Year,2005,false,,,,,,,,,,,,,95.18,,,,,,95.18,,,EN,2025-12-04T11:00:00.000Z
GHED_CHE_pc_US_SHA2011,Current health expenditure (CHE) per capita in US$,numeric,EUR,Europe,Country,ARM,Armenia,Year,2005,false,,,,,,,,,,,,,95.55,,,,,,95.55,,,EN,2025-12-04T11:00:00.000Z
GHED_CHE_pc_US_SHA2011,Current health expenditure (CHE) per capita in US$,numeric,AFR,Africa,Country,CPV,Cabo Verde,Year,2005,false,,,,,,,,,,,,,96.09,,,,,,96.09,,,EN,2025-12-04T11:00:00.000Z
GHED_CHE_pc_US_SHA2011,Current health expenditure (CHE) per capita in US$,numeric,AMR,Americas,Country,BRB,Barbados,Year,2005,false,,,,,,,,,,,,,963.1,,,,,,963.08,,,EN,2025-12-04T11:00:00.000Z
GHED_CHE_pc_US_SHA2011,Current health expenditure (CHE) per capita in US$,numeric,EMR,Eastern Mediterranean,Country,MAR,Morocco,Year,2005,false,,,,,,,,,,,,,97.2,,,,,,97.20,,,EN,2025-12-04T11:00:00.000Z
GHED_CHE_pc_US_SHA2011,Current health expenditure (CHE) per capita in US$,numeric,AMR,Americas,Country,HND,Honduras,Year,2005,false,,,,,,,,,,,,,97.86,,,,,,97.86,,,EN,2025-12-04T11:00:00.000Z
GHED_CHE_pc_US_SHA2011,Current health expenditure (CHE) per capita in US$,numeric,SEAR,South-East Asia,Country,BGD,Bangladesh,Year,2004,false,,,,,,,,,,,,,10.79,,,,,,10.79,,,EN,2025-12-04T11:00:00.000Z
GHED_CHE_pc_US_SHA2011,Current health expenditure (CHE) per capita in US$,numeric,WPR,Western Pacific,Country,TON,Tonga,Year,2004,false,,,,,,,,,,,,,102.7,,,,,,102.70,,,EN,2025-12-04T11:00:00.000Z
GHED_CHE_pc_US_SHA2011,Current health expenditure (CHE) per capita in US$,numeric,WPR,Western Pacific,Country,WSM,Samoa,Year,2004,false,,,,,,,,,,,,,104.4,,,,,,104.43,,,EN,2025-12-04T11:00:00.000Z
GHED_CHE_pc_US_SHA2011,Current health expenditure (CHE) per capita in US$,numeric,AFR,Africa,Country,GNQ,Equatorial Guinea,Year,2004,false,,,,,,,,,,,,,104.5,,,,,,104.55,,,EN,2025-12-04T11:00:00.000Z
GHED_CHE_pc_US_SHA2011,Current health expenditure (CHE) per capita in US$,numeric,EUR,Europe,Country,GEO,Georgia,Year,2004,false,,,,,,,,,,,,,105.1,,,,,,105.10,,,EN,2025-12-04T11:00:00.000Z
GHED_CHE_pc_US_SHA2011,Current health expenditure (CHE) per capita in US$,numeric,AMR,Americas,Country,DOM,Dominican Republic,Year,2004,false,,,,,,,,,,,,,105.1,,,,,,105.12,,,EN,2025-12-04T11:00:00.000Z
GHED_CHE_pc_US_SHA2011,Current health expenditure (CHE) per capita in US$,numeric,AMR,Americas,Country,PER,Peru,Year,2004,false,,,,,,,,,,,,,105.2,,,,,,105.17,,,EN,2025-12-04T11:00:00.000Z
GHED_CHE_pc_US_SHA2011,Current health expenditure (CHE) per capita in US$,numeric,AMR,Americas,Country,BHS,Bahamas,Year,2004,false,,,,,,,,,,,,,1078,,,,,,1078.31,,,EN,2025-12-04T11:00:00.000Z
GHED_CHE_pc_US_SHA2011,Current health expenditure (CHE) per capita in US$,numeric,EUR,Europe,Country,KAZ,Kazakhstan,Year,2004,false,,,,,,,,,,,,,108.4,,,,,,108.44,,,EN,2025-12-04T11:00:00.000Z
GHED_CHE_pc_US_SHA2011,Current health expenditure (CHE) per capita in US$,numeric,WPR,Western Pacific,Country,NIU,Niue,Year,2004,false,,,,,,,,,,,,,1093,,,,,,1092.93,,,EN,2025-12-04T11:00:00.000Z
GHED_CHE_pc_US_SHA2011,Current health expenditure (CHE) per capita in US$,numeric,WPR,Western Pacific,Country,FJI,Fiji,Year,2004,false,,,,,,,,,,,,,110.1,,,,,,110.07,,,EN,2025-12-04T11:00:00.000Z
GHED_CHE_pc_US_SHA2011,Current health expenditure (CHE) per capita in US$,numeric,SEAR,South-East Asia,Country,NPL,Nepal,Year,2004,false,,,,,,,,,,,,,12.92,,,,,,12.92,,,EN,2025-12-04T11:00:00.000Z
GHED_CHE_pc_US_SHA2011,Current health expenditure (CHE) per capita in US$,numeric,AFR,Africa,Country,CAF,Central African Republic,Year,2004,false,,,,,,,,,,,,,12.97,,,,,,12.97,,,EN,2025-12-04T11:00:00.000Z
GHED_CHE_pc_US_SHA2011,Current health expenditure (CHE) per capita in US$,numeric,AMR,Americas,Country,GTM,Guatemala,Year,2004,false,,,,,,,,,,,,,122.2,,,,,,122.16,,,EN,2025-12-04T11:00:00.000Z
GHED_CHE_pc_US_SHA2011,Current health expenditure (CHE) per capita in US$,numeric,EUR,Europe,Country,MLT,Malta,Year,2004,false,,,,,,,,,,,,,1227,,,,,,1227.29,,,EN,2025-12-04T11:00:00.000Z
GHED_CHE_pc_US_SHA2011,Current health expenditure (CHE) per capita in US$,numeric,EMR,Eastern Mediterranean,Country,QAT,Qatar,Year,2004,false,,,,,,,,,,,,,1262,,,,,,1261.62,,,EN,2025-12-04T11:00:00.000Z
GHED_CHE_pc_US_SHA2011,Current health expenditure (CHE) per capita in US$,numeric,EUR,Europe,Country,CYP,Cyprus,Year,2004,false,,,,,,,,,,,,,1287,,,,,,1286.97,,,EN,2025-12-04T11:00:00.000Z
GHED_CHE_pc_US_SHA2011,Current health expenditure (CHE) per capita in US$,numeric,WPR,Western Pacific,Country,KIR,Kiribati,Year,2004,false,,,,,,,,,,,,,132.3,,,,,,132.29,,,EN,2025-12-04T11:00:00.000Z
GHED_CHE_pc_US_SHA2011,Current health expenditure (CHE) per capita in US$,numeric,EUR,Europe,Country,ALB,Albania,Year,2004,false,,,,,,,,,,,,,136.5,,,,,,136.51,,,EN,2025-12-04T11:00:00.000Z
GHED_CHE_pc_US_SHA2011,Current health expenditure (CHE) per capita in US$,numeric,EUR,Europe,Country,SVN,Slovenia,Year,2004,false,,,,,,,,,,,,,1369,,,,,,1368.65,,,EN,2025-12-04T11:00:00.000Z
GHED_CHE_pc_US_SHA2011,Current health expenditure (CHE) per capita in US$,numeric,EMR,Eastern Mediterranean,Country,IRN,Iran (Islamic Republic of),Year,2004,false,,,,,,,,,,,,,139.8,,,,,,139.76,,,EN,2025-12-04T11:00:00.000Z
GHED_CHE_pc_US_SHA2011,Current health expenditure (CHE) per capita in US$,numeric,AFR,Africa,Country,NER,Niger,Year,2004,false,,,,,,,,,,,,,14.06,,,,,,14.06,,,EN,2025-12-04T11:00:00.000Z
GHED_CHE_pc_US_SHA2011,Current health expenditure (CHE) per capita in US$,numeric,AFR,Africa,Country,MOZ,Mozambique,Year,2004,false,,,,,,,,,,,,,14.12,,,,,,14.12,,,EN,2025-12-04T11:00:00.000Z
GHED_CHE_pc_US_SHA2011,Current health expenditure (CHE) per capita in US$,numeric,AFR,Africa,Country,MDG,Madagascar,Year,2004,false,,,,,,,,,,,,,14.29,,,,,,14.29,,,EN,2025-12-04T11:00:00.000Z
GHED_CHE_pc_US_SHA2011,Current health expenditure (CHE) per capita in US$,numeric,EUR,Europe,Country,TJK,Tajikistan,Year,2004,false,,,,,,,,,,,,,14.65,,,,,,14.65,,,EN,2025-12-04T11:00:00.000Z
GHED_CHE_pc_US_SHA2011,Current health expenditure (CHE) per capita in US$,numeric,EUR,Europe,Country,BLR,Belarus,Year,2004,false,,,,,,,,,,,,,141,,,,,,141.00,,,EN,2025-12-04T11:00:00.000Z
GHED_CHE_pc_US_SHA2011,Current health expenditure (CHE) per capita in US$,numeric,EUR,Europe,Country,ISR,Israel,Year,2004,false,,,,,,,,,,,,,1439,,,,,,1438.99,,,EN,2025-12-04T11:00:00.000Z
GHED_CHE_pc_US_SHA2011,Current health expenditure (CHE) per capita in US$,numeric,EMR,Eastern Mediterranean,Country,PAK,Pakistan,Year,2004,false,,,,,,,,,,,,,15.54,,,,,,15.54,,,EN,2025-12-04T11:00:00.000Z
GHED_CHE_pc_US_SHA2011,Current health expenditure (CHE) per capita in US$,numeric,AFR,Africa,Country,MWI,Malawi,Year,2004,false,,,,,,,,,,,,,15.94,,,,,,15.94,,,EN,2025-12-04T11:00:00.000Z
GHED_CHE_pc_US_SHA2011,Current health expenditure (CHE) per capita in US$,numeric,EMR,Eastern Mediterranean,Country,PSE,"occupied Palestinian territory, including east Jerusalem",Year,2004,false,,,,,,,,,,,,,150.7,,,,,,150.73,,,EN,2025-12-04T11:00:00.000Z
GHED_CHE_pc_US_SHA2011,Current health expenditure (CHE) per capita in US$,numeric,AMR,Americas,Country,ECU,Ecuador,Year,2004,false,,,,,,,,,,,,,152.1,,,,,,152.11,,,EN,2025-12-04T11:00:00.000Z
GHED_CHE_pc_US_SHA2011,Current health expenditure (CHE) per capita in US$,numeric,WPR,Western Pacific,Country,MYS,Malaysia,Year,2004,false,,,,,,,,,,,,,153.9,,,,,,153.86,,,EN,2025-12-04T11:00:00.000Z
GHED_CHE_pc_US_SHA2011,Current health expenditure (CHE) per capita in US$,numeric,AMR,Americas,Country,COL,Colombia,Year,2004,false,,,,,,,,,,,,,159.6,,,,,,159.61,,,EN,2025-12-04T11:00:00.000Z
GHED_CHE_pc_US_SHA2011,Current health expenditure (CHE) per capita in US$,numeric,WPR,Western Pacific,Country,LAO,Lao People's Democratic Republic,Year,2004,false,,,,,,,,,,,,,16.23,,,,,,16.23,,,EN,2025-12-04T11:00:00.000Z
GHED_CHE_pc_US_SHA2011,Current health expenditure (CHE) per capita in US$,numeric,AFR,Africa,Country,LBR,Liberia,Year,2004,false,,,,,,,,,,,,,16.78,,,,,,16.78,,,EN,2025-12-04T11:00:00.000Z
GHED_CHE_pc_US_SHA2011,Current health expenditure (CHE) per capita in US$,numeric,EMR,Eastern Mediterranean,Country,TUN,Tunisia,Year,2004,false,,,,,,,,,,,,,167.3,,,,,,167.28,,,EN,2025-12-04T11:00:00.000Z
GHED_CHE_pc_US_SHA2011,Current health expenditure (CHE) per capita in US$,numeric,EUR,Europe,Country,PRT,Portugal,Year,2004,false,,,,,,,,,,,,,1724,,,,,,1723.74,,,EN,2025-12-04T11:00:00.000Z
GHED_CHE_pc_US_SHA2011,Current health expenditure (CHE) per capita in US$,numeric,EMR,Eastern Mediterranean,Country,JOR,Jordan,Year,2004,false,,,,,,,,,,,,,175,,,,,,175.04,,,EN,2025-12-04T11:00:00.000Z
GHED_CHE_pc_US_SHA2011,Current health expenditure (CHE) per capita in US$,numeric,AFR,Africa,Country,SWZ,Eswatini,Year,2004,false,,,,,,,,,,,,,175.9,,,,,,175.90,,,EN,2025-12-04T11:00:00.000Z
GHED_CHE_pc_US_SHA2011,Current health expenditure (CHE) per capita in US$,numeric,AMR,Americas,Country,BLZ,Belize,Year,2004,false,,,,,,,,,,,,,176.3,,,,,,176.27,,,EN,2025-12-04T11:00:00.000Z
GHED_CHE_pc_US_SHA2011,Current health expenditure (CHE) per capita in US$,numeric,EUR,Europe,Country,GRC,Greece,Year,2004,false,,,,,,,,,,,,,1783,,,,,,1782.70,,,EN,2025-12-04T11:00:00.000Z
GHED_CHE_pc_US_SHA2011,Current health expenditure (CHE) per capita in US$,numeric,AFR,Africa,Country,GNB,Guinea-Bissau,Year,2004,false,,,,,,,,,,,,,18.42,,,,,,18.42,,,EN,2025-12-04T11:00:00.000Z
GHED_CHE_pc_US_SHA2011,Current health expenditure (CHE) per capita in US$,numeric,AFR,Africa,Country,UGA,Uganda,Year,2004,false,,,,,,,,,,,,,18.61,,,,,,18.61,,,EN,2025-12-04T11:00:00.000Z
GHED_CHE_pc_US_SHA2011,Current health expenditure (CHE) per capita in US$,numeric,AFR,Africa,Country,GAB,Gabon,Year,2004,false,,,,,,,,,,,,,183.9,,,,,,183.92,,,EN,2025-12-04T11:00:00.000Z
GHED_CHE_pc_US_SHA2011,Current health expenditure (CHE) per capita in US$,numeric,AFR,Africa,Country,MUS,Mauritius,Year,2004,false,,,,,,,,,,,,,184.7,,,,,,184.74,,,EN,2025-12-04T11:00:00.000Z
GHED_CHE_pc_US_SHA2011,Current health expenditure (CHE) per capita in US$,numeric,AMR,Americas,Country,SLV,El Salvador,Year,2004,false,,,,,,,,,,,,,185.8,,,,,,185.83,,,EN,2025-12-04T11:00:00.000Z
GHED_CHE_pc_US_SHA2011,Current health expenditure (CHE) per capita in US$,numeric,AMR,Americas,Country,VCT,Saint Vincent and the Grenadines,Year,2004,false,,,,,,,,,,,,,188.4,,,,,,188.44,,,EN,2025-12-04T11:00:00.000Z
GHED_CHE_pc_US_SHA2011,Current health expenditure (CHE) per capita in US$,numeric,EUR,Europe,Country,ROU,Romania,Year,2004,false,,,,,,,,,,,,,190.8,,,,,,190.80,,,EN,2025-12-04T11:00:00.000Z
GHED_CHE_pc_US_SHA2011,Current health expenditure (CHE) per capita in US$,numeric,EUR,Europe,Country,ESP,Spain,Year,2004,false,,,,,,,,,,,,,1932,,,,,,1932.21,,,EN,2025-12-04T11:00:00.000Z
GHED_CHE_pc_US_SHA2011,Current health expenditure (CHE) per capita in US$,numeric,WPR,Western Pacific,Country,NZL,New Zealand,Year,2004,false,,,,,,,,,,,,,1982,,,,,,1981.97,,,EN,2025-12-04T11:00:00.000Z
GHED_CHE_pc_US_SHA2011,Current health expenditure (CHE) per capita in US$,numeric,AFR,Africa,Country,TGO,Togo,Year,2004,false,,,,,,,,,,,,,20.09,,,,,,20.09,,,EN,2026-04-09T12:00:00.000Z
GHED_CHE_pc_US_SHA2011,Current health expenditure (CHE) per capita in US$,numeric,AFR,Africa,Country,RWA,Rwanda,Year,2004,false,,,,,,,,,,,,,20.23,,,,,,20.23,,,EN,2025-12-04T11:00:00.000Z
GHED_CHE_pc_US_SHA2011,Current health expenditure (CHE) per capita in US$,numeric,SEAR,South-East Asia,Country,TLS,Timor-Leste,Year,2004,false,,,,,,,,,,,,,20.23,,,,,,20.23,,,EN,2025-12-04T11:00:00.000Z
GHED_CHE_pc_US_SHA2011,Current health expenditure (CHE) per capita in US$,numeric,EMR,Eastern Mediterranean,Country,LBY,Libya,Year,2004,false,,,,,,,,,,,,,200.8,,,,,,200.84,,,EN,2025-12-04T11:00:00.000Z
GHED_CHE_pc_US_SHA2011,Current health expenditure (CHE) per capita in US$,numeric,EUR,Europe,Country,AND,Andorra,Year,2004,false,,,,,,,,,,,,,2060,,,,,,2060.27,,,EN,2025-12-04T11:00:00.000Z
GHED_CHE_pc_US_SHA2011,Current health expenditure (CHE) per capita in US$,numeric,EUR,Europe,Country,RUS,Russian Federation,Year,2004,false,,,,,,,,,,,,,207.6,,,,,,207.61,,,EN,2025-12-04T11:00:00.000Z
GHED_CHE_pc_US_SHA2011,Current health expenditure (CHE) per capita in US$,numeric,AFR,Africa,Country,BFA,Burkina Faso,Year,2004,false,,,,,,,,,,,,,21.12,,,,,,21.12,,,EN,2025-12-04T11:00:00.000Z
GHED_CHE_pc_US_SHA2011,Current health expenditure (CHE) per capita in US$,numeric,EMR,Eastern Mediterranean,Country,AFG,Afghanistan,Year,2004,false,,,,,,,,,,,,,21.42,,,,,,21.42,,,EN,2025-12-04T11:00:00.000Z
GHED_CHE_pc_US_SHA2011,Current health expenditure (CHE) per capita in US$,numeric,AFR,Africa,Country,MLI,Mali,Year,2004,false,,,,,,,,,,,,,21.72,,,,,,21.72,,,EN,2025-12-04T11:00:00.000Z
GHED_CHE_pc_US_SHA2011,Current health expenditure (CHE) per capita in US$,numeric,AMR,Americas,Country,SUR,Suriname,Year,2004,false,,,,,,,,,,,,,212.5,,,,,,212.51,,,EN,2025-12-04T11:00:00.000Z
GHED_CHE_pc_US_SHA2011,Current health expenditure (CHE) per capita in US$,numeric,WPR,Western Pacific,Country,NRU,Naoero,Year,2004,false,,,,,,,,,,,,,216.2,,,,,,216.24,,,EN,2025-12-04T11:00:00.000Z
GHED_CHE_pc_US_SHA2011,Current health expenditure (CHE) per capita in US$,numeric,WPR,Western Pacific,Country,TUV,Tuvalu,Year,2004,false,,,,,,,,,,,,,216.7,,,,,,216.72,,,EN,2025-12-04T11:00:00.000Z
GHED_CHE_pc_US_SHA2011,Current health expenditure (CHE) per capita in US$,numeric,AMR,Americas,Country,JAM,Jamaica,Year,2004,false,,,,,,,,,,,,,222.3,,,,,,222.27,,,EN,2025-12-04T11:00:00.000Z
GHED_CHE_pc_US_SHA2011,Current health expenditure (CHE) per capita in US$,numeric,EUR,Europe,Country,BIH,Bosnia and Herzegovina,Year,2004,false,,,,,,,,,,,,,222.3,,,,,,222.28,,,EN,2025-12-04T11:00:00.000Z
GHED_CHE_pc_US_SHA2011,Current health expenditure (CHE) per capita in US$,numeric,AFR,Africa,Country,SLE,Sierra Leone,Year,2004,false,,,,,,,,,,,,,23.03,,,,,,23.03,,,EN,2025-12-04T11:00:00.000Z
GHED_CHE_pc_US_SHA2011,Current health expenditure (CHE) per capita in US$,numeric,AFR,Africa,Country,ERI,Eritrea,Year,2004,false,,,,,,,,,,,,,23.16,,,,,,23.16,,,EN,2025-12-04T11:00:00.000Z
GHED_CHE_pc_US_SHA2011,Current health expenditure (CHE) per capita in US$,numeric,AFR,Africa,Country,TZA,United Republic of Tanzania,Year,2004,false,,,,,,,,,,,,,23.45,,,,,,23.45,,,EN,2025-12-04T11:00:00.000Z
GHED_CHE_pc_US_SHA2011,Current health expenditure (CHE) per capita in US$,numeric,AFR,Africa,Country,GHA,Ghana,Year,2004,false,,,,,,,,,,,,,23.57,,,,,,23.57,,,EN,2025-12-04T11:00:00.000Z
GHED_CHE_pc_US_SHA2011,Current health expenditure (CHE) per capita in US$,numeric,EUR,Europe,Country,MKD,North Macedonia,Year,2004,false,,,,,,,,,,,,,230.7,,,,,,230.68,,,EN,2025-12-04T11:00:00.000Z
GHED_CHE_pc_US_SHA2011,Current health expenditure (CHE) per capita in US$,numeric,AMR,Americas,Country,CUB,Cuba,Year,2004,false,,,,,,,,,,,,,232.2,,,,,,232.23,,,EN,2025-12-04T11:00:00.000Z
GHED_CHE_pc_US_SHA2011,Current health expenditure (CHE) per capita in US$,numeric,EUR,Europe,Country,BGR,Bulgaria,Year,2004,false,,,,,,,,,,,,,233.1,,,,,,233.11,,,EN,2025-12-04T11:00:00.000Z
GHED_CHE_pc_US_SHA2011,Current health expenditure (CHE) per capita in US$,numeric,AMR,Americas,Country,HTI,Haiti,Year,2004,false,,,,,,,,,,,,,24.04,,,,,,24.04,,,EN,2025-12-04T11:00:00.000Z
GHED_CHE_pc_US_SHA2011,Current health expenditure (CHE) per capita in US$,numeric,AFR,Africa,Country,BEN,Benin,Year,2004,false,,,,,,,,,,,,,24.53,,,,,,24.53,,,EN,2025-12-04T11:00:00.000Z
GHED_CHE_pc_US_SHA2011,Current health expenditure (CHE) per capita in US$,numeric,SEAR,South-East Asia,Country,IND,India,Year,2004,false,,,,,,,,,,,,,24.92,,,,,,24.92,,,EN,2025-12-04T11:00:00.000Z
GHED_CHE_pc_US_SHA2011,Current health expenditure (CHE) per capita in US$,numeric,WPR,Western Pacific,Country,PNG,Papua New Guinea,Year,2004,false,,,,,,,,,,,,,25.74,,,,,,25.74,,,EN,2025-12-04T11:00:00.000Z
GHED_CHE_pc_US_SHA2011,Current health expenditure (CHE) per capita in US$,numeric,WPR,Western Pacific,Country,IDN,Indonesia,Year,2004,false,,,,,,,,,,,,,25.98,,,,,,25.98,,,EN,2025-12-04T11:00:00.000Z
GHED_CHE_pc_US_SHA2011,Current health expenditure (CHE) per capita in US$,numeric,AMR,Americas,Country,DMA,Dominica,Year,2004,false,,,,,,,,,,,,,253.7,,,,,,253.71,,,EN,2025-12-04T11:00:00.000Z
GHED_CHE_pc_US_SHA2011,Current health expenditure (CHE) per capita in US$,numeric,EUR,Europe,Country,ITA,Italy,Year,2004,false,,,,,,,,,,,,,2560,,,,,,2560.46,,,EN,2025-12-04T11:00:00.000Z
GHED_CHE_pc_US_SHA2011,Current health expenditure (CHE) per capita in US$,numeric,WPR,Western Pacific,Country,FSM,Micronesia (Federated States of),Year,2004,false,,,,,,,,,,,,,258,,,,,,257.99,,,EN,2025-12-04T11:00:00.000Z
GHED_CHE_pc_US_SHA2011,Current health expenditure (CHE) per capita in US$,numeric,EUR,Europe,Country,KGZ,Kyrgyzstan,Year,2004,false,,,,,,,,,,,,,26.37,,,,,,26.37,,,EN,2025-12-04T11:00:00.000Z
GHED_CHE_pc_US_SHA2011,Current health expenditure (CHE) per capita in US$,numeric,AFR,Africa,Country,GIN,Guinea,Year,2004,false,,,,,,,,,,,,,26.41,,,,,,26.41,,,EN,2025-12-04T11:00:00.000Z
GHED_CHE_pc_US_SHA2011,Current health expenditure (CHE) per capita in US$,numeric,EUR,Europe,Country,AZE,Azerbaijan,Year,2004,false,,,,,,,,,,,,,27.19,,,,,,27.19,,,EN,2025-12-04T11:00:00.000Z
GHED_CHE_pc_US_SHA2011,Current health expenditure (CHE) per capita in US$,numeric,AFR,Africa,Country,COG,Congo,Year,2004,false,,,,,,,,,,,,,27.5,,,,,,27.50,,,EN,2025-12-04T11:00:00.000Z
GHED_CHE_pc_US_SHA2011,Current health expenditure (CHE) per capita in US$,numeric,AFR,Africa,Country,KEN,Kenya,Year,2004,false,,,,,,,,,,,,,27.65,,,,,,27.65,,,EN,2025-12-04T11:00:00.000Z
GHED_CHE_pc_US_SHA2011,Current health expenditure (CHE) per capita in US$,numeric,AFR,Africa,Country,TCD,Chad,Year,2004,false,,,,,,,,,,,,,27.75,,,,,,27.75,,,EN,2025-12-04T11:00:00.000Z
GHED_CHE_pc_US_SHA2011,Current health expenditure (CHE) per capita in US$,numeric,EUR,Europe,Country,SRB,Serbia,Year,2004,false,,,,,,,,,,,,,274.5,,,,,,274.46,,,EN,2025-12-04T11:00:00.000Z
GHED_CHE_pc_US_SHA2011,Current health expenditure (CHE) per capita in US$,numeric,WPR,Western Pacific,Country,AUS,Australia,Year,2004,false,,,,,,,,,,,,,2744,,,,,,2744.08,,,EN,2025-12-04T11:00:00.000Z
GHED_CHE_pc_US_SHA2011,Current health expenditure (CHE) per capita in US$,numeric,EUR,Europe,Country,UZB,Uzbekistan,Year,2004,false,,,,,,,,,,,,,28.02,,,,,,28.02,,,EN,2025-12-04T11:00:00.000Z
GHED_CHE_pc_US_SHA2011,Current health expenditure (CHE) per capita in US$,numeric,WPR,Western Pacific,Country,KHM,Cambodia,Year,2004,false,,,,,,,,,,,,,28.81,,,,,,28.81,,,EN,2025-12-04T11:00:00.000Z
GHED_CHE_pc_US_SHA2011,Current health expenditure (CHE) per capita in US$,numeric,WPR,Western Pacific,Country,JPN,Japan,Year,2004,false,,,,,,,,,,,,,2885,,,,,,2884.67,,,EN,2025-12-04T11:00:00.000Z
GHED_CHE_pc_US_SHA2011,Current health expenditure (CHE) per capita in US$,numeric,AMR,Americas,Country,CAN,Canada,Year,2004,false,,,,,,,,,,,,,2896,,,,,,2896.19,,,EN,2025-12-04T11:00:00.000Z
GHED_CHE_pc_US_SHA2011,Current health expenditure (CHE) per capita in US$,numeric,EMR,Eastern Mediterranean,Country,SDN,Sudan,Year,2004,false,,,,,,,,,,,,,29.3,,,,,,29.30,,,EN,2025-12-04T11:00:00.000Z
GHED_CHE_pc_US_SHA2011,Current health expenditure (CHE) per capita in US$,numeric,AFR,Africa,Country,ZMB,Zambia,Year,2004,false,,,,,,,,,,,,,29.99,,,,,,29.99,,,EN,2025-12-04T11:00:00.000Z
GHED_CHE_pc_US_SHA2011,Current health expenditure (CHE) per capita in US$,numeric,EUR,Europe,Country,TUR,Türkiye,Year,2004,false,,,,,,,,,,,,,292.7,,,,,,292.65,,,EN,2025-12-04T11:00:00.000Z
GHED_CHE_pc_US_SHA2011,Current health expenditure (CHE) per capita in US$,numeric,AMR,Americas,Country,CRI,Costa Rica,Year,2004,false,,,,,,,,,,,,,293.8,,,,,,293.78,,,EN,2025-12-04T11:00:00.000Z
GHED_CHE_pc_US_SHA2011,Current health expenditure (CHE) per capita in US$,numeric,AMR,Americas,Country,GRD,Grenada,Year,2004,false,,,,,,,,,,,,,294.1,,,,,,294.12,,,EN,2025-12-04T11:00:00.000Z
GHED_CHE_pc_US_SHA2011,Current health expenditure (CHE) per capita in US$,numeric,EUR,Europe,Country,SMR,San Marino,Year,2004,false,,,,,,,,,,,,,2959,,,,,,2958.88,,,EN,2025-12-04T11:00:00.000Z
GHED_CHE_pc_US_SHA2011,Current health expenditure (CHE) per capita in US$,numeric,AFR,Africa,Country,BWA,Botswana,Year,2004,false,,,,,,,,,,,,,297.3,,,,,,297.25,,,EN,2025-12-04T11:00:00.000Z
GHED_CHE_pc_US_SHA2011,Current health expenditure (CHE) per capita in US$,numeric,AMR,Americas,Country,BRA,Brazil,Year,2004,false,,,,,,,,,,,,,297.7,,,,,,297.68,,,EN,2025-12-04T11:00:00.000Z
GHED_CHE_pc_US_SHA2011,Current health expenditure (CHE) per capita in US$,numeric,EUR,Europe,Country,TKM,Turkmenistan,Year,2004,false,,,,,,,,,,,,,302.9,,,,,,302.86,,,EN,2025-12-04T11:00:00.000Z
GHED_CHE_pc_US_SHA2011,Current health expenditure (CHE) per capita in US$,numeric,AMR,Americas,Country,ARG,Argentina,Year,2004,false,,,,,,,,,,,,,303.3,,,,,,303.32,,,EN,2025-12-04T11:00:00.000Z
GHED_CHE_pc_US_SHA2011,Current health expenditure (CHE) per capita in US$,numeric,SEAR,South-East Asia,Country,MDV,Maldives,Year,2004,false,,,,,,,,,,,,,304.6,,,,,,304.59,,,EN,2025-12-04T11:00:00.000Z
GHED_CHE_pc_US_SHA2011,Current health expenditure (CHE) per capita in US$,numeric,EUR,Europe,Country,FIN,Finland,Year,2004,false,,,,,,,,,,,,,3044,,,,,,3044.12,,,EN,2025-12-04T11:00:00.000Z
GHED_CHE_pc_US_SHA2011,Current health expenditure (CHE) per capita in US$,numeric,EMR,Eastern Mediterranean,Country,OMN,Oman,Year,2004,false,,,,,,,,,,,,,306.4,,,,,,306.43,,,EN,2025-12-04T11:00:00.000Z
GHED_CHE_pc_US_SHA2011,Current health expenditure (CHE) per capita in US$,numeric,AMR,Americas,Country,LCA,Saint Lucia,Year,2004,false,,,,,,,,,,,,,309.4,,,,,,309.42,,,EN,2025-12-04T11:00:00.000Z
GHED_CHE_pc_US_SHA2011,Current health expenditure (CHE) per capita in US$,numeric,AFR,Africa,Country,MRT,Mauritania,Year,2004,false,,,,,,,,,,,,,31.47,,,,,,31.47,,,EN,2025-12-04T11:00:00.000Z
GHED_CHE_pc_US_SHA2011,Current health expenditure (CHE) per capita in US$,numeric,WPR,Western Pacific,Country,VNM,Viet Nam,Year,2004,false,,,,,,,,,,,,,31.98,,,,,,31.98,,,EN,2025-12-04T11:00:00.000Z
GHED_CHE_pc_US_SHA2011,Current health expenditure (CHE) per capita in US$,numeric,AFR,Africa,Country,GMB,Gambia,Year,2004,false,,,,,,,,,,,,,32.16,,,,,,32.16,,,EN,2025-12-04T11:00:00.000Z
GHED_CHE_pc_US_SHA2011,Current health expenditure (CHE) per capita in US$,numeric,WPR,Western Pacific,Country,PHL,Philippines,Year,2004,false,,,,,,,,,,,,,33.5,,,,,,33.50,,,EN,2025-12-04T11:00:00.000Z
GHED_CHE_pc_US_SHA2011,Current health expenditure (CHE) per capita in US$,numeric,WPR,Western Pacific,Country,MNG,Mongolia,Year,2004,false,,,,,,,,,,,,,33.7,,,,,,33.70,,,EN,2025-12-04T11:00:00.000Z
GHED_CHE_pc_US_SHA2011,Current health expenditure (CHE) per capita in US$,numeric,EUR,Europe,Country,BEL,Belgium,Year,2004,false,,,,,,,,,,,,,3322,,,,,,3322.29,,,EN,2025-12-04T11:00:00.000Z
GHED_CHE_pc_US_SHA2011,Current health expenditure (CHE) per capita in US$,numeric,EUR,Europe,Country,GBR,United Kingdom of Great Britain and Northern Ireland,Year,2004,false,,,,,,,,,,,,,3362,,,,,,3361.66,,,EN,2025-12-04T11:00:00.000Z
GHED_CHE_pc_US_SHA2011,Current health expenditure (CHE) per capita in US$,numeric,EMR,Eastern Mediterranean,Country,YEM,Yemen,Year,2004,false,,,,,,,,,,,,,34.62,,,,,,34.62,,,EN,2025-12-04T11:00:00.000Z
GHED_CHE_pc_US_SHA2011,Current health expenditure (CHE) per capita in US$,numeric,AMR,Americas,Country,PAN,Panama,Year,2004,false,,,,,,,,,,,,,344.4,,,,,,344.41,,,EN,2025-12-04T11:00:00.000Z
GHED_CHE_pc_US_SHA2011,Current health expenditure (CHE) per capita in US$,numeric,EUR,Europe,Country,DEU,Germany,Year,2004,false,,,,,,,,,,,,,3447,,,,,,3447.27,,,EN,2025-12-04T11:00:00.000Z
GHED_CHE_pc_US_SHA2011,Current health expenditure (CHE) per capita in US$,numeric,EUR,Europe,Country,FRA,France,Year,2004,false,,,,,,,,,,,,,3459,,,,,,3458.63,,,EN,2025-12-04T11:00:00.000Z
GHED_CHE_pc_US_SHA2011,Current health expenditure (CHE) per capita in US$,numeric,EUR,Europe,Country,IRL,Ireland,Year,2004,false,,,,,,,,,,,,,3483,,,,,,3483.16,,,EN,2025-12-04T11:00:00.000Z
GHED_CHE_pc_US_SHA2011,Current health expenditure (CHE) per capita in US$,numeric,EUR,Europe,Country,SWE,Sweden,Year,2004,false,,,,,,,,,,,,,3489,,,,,,3488.66,,,EN,2025-12-04T11:00:00.000Z
GHED_CHE_pc_US_SHA2011,Current health expenditure (CHE) per capita in US$,numeric,EUR,Europe,Country,AUT,Austria,Year,2004,false,,,,,,,,,,,,,3607,,,,,,3606.78,,,EN,2025-12-04T11:00:00.000Z
GHED_CHE_pc_US_SHA2011,Current health expenditure (CHE) per capita in US$,numeric,AFR,Africa,Country,ZAF,South Africa,Year,2004,false,,,,,,,,,,,,,362.3,,,,,,362.29,,,EN,2025-12-04T11:00:00.000Z
GHED_CHE_pc_US_SHA2011,Current health expenditure (CHE) per capita in US$,numeric,WPR,Western Pacific,Country,MHL,Marshall Islands,Year,2004,false,,,,,,,,,,,,,363.4,,,,,,363.40,,,EN,2025-12-04T11:00:00.000Z
GHED_CHE_pc_US_SHA2011,Current health expenditure (CHE) per capita in US$,numeric,EUR,Europe,Country,LTU,Lithuania,Year,2004,false,,,,,,,,,,,,,367,,,,,,366.96,,,EN,2025-12-04T11:00:00.000Z
GHED_CHE_pc_US_SHA2011,Current health expenditure (CHE) per capita in US$,numeric,EMR,Eastern Mediterranean,Country,LBN,Lebanon,Year,2004,false,,,,,,,,,,,,,368,,,,,,368.01,,,EN,2025-12-04T11:00:00.000Z
GHED_CHE_pc_US_SHA2011,Current health expenditure (CHE) per capita in US$,numeric,EUR,Europe,Country,NLD,Netherlands (Kingdom of the),Year,2004,false,,,,,,,,,,,,,3689,,,,,,3689.46,,,EN,2025-12-04T11:00:00.000Z
GHED_CHE_pc_US_SHA2011,Current health expenditure (CHE) per capita in US$,numeric,AFR,Africa,Country,NAM,Namibia,Year,2004,false,,,,,,,,,,,,,373.5,,,,,,373.46,,,EN,2025-12-04T11:00:00.000Z
GHED_CHE_pc_US_SHA2011,Current health expenditure (CHE) per capita in US$,numeric,AMR,Americas,Country,URY,Uruguay,Year,2004,false,,,,,,,,,,,,,375.9,,,,,,375.94,,,EN,2025-12-04T11:00:00.000Z
GHED_CHE_pc_US_SHA2011,Current health expenditure (CHE) per capita in US$,numeric,EUR,Europe,Country,POL,Poland,Year,2004,false,,,,,,,,,,,,,392,,,,,,392.00,,,EN,2025-12-04T11:00:00.000Z
GHED_CHE_pc_US_SHA2011,Current health expenditure (CHE) per capita in US$,numeric,EUR,Europe,Country,LVA,Latvia,Year,2004,false,,,,,,,,,,,,,393.3,,,,,,393.30,,,EN,2025-12-04T11:00:00.000Z
GHED_CHE_pc_US_SHA2011,Current health expenditure (CHE) per capita in US$,numeric,EMR,Eastern Mediterranean,Country,DJI,Djibouti,Year,2004,false,,,,,,,,,,,,,40.05,,,,,,40.05,,,EN,2025-12-04T11:00:00.000Z
GHED_CHE_pc_US_SHA2011,Current health expenditure (CHE) per capita in US$,numeric,AFR,Africa,Country,LSO,Lesotho,Year,2004,false,,,,,,,,,,,,,41.19,,,,,,41.19,,,EN,2025-12-04T11:00:00.000Z
GHED_CHE_pc_US_SHA2011,Current health expenditure (CHE) per capita in US$,numeric,AFR,Africa,Country,SEN,Senegal,Year,2004,false,,,,,,,,,,,,,41.94,,,,,,41.94,,,EN,2025-12-04T11:00:00.000Z
GHED_CHE_pc_US_SHA2011,Current health expenditure (CHE) per capita in US$,numeric,EUR,Europe,Country,DNK,Denmark,Year,2004,false,,,,,,,,,,,,,4189,,,,,,4189.47,,,EN,2025-12-04T11:00:00.000Z
GHED_CHE_pc_US_SHA2011,Current health expenditure (CHE) per capita in US$,numeric,AFR,Africa,Country,CMR,Cameroon,Year,2004,false,,,,,,,,,,,,,42.25,,,,,,42.25,,,EN,2025-12-04T11:00:00.000Z
GHED_CHE_pc_US_SHA2011,Current health expenditure (CHE) per capita in US$,numeric,AFR,Africa,Country,NGA,Nigeria,Year,2004,false,,,,,,,,,,,,,42.82,,,,,,42.82,,,EN,2025-12-04T11:00:00.000Z
GHED_CHE_pc_US_SHA2011,Current health expenditure (CHE) per capita in US$,numeric,AMR,Americas,Country,CHL,Chile,Year,2004,false,,,,,,,,,,,,,423,,,,,,422.96,,,EN,2025-12-04T11:00:00.000Z
GHED_CHE_pc_US_SHA2011,Current health expenditure (CHE) per capita in US$,numeric,AMR,Americas,Country,TTO,Trinidad and Tobago,Year,2004,false,,,,,,,,,,,,,431.4,,,,,,431.37,,,EN,2025-12-04T11:00:00.000Z
GHED_CHE_pc_US_SHA2011,Current health expenditure (CHE) per capita in US$,numeric,WPR,Western Pacific,Country,COK,Cook Islands,Year,2004,false,,,,,,,,,,,,,440.4,,,,,,440.38,,,EN,2025-12-04T11:00:00.000Z
GHED_CHE_pc_US_SHA2011,Current health expenditure (CHE) per capita in US$,numeric,EUR,Europe,Country,ISL,Iceland,Year,2004,false,,,,,,,,,,,,,4414,,,,,,4414.23,,,EN,2025-12-04T11:00:00.000Z
GHED_CHE_pc_US_SHA2011,Current health expenditure (CHE) per capita in US$,numeric,AFR,Africa,Country,SYC,Seychelles,Year,2004,false,,,,,,,,,,,,,444.2,,,,,,444.25,,,EN,2025-12-04T11:00:00.000Z
GHED_CHE_pc_US_SHA2011,Current health expenditure (CHE) per capita in US$,numeric,AMR,Americas,Country,MEX,Mexico,Year,2004,false,,,,,,,,,,,,,446.1,,,,,,446.14,,,EN,2025-12-04T11:00:00.000Z
GHED_CHE_pc_US_SHA2011,Current health expenditure (CHE) per capita in US$,numeric,SEAR,South-East Asia,Country,BTN,Bhutan,Year,2004,false,,,,,,,,,,,,,46.06,,,,,,46.06,,,EN,2025-12-04T11:00:00.000Z
GHED_CHE_pc_US_SHA2011,Current health expenditure (CHE) per capita in US$,numeric,AMR,Americas,Country,BOL,Bolivia (Plurinational State of),Year,2004,false,,,,,,,,,,,,,46.35,,,,,,46.35,,,EN,2025-12-04T11:00:00.000Z
GHED_CHE_pc_US_SHA2011,Current health expenditure (CHE) per capita in US$,numeric,AFR,Africa,Country,CIV,Cote d'Ivoire,Year,2004,false,,,,,,,,,,,,,47.05,,,,,,47.05,,,EN,2025-12-04T11:00:00.000Z
GHED_CHE_pc_US_SHA2011,Current health expenditure (CHE) per capita in US$,numeric,EMR,Eastern Mediterranean,Country,SAU,Saudi Arabia,Year,2004,false,,,,,,,,,,,,,471.5,,,,,,471.46,,,EN,2025-12-04T11:00:00.000Z
GHED_CHE_pc_US_SHA2011,Current health expenditure (CHE) per capita in US$,numeric,EUR,Europe,Country,EST,Estonia,Year,2004,false,,,,,,,,,,,,,474.5,,,,,,474.51,,,EN,2025-12-04T11:00:00.000Z
GHED_CHE_pc_US_SHA2011,Current health expenditure (CHE) per capita in US$,numeric,SEAR,South-East Asia,Country,LKA,Sri Lanka,Year,2004,false,,,,,,,,,,,,,49.15,,,,,,49.15,,,EN,2025-12-04T11:00:00.000Z
GHED_CHE_pc_US_SHA2011,Current health expenditure (CHE) per capita in US$,numeric,AMR,Americas,Country,KNA,Saint Kitts and Nevis,Year,2004,false,,,,,,,,,,,,,491.6,,,,,,491.63,,,EN,2025-12-04T11:00:00.000Z
GHED_CHE_pc_US_SHA2011,Current health expenditure (CHE) per capita in US$,numeric,AFR,Africa,Country,ETH,Ethiopia,Year,2004,false,,,,,,,,,,,,,5.74,,,,,,5.74,,,EN,2025-12-04T11:00:00.000Z
GHED_CHE_pc_US_SHA2011,Current health expenditure (CHE) per capita in US$,numeric,AFR,Africa,Country,AGO,Angola,Year,2004,false,,,,,,,,,,,,,50.23,,,,,,50.23,,,EN,2025-12-04T11:00:00.000Z
GHED_CHE_pc_US_SHA2011,Current health expenditure (CHE) per capita in US$,numeric,EMR,Eastern Mediterranean,Country,EGY,Egypt,Year,2004,false,,,,,,,,,,,,,50.33,,,,,,50.33,,,EN,2025-12-04T11:00:00.000Z
GHED_CHE_pc_US_SHA2011,Current health expenditure (CHE) per capita in US$,numeric,EUR,Europe,Country,NOR,Norway,Year,2004,false,,,,,,,,,,,,,5097,,,,,,5097.34,,,EN,2025-12-04T11:00:00.000Z
GHED_CHE_pc_US_SHA2011,Current health expenditure (CHE) per capita in US$,numeric,EMR,Eastern Mediterranean,Country,IRQ,Iraq,Year,2004,false,,,,,,,,,,,,,51.82,,,,,,51.82,,,EN,2025-12-04T11:00:00.000Z
GHED_CHE_pc_US_SHA2011,Current health expenditure (CHE) per capita in US$,numeric,EUR,Europe,Country,SVK,Slovakia,Year,2004,false,,,,,,,,,,,,,511.5,,,,,,511.53,,,EN,2025-12-04T11:00:00.000Z
GHED_CHE_pc_US_SHA2011,Current health expenditure (CHE) per capita in US$,numeric,EMR,Eastern Mediterranean,Country,BHR,Bahrain,Year,2004,false,,,,,,,,,,,,,527.8,,,,,,527.83,,,EN,2025-12-04T11:00:00.000Z
GHED_CHE_pc_US_SHA2011,Current health expenditure (CHE) per capita in US$,numeric,EUR,Europe,Country,CHE,Switzerland,Year,2004,false,,,,,,,,,,,,,5593,,,,,,5593.48,,,EN,2025-12-04T11:00:00.000Z
GHED_CHE_pc_US_SHA2011,Current health expenditure (CHE) per capita in US$,numeric,EUR,Europe,Country,LUX,Luxembourg,Year,2004,false,,,,,,,,,,,,,5610,,,,,,5610.35,,,EN,2025-12-04T11:00:00.000Z
GHED_CHE_pc_US_SHA2011,Current health expenditure (CHE) per capita in US$,numeric,EUR,Europe,Country,MCO,Monaco,Year,2004,false,,,,,,,,,,,,,5682,,,,,,5681.51,,,EN,2025-12-04T11:00:00.000Z
GHED_CHE_pc_US_SHA2011,Current health expenditure (CHE) per capita in US$,numeric,AMR,Americas,Country,ATG,Antigua and Barbuda,Year,2004,false,,,,,,,,,,,,,597.7,,,,,,597.75,,,EN,2025-12-04T11:00:00.000Z
GHED_CHE_pc_US_SHA2011,Current health expenditure (CHE) per capita in US$,numeric,EMR,Eastern Mediterranean,Country,SYR,Syrian Arab Republic,Year,2004,false,,,,,,,,,,,,,60.2,,,,,,60.20,,,EN,2025-12-04T11:00:00.000Z
GHED_CHE_pc_US_SHA2011,Current health expenditure (CHE) per capita in US$,numeric,AMR,Americas,Country,USA,United States of America,Year,2004,false,,,,,,,,,,,,,6072,,,,,,6071.84,,,EN,2025-12-04T11:00:00.000Z
GHED_CHE_pc_US_SHA2011,Current health expenditure (CHE) per capita in US$,numeric,WPR,Western Pacific,Country,VUT,Vanuatu,Year,2004,false,,,,,,,,,,,,,62.81,,,,,,62.81,,,EN,2025-12-04T11:00:00.000Z
GHED_CHE_pc_US_SHA2011,Current health expenditure (CHE) per capita in US$,numeric,WPR,Western Pacific,Country,BRN,Brunei Darussalam,Year,2004,false,,,,,,,,,,,,,630.7,,,,,,630.73,,,EN,2025-12-04T11:00:00.000Z
GHED_CHE_pc_US_SHA2011,Current health expenditure (CHE) per capita in US$,numeric,EUR,Europe,Country,HRV,Croatia,Year,2004,false,,,,,,,,,,,,,634,,,,,,633.98,,,EN,2025-12-04T11:00:00.000Z
GHED_CHE_pc_US_SHA2011,Current health expenditure (CHE) per capita in US$,numeric,WPR,Western Pacific,Country,CHN,China,Year,2004,false,,,,,,,,,,,,,64.28,,,,,,64.28,,,EN,2025-12-04T11:00:00.000Z
GHED_CHE_pc_US_SHA2011,Current health expenditure (CHE) per capita in US$,numeric,EUR,Europe,Country,MDA,Republic of Moldova,Year,2004,false,,,,,,,,,,,,,64.61,,,,,,64.61,,,EN,2025-12-04T11:00:00.000Z
GHED_CHE_pc_US_SHA2011,Current health expenditure (CHE) per capita in US$,numeric,WPR,Western Pacific,Country,SLB,Solomon Islands,Year,2004,false,,,,,,,,,,,,,64.72,,,,,,64.72,,,EN,2025-12-04T11:00:00.000Z
GHED_CHE_pc_US_SHA2011,Current health expenditure (CHE) per capita in US$,numeric,EMR,Eastern Mediterranean,Country,KWT,Kuwait,Year,2004,false,,,,,,,,,,,,,649.4,,,,,,649.43,,,EN,2025-12-04T11:00:00.000Z
GHED_CHE_pc_US_SHA2011,Current health expenditure (CHE) per capita in US$,numeric,AMR,Americas,Country,NIC,Nicaragua,Year,2004,false,,,,,,,,,,,,,66.55,,,,,,66.55,,,EN,2025-12-04T11:00:00.000Z
GHED_CHE_pc_US_SHA2011,Current health expenditure (CHE) per capita in US$,numeric,SEAR,South-East Asia,Country,MMR,Myanmar,Year,2004,false,,,,,,,,,,,,,7.02,,,,,,7.02,,,EN,2025-12-04T11:00:00.000Z
GHED_CHE_pc_US_SHA2011,Current health expenditure (CHE) per capita in US$,numeric,AFR,Africa,Country,COD,Democratic Republic of the Congo,Year,2004,false,,,,,,,,,,,,,7.83,,,,,,7.83,,,EN,2025-12-04T11:00:00.000Z
GHED_CHE_pc_US_SHA2011,Current health expenditure (CHE) per capita in US$,numeric,AFR,Africa,Country,COM,Comoros,Year,2004,false,,,,,,,,,,,,,70.62,,,,,,70.62,,,EN,2025-12-04T11:00:00.000Z
GHED_CHE_pc_US_SHA2011,Current health expenditure (CHE) per capita in US$,numeric,AFR,Africa,Country,STP,Sao Tome and Principe,Year,2004,false,,,,,,,,,,,,,71.06,,,,,,71.06,,,EN,2025-12-04T11:00:00.000Z
GHED_CHE_pc_US_SHA2011,Current health expenditure (CHE) per capita in US$,numeric,EUR,Europe,Country,ARM,Armenia,Year,2004,false,,,,,,,,,,,,,71.65,,,,,,71.65,,,EN,2025-12-04T11:00:00.000Z
GHED_CHE_pc_US_SHA2011,Current health expenditure (CHE) per capita in US$,numeric,AMR,Americas,Country,GUY,Guyana,Year,2004,false,,,,,,,,,,,,,74.69,,,,,,74.69,,,EN,2025-12-04T11:00:00.000Z
GHED_CHE_pc_US_SHA2011,Current health expenditure (CHE) per capita in US$,numeric,EUR,Europe,Country,CZE,Czechia,Year,2004,false,,,,,,,,,,,,,746.3,,,,,,746.33,,,EN,2025-12-04T11:00:00.000Z
GHED_CHE_pc_US_SHA2011,Current health expenditure (CHE) per capita in US$,numeric,WPR,Western Pacific,Country,KOR,Republic of Korea,Year,2004,false,,,,,,,,,,,,,764.5,,,,,,764.49,,,EN,2025-12-04T11:00:00.000Z
GHED_CHE_pc_US_SHA2011,Current health expenditure (CHE) per capita in US$,numeric,WPR,Western Pacific,Country,PLW,Palau,Year,2004,false,,,,,,,,,,,,,765.1,,,,,,765.05,,,EN,2025-12-04T11:00:00.000Z
GHED_CHE_pc_US_SHA2011,Current health expenditure (CHE) per capita in US$,numeric,EUR,Europe,Country,HUN,Hungary,Year,2004,false,,,,,,,,,,,,,798.5,,,,,,798.45,,,EN,2025-12-04T11:00:00.000Z
GHED_CHE_pc_US_SHA2011,Current health expenditure (CHE) per capita in US$,numeric,AFR,Africa,Country,BDI,Burundi,Year,2004,false,,,,,,,,,,,,,8.88,,,,,,8.88,,,EN,2025-12-04T11:00:00.000Z
GHED_CHE_pc_US_SHA2011,Current health expenditure (CHE) per capita in US$,numeric,SEAR,South-East Asia,Country,THA,Thailand,Year,2004,false,,,,,,,,,,,,,82.92,,,,,,82.92,,,EN,2025-12-04T11:00:00.000Z
GHED_CHE_pc_US_SHA2011,Current health expenditure (CHE) per capita in US$,numeric,EMR,Eastern Mediterranean,Country,ARE,United Arab Emirates,Year,2004,false,,,,,,,,,,,,,821.7,,,,,,821.75,,,EN,2025-12-04T11:00:00.000Z
GHED_CHE_pc_US_SHA2011,Current health expenditure (CHE) per capita in US$,numeric,EUR,Europe,Country,UKR,Ukraine,Year,2004,false,,,,,,,,,,,,,83.24,,,,,,83.24,,,EN,2025-12-04T11:00:00.000Z
GHED_CHE_pc_US_SHA2011,Current health expenditure (CHE) per capita in US$,numeric,AMR,Americas,Country,HND,Honduras,Year,2004,false,,,,,,,,,,,,,83.3,,,,,,83.30,,,EN,2025-12-04T11:00:00.000Z
GHED_CHE_pc_US_SHA2011,Current health expenditure (CHE) per capita in US$,numeric,WPR,Western Pacific,Country,SGP,Singapore,Year,2004,false,,,,,,,,,,,,,868.4,,,,,,868.44,,,EN,2025-12-04T11:00:00.000Z
GHED_CHE_pc_US_SHA2011,Current health expenditure (CHE) per capita in US$,numeric,AMR,Americas,Country,PRY,Paraguay,Year,2004,false,,,,,,,,,,,,,88.1,,,,,,88.10,,,EN,2025-12-04T11:00:00.000Z
GHED_CHE_pc_US_SHA2011,Current health expenditure (CHE) per capita in US$,numeric,EMR,Eastern Mediterranean,Country,MAR,Morocco,Year,2004,false,,,,,,,,,,,,,91.17,,,,,,91.17,,,EN,2025-12-04T11:00:00.000Z
GHED_CHE_pc_US_SHA2011,Current health expenditure (CHE) per capita in US$,numeric,AFR,Africa,Country,DZA,Algeria,Year,2004,false,,,,,,,,,,,,,92.69,,,,,,92.69,,,EN,2025-12-04T11:00:00.000Z
GHED_CHE_pc_US_SHA2011,Current health expenditure (CHE) per capita in US$,numeric,AFR,Africa,Country,CPV,Cabo Verde,Year,2004,false,,,,,,,,,,,,,93.43,,,,,,93.43,,,EN,2025-12-04T11:00:00.000Z
GHED_CHE_pc_US_SHA2011,Current health expenditure (CHE) per capita in US$,numeric,AMR,Americas,Country,BRB,Barbados,Year,2004,false,,,,,,,,,,,,,942.4,,,,,,942.38,,,EN,2025-12-04T11:00:00.000Z
GHED_CHE_pc_US_SHA2011,Current health expenditure (CHE) per capita in US$,numeric,EUR,Europe,Country,TJK,Tajikistan,Year,2003,false,,,,,,,,,,,,,10.98,,,,,,10.98,,,EN,2025-12-04T11:00:00.000Z
GHED_CHE_pc_US_SHA2011,Current health expenditure (CHE) per capita in US$,numeric,WPR,Western Pacific,Country,KIR,Kiribati,Year,2003,false,,,,,,,,,,,,,102.4,,,,,,102.44,,,EN,2025-12-04T11:00:00.000Z
GHED_CHE_pc_US_SHA2011,Current health expenditure (CHE) per capita in US$,numeric,AMR,Americas,Country,DOM,Dominican Republic,Year,2003,false,,,,,,,,,,,,,104.6,,,,,,104.60,,,EN,2025-12-04T11:00:00.000Z
GHED_CHE_pc_US_SHA2011,Current health expenditure (CHE) per capita in US$,numeric,EUR,Europe,Country,ALB,Albania,Year,2003,false,,,,,,,,,,,,,105.4,,,,,,105.44,,,EN,2025-12-04T11:00:00.000Z
GHED_CHE_pc_US_SHA2011,Current health expenditure (CHE) per capita in US$,numeric,AMR,Americas,Country,BHS,Bahamas,Year,2003,false,,,,,,,,,,,,,1062,,,,,,1062.44,,,EN,2025-12-04T11:00:00.000Z
GHED_CHE_pc_US_SHA2011,Current health expenditure (CHE) per capita in US$,numeric,EUR,Europe,Country,BLR,Belarus,Year,2003,false,,,,,,,,,,,,,108.5,,,,,,108.51,,,EN,2025-12-04T11:00:00.000Z
GHED_CHE_pc_US_SHA2011,Current health expenditure (CHE) per capita in US$,numeric,EUR,Europe,Country,MLT,Malta,Year,2003,false,,,,,,,,,,,,,1083,,,,,,1082.75,,,EN,2025-12-04T11:00:00.000Z
GHED_CHE_pc_US_SHA2011,Current health expenditure (CHE) per capita in US$,numeric,AFR,Africa,Country,MOZ,Mozambique,Year,2003,false,,,,,,,,,,,,,11.04,,,,,,11.04,,,EN,2025-12-04T11:00:00.000Z
GHED_CHE_pc_US_SHA2011,Current health expenditure (CHE) per capita in US$,numeric,SEAR,South-East Asia,Country,NPL,Nepal,Year,2003,false,,,,,,,,,,,,,11.07,,,,,,11.07,,,EN,2025-12-04T11:00:00.000Z
GHED_CHE_pc_US_SHA2011,Current health expenditure (CHE) per capita in US$,numeric,EMR,Eastern Mediterranean,Country,PSE,"occupied Palestinian territory, including east Jerusalem",Year,2003,false,,,,,,,,,,,,,111.6,,,,,,111.62,,,EN,2025-12-04T11:00:00.000Z
GHED_CHE_pc_US_SHA2011,Current health expenditure (CHE) per capita in US$,numeric,EMR,Eastern Mediterranean,Country,QAT,Qatar,Year,2003,false,,,,,,,,,,,,,1115,,,,,,1115.45,,,EN,2025-12-04T11:00:00.000Z
GHED_CHE_pc_US_SHA2011,Current health expenditure (CHE) per capita in US$,numeric,AMR,Americas,Country,GTM,Guatemala,Year,2003,false,,,,,,,,,,,,,113.4,,,,,,113.38,,,EN,2025-12-04T11:00:00.000Z
GHED_CHE_pc_US_SHA2011,Current health expenditure (CHE) per capita in US$,numeric,EUR,Europe,Country,CYP,Cyprus,Year,2003,false,,,,,,,,,,,,,1145,,,,,,1145.06,,,EN,2025-12-04T11:00:00.000Z
GHED_CHE_pc_US_SHA2011,Current health expenditure (CHE) per capita in US$,numeric,EMR,Eastern Mediterranean,Country,IRN,Iran (Islamic Republic of),Year,2003,false,,,,,,,,,,,,,115.5,,,,,,115.52,,,EN,2025-12-04T11:00:00.000Z
GHED_CHE_pc_US_SHA2011,Current health expenditure (CHE) per capita in US$,numeric,AFR,Africa,Country,CAF,Central African Republic,Year,2003,false,,,,,,,,,,,,,12.15,,,,,,12.15,,,EN,2025-12-04T11:00:00.000Z
GHED_CHE_pc_US_SHA2011,Current health expenditure (CHE) per capita in US$,numeric,AFR,Africa,Country,MWI,Malawi,Year,2003,false,,,,,,,,,,,,,12.32,,,,,,12.32,,,EN,2025-12-04T11:00:00.000Z
GHED_CHE_pc_US_SHA2011,Current health expenditure (CHE) per capita in US$,numeric,AFR,Africa,Country,NER,Niger,Year,2003,false,,,,,,,,,,,,,12.55,,,,,,12.55,,,EN,2025-12-04T11:00:00.000Z
GHED_CHE_pc_US_SHA2011,Current health expenditure (CHE) per capita in US$,numeric,EUR,Europe,Country,SVN,Slovenia,Year,2003,false,,,,,,,,,,,,,1203,,,,,,1203.06,,,EN,2025-12-04T11:00:00.000Z
GHED_CHE_pc_US_SHA2011,Current health expenditure (CHE) per capita in US$,numeric,AMR,Americas,Country,COL,Colombia,Year,2003,false,,,,,,,,,,,,,129.7,,,,,,129.72,,,EN,2025-12-04T11:00:00.000Z
GHED_CHE_pc_US_SHA2011,Current health expenditure (CHE) per capita in US$,numeric,AFR,Africa,Country,SWZ,Eswatini,Year,2003,false,,,,,,,,,,,,,131.4,,,,,,131.41,,,EN,2025-12-04T11:00:00.000Z
GHED_CHE_pc_US_SHA2011,Current health expenditure (CHE) per capita in US$,numeric,AMR,Americas,Country,ECU,Ecuador,Year,2003,false,,,,,,,,,,,,,134.1,,,,,,134.13,,,EN,2025-12-04T11:00:00.000Z
GHED_CHE_pc_US_SHA2011,Current health expenditure (CHE) per capita in US$,numeric,EUR,Europe,Country,ISR,Israel,Year,2003,false,,,,,,,,,,,,,1384,,,,,,1384.19,,,EN,2025-12-04T11:00:00.000Z
GHED_CHE_pc_US_SHA2011,Current health expenditure (CHE) per capita in US$,numeric,AFR,Africa,Country,UGA,Uganda,Year,2003,false,,,,,,,,,,,,,14.23,,,,,,14.23,,,EN,2025-12-04T11:00:00.000Z
GHED_CHE_pc_US_SHA2011,Current health expenditure (CHE) per capita in US$,numeric,EMR,Eastern Mediterranean,Country,PAK,Pakistan,Year,2003,false,,,,,,,,,,,,,14.35,,,,,,14.35,,,EN,2025-12-04T11:00:00.000Z
GHED_CHE_pc_US_SHA2011,Current health expenditure (CHE) per capita in US$,numeric,AFR,Africa,Country,GNB,Guinea-Bissau,Year,2003,false,,,,,,,,,,,,,14.7,,,,,,14.70,,,EN,2025-12-04T11:00:00.000Z
GHED_CHE_pc_US_SHA2011,Current health expenditure (CHE) per capita in US$,numeric,WPR,Western Pacific,Country,MYS,Malaysia,Year,2003,false,,,,,,,,,,,,,142.2,,,,,,142.21,,,EN,2025-12-04T11:00:00.000Z
GHED_CHE_pc_US_SHA2011,Current health expenditure (CHE) per capita in US$,numeric,EUR,Europe,Country,ROU,Romania,Year,2003,false,,,,,,,,,,,,,143.5,,,,,,143.55,,,EN,2025-12-04T11:00:00.000Z
GHED_CHE_pc_US_SHA2011,Current health expenditure (CHE) per capita in US$,numeric,EUR,Europe,Country,PRT,Portugal,Year,2003,false,,,,,,,,,,,,,1443,,,,,,1443.38,,,EN,2025-12-04T11:00:00.000Z
GHED_CHE_pc_US_SHA2011,Current health expenditure (CHE) per capita in US$,numeric,EMR,Eastern Mediterranean,Country,TUN,Tunisia,Year,2003,false,,,,,,,,,,,,,148.9,,,,,,148.93,,,EN,2025-12-04T11:00:00.000Z
GHED_CHE_pc_US_SHA2011,Current health expenditure (CHE) per capita in US$,numeric,SEAR,South-East Asia,Country,TLS,Timor-Leste,Year,2003,false,,,,,,,,,,,,,15.19,,,,,,15.19,,,EN,2025-12-04T11:00:00.000Z
GHED_CHE_pc_US_SHA2011,Current health expenditure (CHE) per capita in US$,numeric,EUR,Europe,Country,GRC,Greece,Year,2003,false,,,,,,,,,,,,,1566,,,,,,1566.41,,,EN,2025-12-04T11:00:00.000Z
GHED_CHE_pc_US_SHA2011,Current health expenditure (CHE) per capita in US$,numeric,AFR,Africa,Country,MUS,Mauritius,Year,2003,false,,,,,,,,,,,,,157.7,,,,,,157.68,,,EN,2025-12-04T11:00:00.000Z
GHED_CHE_pc_US_SHA2011,Current health expenditure (CHE) per capita in US$,numeric,AFR,Africa,Country,BFA,Burkina Faso,Year,2003,false,,,,,,,,,,,,,16.03,,,,,,16.03,,,EN,2025-12-04T11:00:00.000Z
GHED_CHE_pc_US_SHA2011,Current health expenditure (CHE) per capita in US$,numeric,EMR,Eastern Mediterranean,Country,JOR,Jordan,Year,2003,false,,,,,,,,,,,,,161.9,,,,,,161.88,,,EN,2025-12-04T11:00:00.000Z
GHED_CHE_pc_US_SHA2011,Current health expenditure (CHE) per capita in US$,numeric,WPR,Western Pacific,Country,NZL,New Zealand,Year,2003,false,,,,,,,,,,,,,1611,,,,,,1610.73,,,EN,2025-12-04T11:00:00.000Z
GHED_CHE_pc_US_SHA2011,Current health expenditure (CHE) per capita in US$,numeric,EUR,Europe,Country,RUS,Russian Federation,Year,2003,false,,,,,,,,,,,,,163.3,,,,,,163.31,,,EN,2025-12-04T11:00:00.000Z
GHED_CHE_pc_US_SHA2011,Current health expenditure (CHE) per capita in US$,numeric,EUR,Europe,Country,ESP,Spain,Year,2003,false,,,,,,,,,,,,,1648,,,,,,1648.06,,,EN,2025-12-04T11:00:00.000Z
GHED_CHE_pc_US_SHA2011,Current health expenditure (CHE) per capita in US$,numeric,AFR,Africa,Country,GAB,Gabon,Year,2003,false,,,,,,,,,,,,,166.6,,,,,,166.59,,,EN,2025-12-04T11:00:00.000Z
GHED_CHE_pc_US_SHA2011,Current health expenditure (CHE) per capita in US$,numeric,AMR,Americas,Country,SUR,Suriname,Year,2003,false,,,,,,,,,,,,,166.9,,,,,,166.89,,,EN,2025-12-04T11:00:00.000Z
GHED_CHE_pc_US_SHA2011,Current health expenditure (CHE) per capita in US$,numeric,EUR,Europe,Country,BIH,Bosnia and Herzegovina,Year,2003,false,,,,,,,,,,,,,168.4,,,,,,168.42,,,EN,2025-12-04T11:00:00.000Z
GHED_CHE_pc_US_SHA2011,Current health expenditure (CHE) per capita in US$,numeric,AFR,Africa,Country,RWA,Rwanda,Year,2003,false,,,,,,,,,,,,,17.26,,,,,,17.26,,,EN,2025-12-04T11:00:00.000Z
GHED_CHE_pc_US_SHA2011,Current health expenditure (CHE) per capita in US$,numeric,WPR,Western Pacific,Country,LAO,Lao People's Democratic Republic,Year,2003,false,,,,,,,,,,,,,17.59,,,,,,17.59,,,EN,2025-12-04T11:00:00.000Z
GHED_CHE_pc_US_SHA2011,Current health expenditure (CHE) per capita in US$,numeric,AFR,Africa,Country,MDG,Madagascar,Year,2003,false,,,,,,,,,,,,,17.64,,,,,,17.64,,,EN,2025-12-04T11:00:00.000Z
GHED_CHE_pc_US_SHA2011,Current health expenditure (CHE) per capita in US$,numeric,EMR,Eastern Mediterranean,Country,AFG,Afghanistan,Year,2003,false,,,,,,,,,,,,,17.75,,,,,,17.75,,,EN,2025-12-04T11:00:00.000Z
GHED_CHE_pc_US_SHA2011,Current health expenditure (CHE) per capita in US$,numeric,AMR,Americas,Country,SLV,El Salvador,Year,2003,false,,,,,,,,,,,,,171.6,,,,,,171.59,,,EN,2025-12-04T11:00:00.000Z
GHED_CHE_pc_US_SHA2011,Current health expenditure (CHE) per capita in US$,numeric,AMR,Americas,Country,BLZ,Belize,Year,2003,false,,,,,,,,,,,,,175.1,,,,,,175.14,,,EN,2025-12-04T11:00:00.000Z
GHED_CHE_pc_US_SHA2011,Current health expenditure (CHE) per capita in US$,numeric,AMR,Americas,Country,JAM,Jamaica,Year,2003,false,,,,,,,,,,,,,177.2,,,,,,177.22,,,EN,2025-12-04T11:00:00.000Z
GHED_CHE_pc_US_SHA2011,Current health expenditure (CHE) per capita in US$,numeric,AMR,Americas,Country,VCT,Saint Vincent and the Grenadines,Year,2003,false,,,,,,,,,,,,,178.1,,,,,,178.14,,,EN,2025-12-04T11:00:00.000Z
GHED_CHE_pc_US_SHA2011,Current health expenditure (CHE) per capita in US$,numeric,AFR,Africa,Country,TCD,Chad,Year,2003,false,,,,,,,,,,,,,18.02,,,,,,18.02,,,EN,2025-12-04T11:00:00.000Z
GHED_CHE_pc_US_SHA2011,Current health expenditure (CHE) per capita in US$,numeric,AMR,Americas,Country,HTI,Haiti,Year,2003,false,,,,,,,,,,,,,18.61,,,,,,18.61,,,EN,2025-12-04T11:00:00.000Z
GHED_CHE_pc_US_SHA2011,Current health expenditure (CHE) per capita in US$,numeric,AFR,Africa,Country,MLI,Mali,Year,2003,false,,,,,,,,,,,,,18.77,,,,,,18.77,,,EN,2025-12-04T11:00:00.000Z
GHED_CHE_pc_US_SHA2011,Current health expenditure (CHE) per capita in US$,numeric,AFR,Africa,Country,GHA,Ghana,Year,2003,false,,,,,,,,,,,,,18.96,,,,,,18.96,,,EN,2025-12-04T11:00:00.000Z
GHED_CHE_pc_US_SHA2011,Current health expenditure (CHE) per capita in US$,numeric,EUR,Europe,Country,AND,Andorra,Year,2003,false,,,,,,,,,,,,,1888,,,,,,1888.14,,,EN,2025-12-04T11:00:00.000Z
GHED_CHE_pc_US_SHA2011,Current health expenditure (CHE) per capita in US$,numeric,EMR,Eastern Mediterranean,Country,LBY,Libya,Year,2003,false,,,,,,,,,,,,,189.7,,,,,,189.73,,,EN,2025-12-04T11:00:00.000Z
GHED_CHE_pc_US_SHA2011,Current health expenditure (CHE) per capita in US$,numeric,AFR,Africa,Country,TGO,Togo,Year,2003,false,,,,,,,,,,,,,19.08,,,,,,19.08,,,EN,2026-04-09T12:00:00.000Z
GHED_CHE_pc_US_SHA2011,Current health expenditure (CHE) per capita in US$,numeric,AFR,Africa,Country,ERI,Eritrea,Year,2003,false,,,,,,,,,,,,,19.81,,,,,,19.81,,,EN,2025-12-04T11:00:00.000Z
GHED_CHE_pc_US_SHA2011,Current health expenditure (CHE) per capita in US$,numeric,EUR,Europe,Country,BGR,Bulgaria,Year,2003,false,,,,,,,,,,,,,195.7,,,,,,195.74,,,EN,2025-12-04T11:00:00.000Z
GHED_CHE_pc_US_SHA2011,Current health expenditure (CHE) per capita in US$,numeric,EUR,Europe,Country,TKM,Turkmenistan,Year,2003,false,,,,,,,,,,,,,199.9,,,,,,199.93,,,EN,2025-12-04T11:00:00.000Z
GHED_CHE_pc_US_SHA2011,Current health expenditure (CHE) per capita in US$,numeric,AFR,Africa,Country,TZA,United Republic of Tanzania,Year,2003,false,,,,,,,,,,,,,20.39,,,,,,20.39,,,EN,2025-12-04T11:00:00.000Z
GHED_CHE_pc_US_SHA2011,Current health expenditure (CHE) per capita in US$,numeric,WPR,Western Pacific,Country,FSM,Micronesia (Federated States of),Year,2003,false,,,,,,,,,,,,,208.8,,,,,,208.85,,,EN,2025-12-04T11:00:00.000Z
GHED_CHE_pc_US_SHA2011,Current health expenditure (CHE) per capita in US$,numeric,AFR,Africa,Country,BEN,Benin,Year,2003,false,,,,,,,,,,,,,21.07,,,,,,21.07,,,EN,2025-12-04T11:00:00.000Z
GHED_CHE_pc_US_SHA2011,Current health expenditure (CHE) per capita in US$,numeric,AFR,Africa,Country,COG,Congo,Year,2003,false,,,,,,,,,,,,,21.51,,,,,,21.51,,,EN,2025-12-04T11:00:00.000Z
GHED_CHE_pc_US_SHA2011,Current health expenditure (CHE) per capita in US$,numeric,EUR,Europe,Country,KGZ,Kyrgyzstan,Year,2003,false,,,,,,,,,,,,,21.69,,,,,,21.69,,,EN,2025-12-04T11:00:00.000Z
GHED_CHE_pc_US_SHA2011,Current health expenditure (CHE) per capita in US$,numeric,AFR,Africa,Country,SLE,Sierra Leone,Year,2003,false,,,,,,,,,,,,,21.78,,,,,,21.78,,,EN,2025-12-04T11:00:00.000Z
GHED_CHE_pc_US_SHA2011,Current health expenditure (CHE) per capita in US$,numeric,SEAR,South-East Asia,Country,IND,India,Year,2003,false,,,,,,,,,,,,,21.89,,,,,,21.89,,,EN,2025-12-04T11:00:00.000Z
GHED_CHE_pc_US_SHA2011,Current health expenditure (CHE) per capita in US$,numeric,WPR,Western Pacific,Country,PNG,Papua New Guinea,Year,2003,false,,,,,,,,,,,,,21.99,,,,,,21.99,,,EN,2025-12-04T11:00:00.000Z
GHED_CHE_pc_US_SHA2011,Current health expenditure (CHE) per capita in US$,numeric,EUR,Europe,Country,MKD,North Macedonia,Year,2003,false,,,,,,,,,,,,,214.3,,,,,,214.30,,,EN,2025-12-04T11:00:00.000Z
GHED_CHE_pc_US_SHA2011,Current health expenditure (CHE) per capita in US$,numeric,EUR,Europe,Country,ITA,Italy,Year,2003,false,,,,,,,,,,,,,2161,,,,,,2160.91,,,EN,2025-12-04T11:00:00.000Z
GHED_CHE_pc_US_SHA2011,Current health expenditure (CHE) per capita in US$,numeric,EMR,Eastern Mediterranean,Country,SDN,Sudan,Year,2003,false,,,,,,,,,,,,,22.59,,,,,,22.59,,,EN,2025-12-04T11:00:00.000Z
GHED_CHE_pc_US_SHA2011,Current health expenditure (CHE) per capita in US$,numeric,WPR,Western Pacific,Country,AUS,Australia,Year,2003,false,,,,,,,,,,,,,2227,,,,,,2227.13,,,EN,2025-12-04T11:00:00.000Z
GHED_CHE_pc_US_SHA2011,Current health expenditure (CHE) per capita in US$,numeric,AMR,Americas,Country,CUB,Cuba,Year,2003,false,,,,,,,,,,,,,227.5,,,,,,227.49,,,EN,2025-12-04T11:00:00.000Z
GHED_CHE_pc_US_SHA2011,Current health expenditure (CHE) per capita in US$,numeric,EUR,Europe,Country,AZE,Azerbaijan,Year,2003,false,,,,,,,,,,,,,23.62,,,,,,23.62,,,EN,2025-12-04T11:00:00.000Z
GHED_CHE_pc_US_SHA2011,Current health expenditure (CHE) per capita in US$,numeric,EUR,Europe,Country,SRB,Serbia,Year,2003,false,,,,,,,,,,,,,230.1,,,,,,230.09,,,EN,2025-12-04T11:00:00.000Z
GHED_CHE_pc_US_SHA2011,Current health expenditure (CHE) per capita in US$,numeric,EUR,Europe,Country,TUR,Türkiye,Year,2003,false,,,,,,,,,,,,,232.6,,,,,,232.56,,,EN,2025-12-04T11:00:00.000Z
GHED_CHE_pc_US_SHA2011,Current health expenditure (CHE) per capita in US$,numeric,WPR,Western Pacific,Country,VNM,Viet Nam,Year,2003,false,,,,,,,,,,,,,24.88,,,,,,24.88,,,EN,2025-12-04T11:00:00.000Z
GHED_CHE_pc_US_SHA2011,Current health expenditure (CHE) per capita in US$,numeric,SEAR,South-East Asia,Country,MDV,Maldives,Year,2003,false,,,,,,,,,,,,,240.5,,,,,,240.54,,,EN,2025-12-04T11:00:00.000Z
GHED_CHE_pc_US_SHA2011,Current health expenditure (CHE) per capita in US$,numeric,AMR,Americas,Country,DMA,Dominica,Year,2003,false,,,,,,,,,,,,,242.8,,,,,,242.79,,,EN,2025-12-04T11:00:00.000Z
GHED_CHE_pc_US_SHA2011,Current health expenditure (CHE) per capita in US$,numeric,WPR,Western Pacific,Country,KHM,Cambodia,Year,2003,false,,,,,,,,,,,,,25.01,,,,,,25.01,,,EN,2025-12-04T11:00:00.000Z
GHED_CHE_pc_US_SHA2011,Current health expenditure (CHE) per capita in US$,numeric,WPR,Western Pacific,Country,IDN,Indonesia,Year,2003,false,,,,,,,,,,,,,25.51,,,,,,25.51,,,EN,2025-12-04T11:00:00.000Z
GHED_CHE_pc_US_SHA2011,Current health expenditure (CHE) per capita in US$,numeric,AFR,Africa,Country,GIN,Guinea,Year,2003,false,,,,,,,,,,,,,25.6,,,,,,25.60,,,EN,2025-12-04T11:00:00.000Z
GHED_CHE_pc_US_SHA2011,Current health expenditure (CHE) per capita in US$,numeric,EUR,Europe,Country,UZB,Uzbekistan,Year,2003,false,,,,,,,,,,,,,25.62,,,,,,25.62,,,EN,2025-12-04T11:00:00.000Z
GHED_CHE_pc_US_SHA2011,Current health expenditure (CHE) per capita in US$,numeric,AFR,Africa,Country,KEN,Kenya,Year,2003,false,,,,,,,,,,,,,25.64,,,,,,25.64,,,EN,2025-12-04T11:00:00.000Z
GHED_CHE_pc_US_SHA2011,Current health expenditure (CHE) per capita in US$,numeric,EUR,Europe,Country,SMR,San Marino,Year,2003,false,,,,,,,,,,,,,2507,,,,,,2506.68,,,EN,2025-12-04T11:00:00.000Z
GHED_CHE_pc_US_SHA2011,Current health expenditure (CHE) per capita in US$,numeric,AMR,Americas,Country,BRA,Brazil,Year,2003,false,,,,,,,,,,,,,253.1,,,,,,253.09,,,EN,2025-12-04T11:00:00.000Z
GHED_CHE_pc_US_SHA2011,Current health expenditure (CHE) per capita in US$,numeric,AMR,Americas,Country,CAN,Canada,Year,2003,false,,,,,,,,,,,,,2535,,,,,,2534.86,,,EN,2025-12-04T11:00:00.000Z
GHED_CHE_pc_US_SHA2011,Current health expenditure (CHE) per capita in US$,numeric,AFR,Africa,Country,ZMB,Zambia,Year,2003,false,,,,,,,,,,,,,26.76,,,,,,26.76,,,EN,2025-12-04T11:00:00.000Z
GHED_CHE_pc_US_SHA2011,Current health expenditure (CHE) per capita in US$,numeric,EMR,Eastern Mediterranean,Country,IRQ,Iraq,Year,2003,false,,,,,,,,,,,,,26.98,,,,,,26.98,,,EN,2025-12-04T11:00:00.000Z
GHED_CHE_pc_US_SHA2011,Current health expenditure (CHE) per capita in US$,numeric,AMR,Americas,Country,ARG,Argentina,Year,2003,false,,,,,,,,,,,,,261.2,,,,,,261.20,,,EN,2025-12-04T11:00:00.000Z
GHED_CHE_pc_US_SHA2011,Current health expenditure (CHE) per capita in US$,numeric,EUR,Europe,Country,FIN,Finland,Year,2003,false,,,,,,,,,,,,,2614,,,,,,2613.85,,,EN,2025-12-04T11:00:00.000Z
GHED_CHE_pc_US_SHA2011,Current health expenditure (CHE) per capita in US$,numeric,WPR,Western Pacific,Country,JPN,Japan,Year,2003,false,,,,,,,,,,,,,2650,,,,,,2650.24,,,EN,2025-12-04T11:00:00.000Z
GHED_CHE_pc_US_SHA2011,Current health expenditure (CHE) per capita in US$,numeric,AFR,Africa,Country,BWA,Botswana,Year,2003,false,,,,,,,,,,,,,269.6,,,,,,269.59,,,EN,2025-12-04T11:00:00.000Z
GHED_CHE_pc_US_SHA2011,Current health expenditure (CHE) per capita in US$,numeric,WPR,Western Pacific,Country,MNG,Mongolia,Year,2003,false,,,,,,,,,,,,,27.19,,,,,,27.19,,,EN,2025-12-04T11:00:00.000Z
GHED_CHE_pc_US_SHA2011,Current health expenditure (CHE) per capita in US$,numeric,WPR,Western Pacific,Country,NRU,Naoero,Year,2003,false,,,,,,,,,,,,,273.6,,,,,,273.60,,,EN,2025-12-04T11:00:00.000Z
GHED_CHE_pc_US_SHA2011,Current health expenditure (CHE) per capita in US$,numeric,WPR,Western Pacific,Country,TUV,Tuvalu,Year,2003,false,,,,,,,,,,,,,275,,,,,,274.99,,,EN,2025-12-04T11:00:00.000Z
GHED_CHE_pc_US_SHA2011,Current health expenditure (CHE) per capita in US$,numeric,EUR,Europe,Country,GBR,United Kingdom of Great Britain and Northern Ireland,Year,2003,false,,,,,,,,,,,,,2774,,,,,,2773.99,,,EN,2025-12-04T11:00:00.000Z
GHED_CHE_pc_US_SHA2011,Current health expenditure (CHE) per capita in US$,numeric,AFR,Africa,Country,NAM,Namibia,Year,2003,false,,,,,,,,,,,,,278.7,,,,,,278.70,,,EN,2025-12-04T11:00:00.000Z
GHED_CHE_pc_US_SHA2011,Current health expenditure (CHE) per capita in US$,numeric,AFR,Africa,Country,GMB,Gambia,Year,2003,false,,,,,,,,,,,,,28.3,,,,,,28.30,,,EN,2025-12-04T11:00:00.000Z
GHED_CHE_pc_US_SHA2011,Current health expenditure (CHE) per capita in US$,numeric,EUR,Europe,Country,LVA,Latvia,Year,2003,false,,,,,,,,,,,,,280.5,,,,,,280.51,,,EN,2025-12-04T11:00:00.000Z
GHED_CHE_pc_US_SHA2011,Current health expenditure (CHE) per capita in US$,numeric,EUR,Europe,Country,BEL,Belgium,Year,2003,false,,,,,,,,,,,,,2823,,,,,,2822.50,,,EN,2025-12-04T11:00:00.000Z
GHED_CHE_pc_US_SHA2011,Current health expenditure (CHE) per capita in US$,numeric,AFR,Africa,Country,ZAF,South Africa,Year,2003,false,,,,,,,,,,,,,286,,,,,,286.02,,,EN,2025-12-04T11:00:00.000Z
GHED_CHE_pc_US_SHA2011,Current health expenditure (CHE) per capita in US$,numeric,AMR,Americas,Country,GRD,Grenada,Year,2003,false,,,,,,,,,,,,,286.9,,,,,,286.91,,,EN,2025-12-04T11:00:00.000Z
GHED_CHE_pc_US_SHA2011,Current health expenditure (CHE) per capita in US$,numeric,AFR,Africa,Country,MRT,Mauritania,Year,2003,false,,,,,,,,,,,,,29.52,,,,,,29.52,,,EN,2025-12-04T11:00:00.000Z
GHED_CHE_pc_US_SHA2011,Current health expenditure (CHE) per capita in US$,numeric,EMR,Eastern Mediterranean,Country,OMN,Oman,Year,2003,false,,,,,,,,,,,,,290.4,,,,,,290.39,,,EN,2025-12-04T11:00:00.000Z
GHED_CHE_pc_US_SHA2011,Current health expenditure (CHE) per capita in US$,numeric,AMR,Americas,Country,CRI,Costa Rica,Year,2003,false,,,,,,,,,,,,,290.8,,,,,,290.83,,,EN,2025-12-04T11:00:00.000Z
GHED_CHE_pc_US_SHA2011,Current health expenditure (CHE) per capita in US$,numeric,EUR,Europe,Country,IRL,Ireland,Year,2003,false,,,,,,,,,,,,,2911,,,,,,2910.93,,,EN,2025-12-04T11:00:00.000Z
GHED_CHE_pc_US_SHA2011,Current health expenditure (CHE) per capita in US$,numeric,EUR,Europe,Country,FRA,France,Year,2003,false,,,,,,,,,,,,,3006,,,,,,3006.31,,,EN,2025-12-04T11:00:00.000Z
GHED_CHE_pc_US_SHA2011,Current health expenditure (CHE) per capita in US$,numeric,AMR,Americas,Country,PAN,Panama,Year,2003,false,,,,,,,,,,,,,303.5,,,,,,303.46,,,EN,2025-12-04T11:00:00.000Z
GHED_CHE_pc_US_SHA2011,Current health expenditure (CHE) per capita in US$,numeric,WPR,Western Pacific,Country,PHL,Philippines,Year,2003,false,,,,,,,,,,,,,31.6,,,,,,31.60,,,EN,2025-12-04T11:00:00.000Z
GHED_CHE_pc_US_SHA2011,Current health expenditure (CHE) per capita in US$,numeric,EMR,Eastern Mediterranean,Country,YEM,Yemen,Year,2003,false,,,,,,,,,,,,,31.6,,,,,,31.60,,,EN,2025-12-04T11:00:00.000Z
GHED_CHE_pc_US_SHA2011,Current health expenditure (CHE) per capita in US$,numeric,EUR,Europe,Country,SWE,Sweden,Year,2003,false,,,,,,,,,,,,,3107,,,,,,3107.49,,,EN,2025-12-04T11:00:00.000Z
GHED_CHE_pc_US_SHA2011,Current health expenditure (CHE) per capita in US$,numeric,EUR,Europe,Country,AUT,Austria,Year,2003,false,,,,,,,,,,,,,3122,,,,,,3122.31,,,EN,2025-12-04T11:00:00.000Z
GHED_CHE_pc_US_SHA2011,Current health expenditure (CHE) per capita in US$,numeric,EUR,Europe,Country,DEU,Germany,Year,2003,false,,,,,,,,,,,,,3139,,,,,,3139.36,,,EN,2025-12-04T11:00:00.000Z
GHED_CHE_pc_US_SHA2011,Current health expenditure (CHE) per capita in US$,numeric,AMR,Americas,Country,LCA,Saint Lucia,Year,2003,false,,,,,,,,,,,,,317.3,,,,,,317.28,,,EN,2025-12-04T11:00:00.000Z
GHED_CHE_pc_US_SHA2011,Current health expenditure (CHE) per capita in US$,numeric,AFR,Africa,Country,LSO,Lesotho,Year,2003,false,,,,,,,,,,,,,32.02,,,,,,32.02,,,EN,2025-12-04T11:00:00.000Z
GHED_CHE_pc_US_SHA2011,Current health expenditure (CHE) per capita in US$,numeric,EUR,Europe,Country,NLD,Netherlands (Kingdom of the),Year,2003,false,,,,,,,,,,,,,3244,,,,,,3244.36,,,EN,2025-12-04T11:00:00.000Z
GHED_CHE_pc_US_SHA2011,Current health expenditure (CHE) per capita in US$,numeric,WPR,Western Pacific,Country,MHL,Marshall Islands,Year,2003,false,,,,,,,,,,,,,338.2,,,,,,338.23,,,EN,2025-12-04T11:00:00.000Z
GHED_CHE_pc_US_SHA2011,Current health expenditure (CHE) per capita in US$,numeric,EUR,Europe,Country,LTU,Lithuania,Year,2003,false,,,,,,,,,,,,,338.9,,,,,,338.86,,,EN,2025-12-04T11:00:00.000Z
GHED_CHE_pc_US_SHA2011,Current health expenditure (CHE) per capita in US$,numeric,EUR,Europe,Country,POL,Poland,Year,2003,false,,,,,,,,,,,,,339.3,,,,,,339.34,,,EN,2025-12-04T11:00:00.000Z
GHED_CHE_pc_US_SHA2011,Current health expenditure (CHE) per capita in US$,numeric,EUR,Europe,Country,SVK,Slovakia,Year,2003,false,,,,,,,,,,,,,344.5,,,,,,344.47,,,EN,2025-12-04T11:00:00.000Z
GHED_CHE_pc_US_SHA2011,Current health expenditure (CHE) per capita in US$,numeric,AMR,Americas,Country,CHL,Chile,Year,2003,false,,,,,,,,,,,,,346.2,,,,,,346.16,,,EN,2025-12-04T11:00:00.000Z
GHED_CHE_pc_US_SHA2011,Current health expenditure (CHE) per capita in US$,numeric,AFR,Africa,Country,SEN,Senegal,Year,2003,false,,,,,,,,,,,,,35.14,,,,,,35.14,,,EN,2025-12-04T11:00:00.000Z
GHED_CHE_pc_US_SHA2011,Current health expenditure (CHE) per capita in US$,numeric,AFR,Africa,Country,AGO,Angola,Year,2003,false,,,,,,,,,,,,,35.22,,,,,,35.22,,,EN,2025-12-04T11:00:00.000Z
GHED_CHE_pc_US_SHA2011,Current health expenditure (CHE) per capita in US$,numeric,WPR,Western Pacific,Country,COK,Cook Islands,Year,2003,false,,,,,,,,,,,,,355.1,,,,,,355.13,,,EN,2025-12-04T11:00:00.000Z
GHED_CHE_pc_US_SHA2011,Current health expenditure (CHE) per capita in US$,numeric,AMR,Americas,Country,TTO,Trinidad and Tobago,Year,2003,false,,,,,,,,,,,,,358.6,,,,,,358.60,,,EN,2025-12-04T11:00:00.000Z
GHED_CHE_pc_US_SHA2011,Current health expenditure (CHE) per capita in US$,numeric,EUR,Europe,Country,DNK,Denmark,Year,2003,false,,,,,,,,,,,,,3602,,,,,,3602.28,,,EN,2025-12-04T11:00:00.000Z
GHED_CHE_pc_US_SHA2011,Current health expenditure (CHE) per capita in US$,numeric,EUR,Europe,Country,EST,Estonia,Year,2003,false,,,,,,,,,,,,,369,,,,,,368.98,,,EN,2025-12-04T11:00:00.000Z
GHED_CHE_pc_US_SHA2011,Current health expenditure (CHE) per capita in US$,numeric,SEAR,South-East Asia,Country,BTN,Bhutan,Year,2003,false,,,,,,,,,,,,,37.15,,,,,,37.15,,,EN,2025-12-04T11:00:00.000Z
GHED_CHE_pc_US_SHA2011,Current health expenditure (CHE) per capita in US$,numeric,AFR,Africa,Country,NGA,Nigeria,Year,2003,false,,,,,,,,,,,,,37.91,,,,,,37.91,,,EN,2025-12-04T11:00:00.000Z
GHED_CHE_pc_US_SHA2011,Current health expenditure (CHE) per capita in US$,numeric,EMR,Eastern Mediterranean,Country,LBN,Lebanon,Year,2003,false,,,,,,,,,,,,,373.4,,,,,,373.36,,,EN,2025-12-04T11:00:00.000Z
GHED_CHE_pc_US_SHA2011,Current health expenditure (CHE) per capita in US$,numeric,EUR,Europe,Country,MDA,Republic of Moldova,Year,2003,false,,,,,,,,,,,,,38.44,,,,,,38.44,,,EN,2025-12-04T11:00:00.000Z
GHED_CHE_pc_US_SHA2011,Current health expenditure (CHE) per capita in US$,numeric,AFR,Africa,Country,CMR,Cameroon,Year,2003,false,,,,,,,,,,,,,38.56,,,,,,38.56,,,EN,2025-12-04T11:00:00.000Z
GHED_CHE_pc_US_SHA2011,Current health expenditure (CHE) per capita in US$,numeric,AMR,Americas,Country,URY,Uruguay,Year,2003,false,,,,,,,,,,,,,383.6,,,,,,383.56,,,EN,2025-12-04T11:00:00.000Z
GHED_CHE_pc_US_SHA2011,Current health expenditure (CHE) per capita in US$,numeric,EUR,Europe,Country,ISL,Iceland,Year,2003,false,,,,,,,,,,,,,3840,,,,,,3839.69,,,EN,2025-12-04T11:00:00.000Z
GHED_CHE_pc_US_SHA2011,Current health expenditure (CHE) per capita in US$,numeric,AFR,Africa,Country,SYC,Seychelles,Year,2003,false,,,,,,,,,,,,,394.1,,,,,,394.10,,,EN,2025-12-04T11:00:00.000Z
GHED_CHE_pc_US_SHA2011,Current health expenditure (CHE) per capita in US$,numeric,SEAR,South-East Asia,Country,LKA,Sri Lanka,Year,2003,false,,,,,,,,,,,,,40.82,,,,,,40.82,,,EN,2025-12-04T11:00:00.000Z
GHED_CHE_pc_US_SHA2011,Current health expenditure (CHE) per capita in US$,numeric,AMR,Americas,Country,MEX,Mexico,Year,2003,false,,,,,,,,,,,,,411.8,,,,,,411.83,,,EN,2025-12-04T11:00:00.000Z
GHED_CHE_pc_US_SHA2011,Current health expenditure (CHE) per capita in US$,numeric,AFR,Africa,Country,CIV,Cote d'Ivoire,Year,2003,false,,,,,,,,,,,,,43.81,,,,,,43.81,,,EN,2025-12-04T11:00:00.000Z
GHED_CHE_pc_US_SHA2011,Current health expenditure (CHE) per capita in US$,numeric,EMR,Eastern Mediterranean,Country,SAU,Saudi Arabia,Year,2003,false,,,,,,,,,,,,,457.1,,,,,,457.09,,,EN,2025-12-04T11:00:00.000Z
GHED_CHE_pc_US_SHA2011,Current health expenditure (CHE) per capita in US$,numeric,EMR,Eastern Mediterranean,Country,DJI,Djibouti,Year,2003,false,,,,,,,,,,,,,46.28,,,,,,46.28,,,EN,2025-12-04T11:00:00.000Z
GHED_CHE_pc_US_SHA2011,Current health expenditure (CHE) per capita in US$,numeric,AMR,Americas,Country,BOL,Bolivia (Plurinational State of),Year,2003,false,,,,,,,,,,,,,46.41,,,,,,46.41,,,EN,2025-12-04T11:00:00.000Z
GHED_CHE_pc_US_SHA2011,Current health expenditure (CHE) per capita in US$,numeric,EUR,Europe,Country,LUX,Luxembourg,Year,2003,false,,,,,,,,,,,,,4607,,,,,,4607.40,,,EN,2025-12-04T11:00:00.000Z
GHED_CHE_pc_US_SHA2011,Current health expenditure (CHE) per capita in US$,numeric,EUR,Europe,Country,NOR,Norway,Year,2003,false,,,,,,,,,,,,,4633,,,,,,4632.57,,,EN,2025-12-04T11:00:00.000Z
GHED_CHE_pc_US_SHA2011,Current health expenditure (CHE) per capita in US$,numeric,AMR,Americas,Country,KNA,Saint Kitts and Nevis,Year,2003,false,,,,,,,,,,,,,482.9,,,,,,482.87,,,EN,2025-12-04T11:00:00.000Z
GHED_CHE_pc_US_SHA2011,Current health expenditure (CHE) per capita in US$,numeric,EUR,Europe,Country,MCO,Monaco,Year,2003,false,,,,,,,,,,,,,4833,,,,,,4833.09,,,EN,2025-12-04T11:00:00.000Z
GHED_CHE_pc_US_SHA2011,Current health expenditure (CHE) per capita in US$,numeric,AFR,Africa,Country,ETH,Ethiopia,Year,2003,false,,,,,,,,,,,,,5.71,,,,,,5.71,,,EN,2025-12-04T11:00:00.000Z
GHED_CHE_pc_US_SHA2011,Current health expenditure (CHE) per capita in US$,numeric,AFR,Africa,Country,LBR,Liberia,Year,2003,false,,,,,,,,,,,,,5.76,,,,,,5.76,,,EN,2025-12-04T11:00:00.000Z
GHED_CHE_pc_US_SHA2011,Current health expenditure (CHE) per capita in US$,numeric,AFR,Africa,Country,BDI,Burundi,Year,2003,false,,,,,,,,,,,,,5.87,,,,,,5.87,,,EN,2025-12-04T11:00:00.000Z
GHED_CHE_pc_US_SHA2011,Current health expenditure (CHE) per capita in US$,numeric,EMR,Eastern Mediterranean,Country,EGY,Egypt,Year,2003,false,,,,,,,,,,,,,50.35,,,,,,50.35,,,EN,2025-12-04T11:00:00.000Z
GHED_CHE_pc_US_SHA2011,Current health expenditure (CHE) per capita in US$,numeric,EUR,Europe,Country,CHE,Switzerland,Year,2003,false,,,,,,,,,,,,,5005,,,,,,5005.12,,,EN,2025-12-04T11:00:00.000Z
GHED_CHE_pc_US_SHA2011,Current health expenditure (CHE) per capita in US$,numeric,EUR,Europe,Country,HRV,Croatia,Year,2003,false,,,,,,,,,,,,,512,,,,,,512.00,,,EN,2025-12-04T11:00:00.000Z
GHED_CHE_pc_US_SHA2011,Current health expenditure (CHE) per capita in US$,numeric,WPR,Western Pacific,Country,NIU,Niue,Year,2003,false,,,,,,,,,,,,,516.7,,,,,,516.70,,,EN,2025-12-04T11:00:00.000Z
GHED_CHE_pc_US_SHA2011,Current health expenditure (CHE) per capita in US$,numeric,WPR,Western Pacific,Country,SLB,Solomon Islands,Year,2003,false,,,,,,,,,,,,,53.52,,,,,,53.52,,,EN,2025-12-04T11:00:00.000Z
GHED_CHE_pc_US_SHA2011,Current health expenditure (CHE) per capita in US$,numeric,EMR,Eastern Mediterranean,Country,BHR,Bahrain,Year,2003,false,,,,,,,,,,,,,530.5,,,,,,530.54,,,EN,2025-12-04T11:00:00.000Z
GHED_CHE_pc_US_SHA2011,Current health expenditure (CHE) per capita in US$,numeric,WPR,Western Pacific,Country,VUT,Vanuatu,Year,2003,false,,,,,,,,,,,,,54.94,,,,,,54.94,,,EN,2025-12-04T11:00:00.000Z
GHED_CHE_pc_US_SHA2011,Current health expenditure (CHE) per capita in US$,numeric,WPR,Western Pacific,Country,BRN,Brunei Darussalam,Year,2003,false,,,,,,,,,,,,,545.6,,,,,,545.56,,,EN,2025-12-04T11:00:00.000Z
GHED_CHE_pc_US_SHA2011,Current health expenditure (CHE) per capita in US$,numeric,WPR,Western Pacific,Country,CHN,China,Year,2003,false,,,,,,,,,,,,,56.54,,,,,,56.54,,,EN,2025-12-04T11:00:00.000Z
GHED_CHE_pc_US_SHA2011,Current health expenditure (CHE) per capita in US$,numeric,AMR,Americas,Country,USA,United States of America,Year,2003,false,,,,,,,,,,,,,5732,,,,,,5732.24,,,EN,2025-12-04T11:00:00.000Z
GHED_CHE_pc_US_SHA2011,Current health expenditure (CHE) per capita in US$,numeric,EMR,Eastern Mediterranean,Country,SYR,Syrian Arab Republic,Year,2003,false,,,,,,,,,,,,,59.87,,,,,,59.87,,,EN,2025-12-04T11:00:00.000Z
GHED_CHE_pc_US_SHA2011,Current health expenditure (CHE) per capita in US$,numeric,AFR,Africa,Country,COD,Democratic Republic of the Congo,Year,2003,false,,,,,,,,,,,,,6.03,,,,,,6.03,,,EN,2025-12-04T11:00:00.000Z
GHED_CHE_pc_US_SHA2011,Current health expenditure (CHE) per capita in US$,numeric,SEAR,South-East Asia,Country,MMR,Myanmar,Year,2003,false,,,,,,,,,,,,,6.57,,,,,,6.57,,,EN,2025-12-04T11:00:00.000Z
GHED_CHE_pc_US_SHA2011,Current health expenditure (CHE) per capita in US$,numeric,AMR,Americas,Country,ATG,Antigua and Barbuda,Year,2003,false,,,,,,,,,,,,,613.7,,,,,,613.65,,,EN,2025-12-04T11:00:00.000Z
GHED_CHE_pc_US_SHA2011,Current health expenditure (CHE) per capita in US$,numeric,AMR,Americas,Country,NIC,Nicaragua,Year,2003,false,,,,,,,,,,,,,62.13,,,,,,62.13,,,EN,2025-12-04T11:00:00.000Z
GHED_CHE_pc_US_SHA2011,Current health expenditure (CHE) per capita in US$,numeric,EMR,Eastern Mediterranean,Country,KWT,Kuwait,Year,2003,false,,,,,,,,,,,,,626.4,,,,,,626.35,,,EN,2025-12-04T11:00:00.000Z
GHED_CHE_pc_US_SHA2011,Current health expenditure (CHE) per capita in US$,numeric,AFR,Africa,Country,COM,Comoros,Year,2003,false,,,,,,,,,,,,,63.92,,,,,,63.92,,,EN,2025-12-04T11:00:00.000Z
GHED_CHE_pc_US_SHA2011,Current health expenditure (CHE) per capita in US$,numeric,WPR,Western Pacific,Country,PLW,Palau,Year,2003,false,,,,,,,,,,,,,638.3,,,,,,638.31,,,EN,2025-12-04T11:00:00.000Z
GHED_CHE_pc_US_SHA2011,Current health expenditure (CHE) per capita in US$,numeric,EUR,Europe,Country,CZE,Czechia,Year,2003,false,,,,,,,,,,,,,640.7,,,,,,640.66,,,EN,2025-12-04T11:00:00.000Z
GHED_CHE_pc_US_SHA2011,Current health expenditure (CHE) per capita in US$,numeric,EUR,Europe,Country,ARM,Armenia,Year,2003,false,,,,,,,,,,,,,66.32,,,,,,66.32,,,EN,2025-12-04T11:00:00.000Z
GHED_CHE_pc_US_SHA2011,Current health expenditure (CHE) per capita in US$,numeric,EUR,Europe,Country,UKR,Ukraine,Year,2003,false,,,,,,,,,,,,,67.87,,,,,,67.87,,,EN,2025-12-04T11:00:00.000Z
GHED_CHE_pc_US_SHA2011,Current health expenditure (CHE) per capita in US$,numeric,WPR,Western Pacific,Country,TON,Tonga,Year,2003,false,,,,,,,,,,,,,68.05,,,,,,68.05,,,EN,2025-12-04T11:00:00.000Z
GHED_CHE_pc_US_SHA2011,Current health expenditure (CHE) per capita in US$,numeric,AMR,Americas,Country,GUY,Guyana,Year,2003,false,,,,,,,,,,,,,68.2,,,,,,68.20,,,EN,2025-12-04T11:00:00.000Z
GHED_CHE_pc_US_SHA2011,Current health expenditure (CHE) per capita in US$,numeric,EUR,Europe,Country,HUN,Hungary,Year,2003,false,,,,,,,,,,,,,682.9,,,,,,682.87,,,EN,2025-12-04T11:00:00.000Z
GHED_CHE_pc_US_SHA2011,Current health expenditure (CHE) per capita in US$,numeric,WPR,Western Pacific,Country,KOR,Republic of Korea,Year,2003,false,,,,,,,,,,,,,684.8,,,,,,684.80,,,EN,2025-12-04T11:00:00.000Z
GHED_CHE_pc_US_SHA2011,Current health expenditure (CHE) per capita in US$,numeric,AMR,Americas,Country,PRY,Paraguay,Year,2003,false,,,,,,,,,,,,,70.86,,,,,,70.86,,,EN,2025-12-04T11:00:00.000Z
GHED_CHE_pc_US_SHA2011,Current health expenditure (CHE) per capita in US$,numeric,AFR,Africa,Country,STP,Sao Tome and Principe,Year,2003,false,,,,,,,,,,,,,71.21,,,,,,71.21,,,EN,2025-12-04T11:00:00.000Z
GHED_CHE_pc_US_SHA2011,Current health expenditure (CHE) per capita in US$,numeric,EUR,Europe,Country,KAZ,Kazakhstan,Year,2003,false,,,,,,,,,,,,,72.9,,,,,,72.90,,,EN,2025-12-04T11:00:00.000Z
GHED_CHE_pc_US_SHA2011,Current health expenditure (CHE) per capita in US$,numeric,AFR,Africa,Country,DZA,Algeria,Year,2003,false,,,,,,,,,,,,,75.95,,,,,,75.95,,,EN,2025-12-04T11:00:00.000Z
GHED_CHE_pc_US_SHA2011,Current health expenditure (CHE) per capita in US$,numeric,SEAR,South-East Asia,Country,THA,Thailand,Year,2003,false,,,,,,,,,,,,,76.13,,,,,,76.13,,,EN,2025-12-04T11:00:00.000Z
GHED_CHE_pc_US_SHA2011,Current health expenditure (CHE) per capita in US$,numeric,EMR,Eastern Mediterranean,Country,MAR,Morocco,Year,2003,false,,,,,,,,,,,,,77.75,,,,,,77.75,,,EN,2025-12-04T11:00:00.000Z
GHED_CHE_pc_US_SHA2011,Current health expenditure (CHE) per capita in US$,numeric,EMR,Eastern Mediterranean,Country,ARE,United Arab Emirates,Year,2003,false,,,,,,,,,,,,,784.9,,,,,,784.89,,,EN,2025-12-04T11:00:00.000Z
GHED_CHE_pc_US_SHA2011,Current health expenditure (CHE) per capita in US$,numeric,AMR,Americas,Country,HND,Honduras,Year,2003,false,,,,,,,,,,,,,79.65,,,,,,79.65,,,EN,2025-12-04T11:00:00.000Z
GHED_CHE_pc_US_SHA2011,Current health expenditure (CHE) per capita in US$,numeric,EUR,Europe,Country,GEO,Georgia,Year,2003,false,,,,,,,,,,,,,80.65,,,,,,80.65,,,EN,2025-12-04T11:00:00.000Z
GHED_CHE_pc_US_SHA2011,Current health expenditure (CHE) per capita in US$,numeric,AMR,Americas,Country,BRB,Barbados,Year,2003,false,,,,,,,,,,,,,808.1,,,,,,808.06,,,EN,2025-12-04T11:00:00.000Z
GHED_CHE_pc_US_SHA2011,Current health expenditure (CHE) per capita in US$,numeric,WPR,Western Pacific,Country,WSM,Samoa,Year,2003,false,,,,,,,,,,,,,81.96,,,,,,81.96,,,EN,2025-12-04T11:00:00.000Z
GHED_CHE_pc_US_SHA2011,Current health expenditure (CHE) per capita in US$,numeric,AFR,Africa,Country,CPV,Cabo Verde,Year,2003,false,,,,,,,,,,,,,84.66,,,,,,84.66,,,EN,2025-12-04T11:00:00.000Z
GHED_CHE_pc_US_SHA2011,Current health expenditure (CHE) per capita in US$,numeric,WPR,Western Pacific,Country,SGP,Singapore,Year,2003,false,,,,,,,,,,,,,851.1,,,,,,851.11,,,EN,2025-12-04T11:00:00.000Z
GHED_CHE_pc_US_SHA2011,Current health expenditure (CHE) per capita in US$,numeric,WPR,Western Pacific,Country,FJI,Fiji,Year,2003,false,,,,,,,,,,,,,86.1,,,,,,86.10,,,EN,2025-12-04T11:00:00.000Z
GHED_CHE_pc_US_SHA2011,Current health expenditure (CHE) per capita in US$,numeric,AFR,Africa,Country,GNQ,Equatorial Guinea,Year,2003,false,,,,,,,,,,,,,86.83,,,,,,86.83,,,EN,2025-12-04T11:00:00.000Z
GHED_CHE_pc_US_SHA2011,Current health expenditure (CHE) per capita in US$,numeric,SEAR,South-East Asia,Country,BGD,Bangladesh,Year,2003,false,,,,,,,,,,,,,9.98,,,,,,9.98,,,EN,2025-12-04T11:00:00.000Z
GHED_CHE_pc_US_SHA2011,Current health expenditure (CHE) per capita in US$,numeric,AMR,Americas,Country,PER,Peru,Year,2003,false,,,,,,,,,,,,,97.35,,,,,,97.35,,,EN,2025-12-04T11:00:00.000Z
GHED_CHE_pc_US_SHA2011,Current health expenditure (CHE) per capita in US$,numeric,AFR,Africa,Country,MOZ,Mozambique,Year,2002,false,,,,,,,,,,,,,10,,,,,,10.00,,,EN,2025-12-04T11:00:00.000Z
GHED_CHE_pc_US_SHA2011,Current health expenditure (CHE) per capita in US$,numeric,AFR,Africa,Country,CAF,Central African Republic,Year,2002,false,,,,,,,,,,,,,10.44,,,,,,10.44,,,EN,2025-12-04T11:00:00.000Z
GHED_CHE_pc_US_SHA2011,Current health expenditure (CHE) per capita in US$,numeric,SEAR,South-East Asia,Country,NPL,Nepal,Year,2002,false,,,,,,,,,,,,,10.46,,,,,,10.46,,,EN,2025-12-04T11:00:00.000Z
GHED_CHE_pc_US_SHA2011,Current health expenditure (CHE) per capita in US$,numeric,AFR,Africa,Country,NER,Niger,Year,2002,false,,,,,,,,,,,,,10.84,,,,,,10.84,,,EN,2025-12-04T11:00:00.000Z
GHED_CHE_pc_US_SHA2011,Current health expenditure (CHE) per capita in US$,numeric,AMR,Americas,Country,BHS,Bahamas,Year,2002,false,,,,,,,,,,,,,1021,,,,,,1021.04,,,EN,2025-12-04T11:00:00.000Z
GHED_CHE_pc_US_SHA2011,Current health expenditure (CHE) per capita in US$,numeric,EMR,Eastern Mediterranean,Country,IRN,Iran (Islamic Republic of),Year,2002,false,,,,,,,,,,,,,104.6,,,,,,104.64,,,EN,2025-12-04T11:00:00.000Z
GHED_CHE_pc_US_SHA2011,Current health expenditure (CHE) per capita in US$,numeric,AMR,Americas,Country,GTM,Guatemala,Year,2002,false,,,,,,,,,,,,,107.6,,,,,,107.62,,,EN,2025-12-04T11:00:00.000Z
GHED_CHE_pc_US_SHA2011,Current health expenditure (CHE) per capita in US$,numeric,AFR,Africa,Country,MWI,Malawi,Year,2002,false,,,,,,,,,,,,,11.17,,,,,,11.17,,,EN,2025-12-04T11:00:00.000Z
GHED_CHE_pc_US_SHA2011,Current health expenditure (CHE) per capita in US$,numeric,AFR,Africa,Country,BFA,Burkina Faso,Year,2002,false,,,,,,,,,,,,,11.94,,,,,,11.94,,,EN,2025-12-04T11:00:00.000Z
GHED_CHE_pc_US_SHA2011,Current health expenditure (CHE) per capita in US$,numeric,EUR,Europe,Country,PRT,Portugal,Year,2002,false,,,,,,,,,,,,,1139,,,,,,1139.40,,,EN,2025-12-04T11:00:00.000Z
GHED_CHE_pc_US_SHA2011,Current health expenditure (CHE) per capita in US$,numeric,EUR,Europe,Country,GRC,Greece,Year,2002,false,,,,,,,,,,,,,1169,,,,,,1168.82,,,EN,2025-12-04T11:00:00.000Z
GHED_CHE_pc_US_SHA2011,Current health expenditure (CHE) per capita in US$,numeric,EUR,Europe,Country,ESP,Spain,Year,2002,false,,,,,,,,,,,,,1175,,,,,,1174.58,,,EN,2025-12-04T11:00:00.000Z
GHED_CHE_pc_US_SHA2011,Current health expenditure (CHE) per capita in US$,numeric,EMR,Eastern Mediterranean,Country,PSE,"occupied Palestinian territory, including east Jerusalem",Year,2002,false,,,,,,,,,,,,,118.2,,,,,,118.23,,,EN,2025-12-04T11:00:00.000Z
GHED_CHE_pc_US_SHA2011,Current health expenditure (CHE) per capita in US$,numeric,EUR,Europe,Country,BIH,Bosnia and Herzegovina,Year,2002,false,,,,,,,,,,,,,118.9,,,,,,118.87,,,EN,2025-12-04T11:00:00.000Z
GHED_CHE_pc_US_SHA2011,Current health expenditure (CHE) per capita in US$,numeric,WPR,Western Pacific,Country,LAO,Lao People's Democratic Republic,Year,2002,false,,,,,,,,,,,,,12.91,,,,,,12.91,,,EN,2025-12-04T11:00:00.000Z
GHED_CHE_pc_US_SHA2011,Current health expenditure (CHE) per capita in US$,numeric,WPR,Western Pacific,Country,MYS,Malaysia,Year,2002,false,,,,,,,,,,,,,121.6,,,,,,121.61,,,EN,2025-12-04T11:00:00.000Z
GHED_CHE_pc_US_SHA2011,Current health expenditure (CHE) per capita in US$,numeric,EMR,Eastern Mediterranean,Country,TUN,Tunisia,Year,2002,false,,,,,,,,,,,,,124.6,,,,,,124.65,,,EN,2025-12-04T11:00:00.000Z
GHED_CHE_pc_US_SHA2011,Current health expenditure (CHE) per capita in US$,numeric,WPR,Western Pacific,Country,NZL,New Zealand,Year,2002,false,,,,,,,,,,,,,1250,,,,,,1250.13,,,EN,2025-12-04T11:00:00.000Z
GHED_CHE_pc_US_SHA2011,Current health expenditure (CHE) per capita in US$,numeric,EUR,Europe,Country,TKM,Turkmenistan,Year,2002,false,,,,,,,,,,,,,128.1,,,,,,128.09,,,EN,2025-12-04T11:00:00.000Z
GHED_CHE_pc_US_SHA2011,Current health expenditure (CHE) per capita in US$,numeric,AFR,Africa,Country,GAB,Gabon,Year,2002,false,,,,,,,,,,,,,132.1,,,,,,132.07,,,EN,2025-12-04T11:00:00.000Z
GHED_CHE_pc_US_SHA2011,Current health expenditure (CHE) per capita in US$,numeric,AMR,Americas,Country,COL,Colombia,Year,2002,false,,,,,,,,,,,,,132.2,,,,,,132.18,,,EN,2025-12-04T11:00:00.000Z
GHED_CHE_pc_US_SHA2011,Current health expenditure (CHE) per capita in US$,numeric,AFR,Africa,Country,MUS,Mauritius,Year,2002,false,,,,,,,,,,,,,132.4,,,,,,132.39,,,EN,2025-12-04T11:00:00.000Z
GHED_CHE_pc_US_SHA2011,Current health expenditure (CHE) per capita in US$,numeric,EUR,Europe,Country,ISR,Israel,Year,2002,false,,,,,,,,,,,,,1355,,,,,,1355.33,,,EN,2025-12-04T11:00:00.000Z
GHED_CHE_pc_US_SHA2011,Current health expenditure (CHE) per capita in US$,numeric,AFR,Africa,Country,GNB,Guinea-Bissau,Year,2002,false,,,,,,,,,,,,,14.02,,,,,,14.02,,,EN,2025-12-04T11:00:00.000Z
GHED_CHE_pc_US_SHA2011,Current health expenditure (CHE) per capita in US$,numeric,AFR,Africa,Country,GHA,Ghana,Year,2002,false,,,,,,,,,,,,,14.3,,,,,,14.30,,,EN,2025-12-04T11:00:00.000Z
GHED_CHE_pc_US_SHA2011,Current health expenditure (CHE) per capita in US$,numeric,EUR,Europe,Country,KGZ,Kyrgyzstan,Year,2002,false,,,,,,,,,,,,,14.41,,,,,,14.41,,,EN,2025-12-04T11:00:00.000Z
GHED_CHE_pc_US_SHA2011,Current health expenditure (CHE) per capita in US$,numeric,EMR,Eastern Mediterranean,Country,PAK,Pakistan,Year,2002,false,,,,,,,,,,,,,14.98,,,,,,14.98,,,EN,2025-12-04T11:00:00.000Z
GHED_CHE_pc_US_SHA2011,Current health expenditure (CHE) per capita in US$,numeric,EUR,Europe,Country,RUS,Russian Federation,Year,2002,false,,,,,,,,,,,,,140.1,,,,,,140.06,,,EN,2025-12-04T11:00:00.000Z
GHED_CHE_pc_US_SHA2011,Current health expenditure (CHE) per capita in US$,numeric,EUR,Europe,Country,BGR,Bulgaria,Year,2002,false,,,,,,,,,,,,,148.1,,,,,,148.15,,,EN,2025-12-04T11:00:00.000Z
GHED_CHE_pc_US_SHA2011,Current health expenditure (CHE) per capita in US$,numeric,AFR,Africa,Country,MDG,Madagascar,Year,2002,false,,,,,,,,,,,,,15.03,,,,,,15.03,,,EN,2025-12-04T11:00:00.000Z
GHED_CHE_pc_US_SHA2011,Current health expenditure (CHE) per capita in US$,numeric,AFR,Africa,Country,UGA,Uganda,Year,2002,false,,,,,,,,,,,,,15.74,,,,,,15.74,,,EN,2025-12-04T11:00:00.000Z
GHED_CHE_pc_US_SHA2011,Current health expenditure (CHE) per capita in US$,numeric,AFR,Africa,Country,ERI,Eritrea,Year,2002,false,,,,,,,,,,,,,15.78,,,,,,15.78,,,EN,2025-12-04T11:00:00.000Z
GHED_CHE_pc_US_SHA2011,Current health expenditure (CHE) per capita in US$,numeric,AFR,Africa,Country,TGO,Togo,Year,2002,false,,,,,,,,,,,,,15.78,,,,,,15.78,,,EN,2026-04-09T12:00:00.000Z
GHED_CHE_pc_US_SHA2011,Current health expenditure (CHE) per capita in US$,numeric,AFR,Africa,Country,MLI,Mali,Year,2002,false,,,,,,,,,,,,,15.89,,,,,,15.89,,,EN,2025-12-04T11:00:00.000Z
GHED_CHE_pc_US_SHA2011,Current health expenditure (CHE) per capita in US$,numeric,AMR,Americas,Country,DOM,Dominican Republic,Year,2002,false,,,,,,,,,,,,,152.9,,,,,,152.87,,,EN,2025-12-04T11:00:00.000Z
GHED_CHE_pc_US_SHA2011,Current health expenditure (CHE) per capita in US$,numeric,AMR,Americas,Country,SUR,Suriname,Year,2002,false,,,,,,,,,,,,,158.2,,,,,,158.21,,,EN,2025-12-04T11:00:00.000Z
GHED_CHE_pc_US_SHA2011,Current health expenditure (CHE) per capita in US$,numeric,EUR,Europe,Country,AND,Andorra,Year,2002,false,,,,,,,,,,,,,1591,,,,,,1590.69,,,EN,2025-12-04T11:00:00.000Z
GHED_CHE_pc_US_SHA2011,Current health expenditure (CHE) per capita in US$,numeric,EMR,Eastern Mediterranean,Country,AFG,Afghanistan,Year,2002,false,,,,,,,,,,,,,16.71,,,,,,16.71,,,EN,2025-12-04T11:00:00.000Z
GHED_CHE_pc_US_SHA2011,Current health expenditure (CHE) per capita in US$,numeric,EMR,Eastern Mediterranean,Country,SDN,Sudan,Year,2002,false,,,,,,,,,,,,,16.71,,,,,,16.71,,,EN,2025-12-04T11:00:00.000Z
GHED_CHE_pc_US_SHA2011,Current health expenditure (CHE) per capita in US$,numeric,AFR,Africa,Country,BEN,Benin,Year,2002,false,,,,,,,,,,,,,16.92,,,,,,16.92,,,EN,2025-12-04T11:00:00.000Z
GHED_CHE_pc_US_SHA2011,Current health expenditure (CHE) per capita in US$,numeric,AFR,Africa,Country,COG,Congo,Year,2002,false,,,,,,,,,,,,,16.99,,,,,,16.99,,,EN,2025-12-04T11:00:00.000Z
GHED_CHE_pc_US_SHA2011,Current health expenditure (CHE) per capita in US$,numeric,EMR,Eastern Mediterranean,Country,JOR,Jordan,Year,2002,false,,,,,,,,,,,,,164.8,,,,,,164.75,,,EN,2025-12-04T11:00:00.000Z
GHED_CHE_pc_US_SHA2011,Current health expenditure (CHE) per capita in US$,numeric,AMR,Americas,Country,SLV,El Salvador,Year,2002,false,,,,,,,,,,,,,166.8,,,,,,166.81,,,EN,2025-12-04T11:00:00.000Z
GHED_CHE_pc_US_SHA2011,Current health expenditure (CHE) per capita in US$,numeric,WPR,Western Pacific,Country,FSM,Micronesia (Federated States of),Year,2002,false,,,,,,,,,,,,,170,,,,,,169.96,,,EN,2025-12-04T11:00:00.000Z
GHED_CHE_pc_US_SHA2011,Current health expenditure (CHE) per capita in US$,numeric,AFR,Africa,Country,TZA,United Republic of Tanzania,Year,2002,false,,,,,,,,,,,,,17.04,,,,,,17.04,,,EN,2025-12-04T11:00:00.000Z
GHED_CHE_pc_US_SHA2011,Current health expenditure (CHE) per capita in US$,numeric,AFR,Africa,Country,NGA,Nigeria,Year,2002,false,,,,,,,,,,,,,17.54,,,,,,17.54,,,EN,2025-12-04T11:00:00.000Z
GHED_CHE_pc_US_SHA2011,Current health expenditure (CHE) per capita in US$,numeric,AMR,Americas,Country,BLZ,Belize,Year,2002,false,,,,,,,,,,,,,172.8,,,,,,172.82,,,EN,2025-12-04T11:00:00.000Z
GHED_CHE_pc_US_SHA2011,Current health expenditure (CHE) per capita in US$,numeric,EUR,Europe,Country,MKD,North Macedonia,Year,2002,false,,,,,,,,,,,,,172.9,,,,,,172.88,,,EN,2025-12-04T11:00:00.000Z
GHED_CHE_pc_US_SHA2011,Current health expenditure (CHE) per capita in US$,numeric,EUR,Europe,Country,SRB,Serbia,Year,2002,false,,,,,,,,,,,,,173.2,,,,,,173.25,,,EN,2025-12-04T11:00:00.000Z
GHED_CHE_pc_US_SHA2011,Current health expenditure (CHE) per capita in US$,numeric,AMR,Americas,Country,VCT,Saint Vincent and the Grenadines,Year,2002,false,,,,,,,,,,,,,175.5,,,,,,175.48,,,EN,2025-12-04T11:00:00.000Z
GHED_CHE_pc_US_SHA2011,Current health expenditure (CHE) per capita in US$,numeric,WPR,Western Pacific,Country,AUS,Australia,Year,2002,false,,,,,,,,,,,,,1753,,,,,,1752.94,,,EN,2025-12-04T11:00:00.000Z
GHED_CHE_pc_US_SHA2011,Current health expenditure (CHE) per capita in US$,numeric,EUR,Europe,Country,ITA,Italy,Year,2002,false,,,,,,,,,,,,,1762,,,,,,1762.36,,,EN,2025-12-04T11:00:00.000Z
GHED_CHE_pc_US_SHA2011,Current health expenditure (CHE) per capita in US$,numeric,AFR,Africa,Country,ZAF,South Africa,Year,2002,false,,,,,,,,,,,,,179.5,,,,,,179.51,,,EN,2025-12-04T11:00:00.000Z
GHED_CHE_pc_US_SHA2011,Current health expenditure (CHE) per capita in US$,numeric,AFR,Africa,Country,TCD,Chad,Year,2002,false,,,,,,,,,,,,,18.02,,,,,,18.02,,,EN,2025-12-04T11:00:00.000Z
GHED_CHE_pc_US_SHA2011,Current health expenditure (CHE) per capita in US$,numeric,WPR,Western Pacific,Country,IDN,Indonesia,Year,2002,false,,,,,,,,,,,,,18.98,,,,,,18.98,,,EN,2025-12-04T11:00:00.000Z
GHED_CHE_pc_US_SHA2011,Current health expenditure (CHE) per capita in US$,numeric,EUR,Europe,Country,TUR,Türkiye,Year,2002,false,,,,,,,,,,,,,181.4,,,,,,181.39,,,EN,2025-12-04T11:00:00.000Z
GHED_CHE_pc_US_SHA2011,Current health expenditure (CHE) per capita in US$,numeric,EMR,Eastern Mediterranean,Country,LBY,Libya,Year,2002,false,,,,,,,,,,,,,181.7,,,,,,181.73,,,EN,2025-12-04T11:00:00.000Z
GHED_CHE_pc_US_SHA2011,Current health expenditure (CHE) per capita in US$,numeric,AFR,Africa,Country,NAM,Namibia,Year,2002,false,,,,,,,,,,,,,187.9,,,,,,187.86,,,EN,2025-12-04T11:00:00.000Z
GHED_CHE_pc_US_SHA2011,Current health expenditure (CHE) per capita in US$,numeric,SEAR,South-East Asia,Country,IND,India,Year,2002,false,,,,,,,,,,,,,20.16,,,,,,20.16,,,EN,2025-12-04T11:00:00.000Z
GHED_CHE_pc_US_SHA2011,Current health expenditure (CHE) per capita in US$,numeric,EUR,Europe,Country,AZE,Azerbaijan,Year,2002,false,,,,,,,,,,,,,20.46,,,,,,20.46,,,EN,2025-12-04T11:00:00.000Z
GHED_CHE_pc_US_SHA2011,Current health expenditure (CHE) per capita in US$,numeric,WPR,Western Pacific,Country,PNG,Papua New Guinea,Year,2002,false,,,,,,,,,,,,,20.55,,,,,,20.55,,,EN,2025-12-04T11:00:00.000Z
GHED_CHE_pc_US_SHA2011,Current health expenditure (CHE) per capita in US$,numeric,AMR,Americas,Country,JAM,Jamaica,Year,2002,false,,,,,,,,,,,,,205.4,,,,,,205.36,,,EN,2025-12-04T11:00:00.000Z
GHED_CHE_pc_US_SHA2011,Current health expenditure (CHE) per capita in US$,numeric,EUR,Europe,Country,FIN,Finland,Year,2002,false,,,,,,,,,,,,,2059,,,,,,2059.33,,,EN,2025-12-04T11:00:00.000Z
GHED_CHE_pc_US_SHA2011,Current health expenditure (CHE) per capita in US$,numeric,AFR,Africa,Country,BWA,Botswana,Year,2002,false,,,,,,,,,,,,,206.1,,,,,,206.11,,,EN,2025-12-04T11:00:00.000Z
GHED_CHE_pc_US_SHA2011,Current health expenditure (CHE) per capita in US$,numeric,WPR,Western Pacific,Country,TUV,Tuvalu,Year,2002,false,,,,,,,,,,,,,207.2,,,,,,207.18,,,EN,2025-12-04T11:00:00.000Z
GHED_CHE_pc_US_SHA2011,Current health expenditure (CHE) per capita in US$,numeric,EUR,Europe,Country,BEL,Belgium,Year,2002,false,,,,,,,,,,,,,2085,,,,,,2084.72,,,EN,2025-12-04T11:00:00.000Z
GHED_CHE_pc_US_SHA2011,Current health expenditure (CHE) per capita in US$,numeric,WPR,Western Pacific,Country,VNM,Viet Nam,Year,2002,false,,,,,,,,,,,,,21.88,,,,,,21.88,,,EN,2025-12-04T11:00:00.000Z
GHED_CHE_pc_US_SHA2011,Current health expenditure (CHE) per capita in US$,numeric,AMR,Americas,Country,CUB,Cuba,Year,2002,false,,,,,,,,,,,,,213.8,,,,,,213.82,,,EN,2025-12-04T11:00:00.000Z
GHED_CHE_pc_US_SHA2011,Current health expenditure (CHE) per capita in US$,numeric,AMR,Americas,Country,CAN,Canada,Year,2002,false,,,,,,,,,,,,,2135,,,,,,2134.85,,,EN,2025-12-04T11:00:00.000Z
GHED_CHE_pc_US_SHA2011,Current health expenditure (CHE) per capita in US$,numeric,AMR,Americas,Country,ARG,Argentina,Year,2002,false,,,,,,,,,,,,,220,,,,,,219.96,,,EN,2025-12-04T11:00:00.000Z
GHED_CHE_pc_US_SHA2011,Current health expenditure (CHE) per capita in US$,numeric,AFR,Africa,Country,KEN,Kenya,Year,2002,false,,,,,,,,,,,,,22.29,,,,,,22.29,,,EN,2025-12-04T11:00:00.000Z
GHED_CHE_pc_US_SHA2011,Current health expenditure (CHE) per capita in US$,numeric,AFR,Africa,Country,SLE,Sierra Leone,Year,2002,false,,,,,,,,,,,,,22.29,,,,,,22.29,,,EN,2025-12-04T11:00:00.000Z
GHED_CHE_pc_US_SHA2011,Current health expenditure (CHE) per capita in US$,numeric,AMR,Americas,Country,HTI,Haiti,Year,2002,false,,,,,,,,,,,,,22.37,,,,,,22.37,,,EN,2025-12-04T11:00:00.000Z
GHED_CHE_pc_US_SHA2011,Current health expenditure (CHE) per capita in US$,numeric,EUR,Europe,Country,IRL,Ireland,Year,2002,false,,,,,,,,,,,,,2200,,,,,,2200.36,,,EN,2025-12-04T11:00:00.000Z
GHED_CHE_pc_US_SHA2011,Current health expenditure (CHE) per capita in US$,numeric,EUR,Europe,Country,SMR,San Marino,Year,2002,false,,,,,,,,,,,,,2253,,,,,,2253.22,,,EN,2025-12-04T11:00:00.000Z
GHED_CHE_pc_US_SHA2011,Current health expenditure (CHE) per capita in US$,numeric,AMR,Americas,Country,DMA,Dominica,Year,2002,false,,,,,,,,,,,,,226.9,,,,,,226.87,,,EN,2025-12-04T11:00:00.000Z
GHED_CHE_pc_US_SHA2011,Current health expenditure (CHE) per capita in US$,numeric,AFR,Africa,Country,ZMB,Zambia,Year,2002,false,,,,,,,,,,,,,23.19,,,,,,23.19,,,EN,2025-12-04T11:00:00.000Z
GHED_CHE_pc_US_SHA2011,Current health expenditure (CHE) per capita in US$,numeric,AFR,Africa,Country,LSO,Lesotho,Year,2002,false,,,,,,,,,,,,,23.2,,,,,,23.20,,,EN,2025-12-04T11:00:00.000Z
GHED_CHE_pc_US_SHA2011,Current health expenditure (CHE) per capita in US$,numeric,EUR,Europe,Country,GBR,United Kingdom of Great Britain and Northern Ireland,Year,2002,false,,,,,,,,,,,,,2364,,,,,,2364.05,,,EN,2025-12-04T11:00:00.000Z
GHED_CHE_pc_US_SHA2011,Current health expenditure (CHE) per capita in US$,numeric,EUR,Europe,Country,LVA,Latvia,Year,2002,false,,,,,,,,,,,,,237.3,,,,,,237.30,,,EN,2025-12-04T11:00:00.000Z
GHED_CHE_pc_US_SHA2011,Current health expenditure (CHE) per capita in US$,numeric,WPR,Western Pacific,Country,KHM,Cambodia,Year,2002,false,,,,,,,,,,,,,24.26,,,,,,24.26,,,EN,2025-12-04T11:00:00.000Z
GHED_CHE_pc_US_SHA2011,Current health expenditure (CHE) per capita in US$,numeric,EUR,Europe,Country,UZB,Uzbekistan,Year,2002,false,,,,,,,,,,,,,24.51,,,,,,24.51,,,EN,2025-12-04T11:00:00.000Z
GHED_CHE_pc_US_SHA2011,Current health expenditure (CHE) per capita in US$,numeric,EMR,Eastern Mediterranean,Country,YEM,Yemen,Year,2002,false,,,,,,,,,,,,,24.8,,,,,,24.80,,,EN,2025-12-04T11:00:00.000Z
GHED_CHE_pc_US_SHA2011,Current health expenditure (CHE) per capita in US$,numeric,AFR,Africa,Country,GIN,Guinea,Year,2002,false,,,,,,,,,,,,,24.84,,,,,,24.84,,,EN,2025-12-04T11:00:00.000Z
GHED_CHE_pc_US_SHA2011,Current health expenditure (CHE) per capita in US$,numeric,WPR,Western Pacific,Country,JPN,Japan,Year,2002,false,,,,,,,,,,,,,2412,,,,,,2412.35,,,EN,2025-12-04T11:00:00.000Z
GHED_CHE_pc_US_SHA2011,Current health expenditure (CHE) per capita in US$,numeric,EUR,Europe,Country,FRA,France,Year,2002,false,,,,,,,,,,,,,2450,,,,,,2449.76,,,EN,2025-12-04T11:00:00.000Z
GHED_CHE_pc_US_SHA2011,Current health expenditure (CHE) per capita in US$,numeric,EUR,Europe,Country,SWE,Sweden,Year,2002,false,,,,,,,,,,,,,2457,,,,,,2456.70,,,EN,2025-12-04T11:00:00.000Z
GHED_CHE_pc_US_SHA2011,Current health expenditure (CHE) per capita in US$,numeric,AMR,Americas,Country,BRA,Brazil,Year,2002,false,,,,,,,,,,,,,248.4,,,,,,248.38,,,EN,2025-12-04T11:00:00.000Z
GHED_CHE_pc_US_SHA2011,Current health expenditure (CHE) per capita in US$,numeric,SEAR,South-East Asia,Country,MDV,Maldives,Year,2002,false,,,,,,,,,,,,,249.5,,,,,,249.48,,,EN,2025-12-04T11:00:00.000Z
GHED_CHE_pc_US_SHA2011,Current health expenditure (CHE) per capita in US$,numeric,AFR,Africa,Country,MRT,Mauritania,Year,2002,false,,,,,,,,,,,,,25.97,,,,,,25.97,,,EN,2025-12-04T11:00:00.000Z
GHED_CHE_pc_US_SHA2011,Current health expenditure (CHE) per capita in US$,numeric,EUR,Europe,Country,EST,Estonia,Year,2002,false,,,,,,,,,,,,,250.5,,,,,,250.48,,,EN,2025-12-04T11:00:00.000Z
GHED_CHE_pc_US_SHA2011,Current health expenditure (CHE) per capita in US$,numeric,EUR,Europe,Country,AUT,Austria,Year,2002,false,,,,,,,,,,,,,2532,,,,,,2531.62,,,EN,2025-12-04T11:00:00.000Z
GHED_CHE_pc_US_SHA2011,Current health expenditure (CHE) per capita in US$,numeric,EUR,Europe,Country,SVK,Slovakia,Year,2002,false,,,,,,,,,,,,,254.1,,,,,,254.13,,,EN,2025-12-04T11:00:00.000Z
GHED_CHE_pc_US_SHA2011,Current health expenditure (CHE) per capita in US$,numeric,EUR,Europe,Country,LTU,Lithuania,Year,2002,false,,,,,,,,,,,,,254.4,,,,,,254.37,,,EN,2025-12-04T11:00:00.000Z
GHED_CHE_pc_US_SHA2011,Current health expenditure (CHE) per capita in US$,numeric,EUR,Europe,Country,NLD,Netherlands (Kingdom of the),Year,2002,false,,,,,,,,,,,,,2545,,,,,,2544.81,,,EN,2025-12-04T11:00:00.000Z
GHED_CHE_pc_US_SHA2011,Current health expenditure (CHE) per capita in US$,numeric,EUR,Europe,Country,DEU,Germany,Year,2002,false,,,,,,,,,,,,,2558,,,,,,2557.54,,,EN,2025-12-04T11:00:00.000Z
GHED_CHE_pc_US_SHA2011,Current health expenditure (CHE) per capita in US$,numeric,AFR,Africa,Country,SEN,Senegal,Year,2002,false,,,,,,,,,,,,,26.46,,,,,,26.46,,,EN,2025-12-04T11:00:00.000Z
GHED_CHE_pc_US_SHA2011,Current health expenditure (CHE) per capita in US$,numeric,WPR,Western Pacific,Country,PHL,Philippines,Year,2002,false,,,,,,,,,,,,,26.77,,,,,,26.77,,,EN,2025-12-04T11:00:00.000Z
GHED_CHE_pc_US_SHA2011,Current health expenditure (CHE) per capita in US$,numeric,EMR,Eastern Mediterranean,Country,OMN,Oman,Year,2002,false,,,,,,,,,,,,,274.1,,,,,,274.11,,,EN,2025-12-04T11:00:00.000Z
GHED_CHE_pc_US_SHA2011,Current health expenditure (CHE) per capita in US$,numeric,WPR,Western Pacific,Country,COK,Cook Islands,Year,2002,false,,,,,,,,,,,,,278.5,,,,,,278.54,,,EN,2025-12-04T11:00:00.000Z
GHED_CHE_pc_US_SHA2011,Current health expenditure (CHE) per capita in US$,numeric,AMR,Americas,Country,CRI,Costa Rica,Year,2002,false,,,,,,,,,,,,,279.4,,,,,,279.42,,,EN,2025-12-04T11:00:00.000Z
GHED_CHE_pc_US_SHA2011,Current health expenditure (CHE) per capita in US$,numeric,EUR,Europe,Country,DNK,Denmark,Year,2002,false,,,,,,,,,,,,,2892,,,,,,2891.71,,,EN,2025-12-04T11:00:00.000Z
GHED_CHE_pc_US_SHA2011,Current health expenditure (CHE) per capita in US$,numeric,AFR,Africa,Country,AGO,Angola,Year,2002,false,,,,,,,,,,,,,29.37,,,,,,29.37,,,EN,2025-12-04T11:00:00.000Z
GHED_CHE_pc_US_SHA2011,Current health expenditure (CHE) per capita in US$,numeric,WPR,Western Pacific,Country,NRU,Naoero,Year,2002,false,,,,,,,,,,,,,298.9,,,,,,298.91,,,EN,2025-12-04T11:00:00.000Z
GHED_CHE_pc_US_SHA2011,Current health expenditure (CHE) per capita in US$,numeric,AMR,Americas,Country,LCA,Saint Lucia,Year,2002,false,,,,,,,,,,,,,299.8,,,,,,299.80,,,EN,2025-12-04T11:00:00.000Z
GHED_CHE_pc_US_SHA2011,Current health expenditure (CHE) per capita in US$,numeric,WPR,Western Pacific,Country,MNG,Mongolia,Year,2002,false,,,,,,,,,,,,,30.68,,,,,,30.68,,,EN,2025-12-04T11:00:00.000Z
GHED_CHE_pc_US_SHA2011,Current health expenditure (CHE) per capita in US$,numeric,EUR,Europe,Country,ISL,Iceland,Year,2002,false,,,,,,,,,,,,,3047,,,,,,3046.82,,,EN,2025-12-04T11:00:00.000Z
GHED_CHE_pc_US_SHA2011,Current health expenditure (CHE) per capita in US$,numeric,AMR,Americas,Country,GRD,Grenada,Year,2002,false,,,,,,,,,,,,,307.8,,,,,,307.84,,,EN,2025-12-04T11:00:00.000Z
GHED_CHE_pc_US_SHA2011,Current health expenditure (CHE) per capita in US$,numeric,AMR,Americas,Country,PAN,Panama,Year,2002,false,,,,,,,,,,,,,308.6,,,,,,308.59,,,EN,2025-12-04T11:00:00.000Z
GHED_CHE_pc_US_SHA2011,Current health expenditure (CHE) per capita in US$,numeric,WPR,Western Pacific,Country,MHL,Marshall Islands,Year,2002,false,,,,,,,,,,,,,309.7,,,,,,309.73,,,EN,2025-12-04T11:00:00.000Z
GHED_CHE_pc_US_SHA2011,Current health expenditure (CHE) per capita in US$,numeric,AFR,Africa,Country,CMR,Cameroon,Year,2002,false,,,,,,,,,,,,,31.8,,,,,,31.80,,,EN,2025-12-04T11:00:00.000Z
GHED_CHE_pc_US_SHA2011,Current health expenditure (CHE) per capita in US$,numeric,EUR,Europe,Country,POL,Poland,Year,2002,false,,,,,,,,,,,,,315.8,,,,,,315.83,,,EN,2025-12-04T11:00:00.000Z
GHED_CHE_pc_US_SHA2011,Current health expenditure (CHE) per capita in US$,numeric,AMR,Americas,Country,CHL,Chile,Year,2002,false,,,,,,,,,,,,,319.5,,,,,,319.53,,,EN,2025-12-04T11:00:00.000Z
GHED_CHE_pc_US_SHA2011,Current health expenditure (CHE) per capita in US$,numeric,AFR,Africa,Country,CIV,Cote d'Ivoire,Year,2002,false,,,,,,,,,,,,,32.55,,,,,,32.55,,,EN,2025-12-04T11:00:00.000Z
GHED_CHE_pc_US_SHA2011,Current health expenditure (CHE) per capita in US$,numeric,SEAR,South-East Asia,Country,BTN,Bhutan,Year,2002,false,,,,,,,,,,,,,32.94,,,,,,32.94,,,EN,2025-12-04T11:00:00.000Z
GHED_CHE_pc_US_SHA2011,Current health expenditure (CHE) per capita in US$,numeric,AMR,Americas,Country,TTO,Trinidad and Tobago,Year,2002,false,,,,,,,,,,,,,324.4,,,,,,324.37,,,EN,2025-12-04T11:00:00.000Z
GHED_CHE_pc_US_SHA2011,Current health expenditure (CHE) per capita in US$,numeric,EUR,Europe,Country,MDA,Republic of Moldova,Year,2002,false,,,,,,,,,,,,,33.92,,,,,,33.92,,,EN,2025-12-04T11:00:00.000Z
GHED_CHE_pc_US_SHA2011,Current health expenditure (CHE) per capita in US$,numeric,EUR,Europe,Country,MCO,Monaco,Year,2002,false,,,,,,,,,,,,,3376,,,,,,3375.89,,,EN,2025-12-04T11:00:00.000Z
GHED_CHE_pc_US_SHA2011,Current health expenditure (CHE) per capita in US$,numeric,AFR,Africa,Country,SYC,Seychelles,Year,2002,false,,,,,,,,,,,,,340.8,,,,,,340.82,,,EN,2025-12-04T11:00:00.000Z
GHED_CHE_pc_US_SHA2011,Current health expenditure (CHE) per capita in US$,numeric,AFR,Africa,Country,GMB,Gambia,Year,2002,false,,,,,,,,,,,,,35.99,,,,,,35.99,,,EN,2025-12-04T11:00:00.000Z
GHED_CHE_pc_US_SHA2011,Current health expenditure (CHE) per capita in US$,numeric,EUR,Europe,Country,LUX,Luxembourg,Year,2002,false,,,,,,,,,,,,,3601,,,,,,3600.87,,,EN,2025-12-04T11:00:00.000Z
GHED_CHE_pc_US_SHA2011,Current health expenditure (CHE) per capita in US$,numeric,AMR,Americas,Country,MEX,Mexico,Year,2002,false,,,,,,,,,,,,,385.6,,,,,,385.61,,,EN,2025-12-04T11:00:00.000Z
GHED_CHE_pc_US_SHA2011,Current health expenditure (CHE) per capita in US$,numeric,EUR,Europe,Country,HRV,Croatia,Year,2002,false,,,,,,,,,,,,,386.4,,,,,,386.42,,,EN,2025-12-04T11:00:00.000Z
GHED_CHE_pc_US_SHA2011,Current health expenditure (CHE) per capita in US$,numeric,EUR,Europe,Country,NOR,Norway,Year,2002,false,,,,,,,,,,,,,3890,,,,,,3889.96,,,EN,2025-12-04T11:00:00.000Z
GHED_CHE_pc_US_SHA2011,Current health expenditure (CHE) per capita in US$,numeric,EMR,Eastern Mediterranean,Country,DJI,Djibouti,Year,2002,false,,,,,,,,,,,,,39.5,,,,,,39.50,,,EN,2025-12-04T11:00:00.000Z
GHED_CHE_pc_US_SHA2011,Current health expenditure (CHE) per capita in US$,numeric,EMR,Eastern Mediterranean,Country,LBN,Lebanon,Year,2002,false,,,,,,,,,,,,,391.7,,,,,,391.74,,,EN,2025-12-04T11:00:00.000Z
GHED_CHE_pc_US_SHA2011,Current health expenditure (CHE) per capita in US$,numeric,AFR,Africa,Country,COD,Democratic Republic of the Congo,Year,2002,false,,,,,,,,,,,,,4.18,,,,,,4.18,,,EN,2025-12-04T11:00:00.000Z
GHED_CHE_pc_US_SHA2011,Current health expenditure (CHE) per capita in US$,numeric,SEAR,South-East Asia,Country,LKA,Sri Lanka,Year,2002,false,,,,,,,,,,,,,41.24,,,,,,41.24,,,EN,2025-12-04T11:00:00.000Z
GHED_CHE_pc_US_SHA2011,Current health expenditure (CHE) per capita in US$,numeric,EUR,Europe,Country,CHE,Switzerland,Year,2002,false,,,,,,,,,,,,,4198,,,,,,4198.36,,,EN,2025-12-04T11:00:00.000Z
GHED_CHE_pc_US_SHA2011,Current health expenditure (CHE) per capita in US$,numeric,WPR,Western Pacific,Country,NIU,Niue,Year,2002,false,,,,,,,,,,,,,429.8,,,,,,429.83,,,EN,2025-12-04T11:00:00.000Z
GHED_CHE_pc_US_SHA2011,Current health expenditure (CHE) per capita in US$,numeric,AMR,Americas,Country,BOL,Bolivia (Plurinational State of),Year,2002,false,,,,,,,,,,,,,43.49,,,,,,43.49,,,EN,2025-12-04T11:00:00.000Z
GHED_CHE_pc_US_SHA2011,Current health expenditure (CHE) per capita in US$,numeric,AMR,Americas,Country,URY,Uruguay,Year,2002,false,,,,,,,,,,,,,436.4,,,,,,436.44,,,EN,2025-12-04T11:00:00.000Z
GHED_CHE_pc_US_SHA2011,Current health expenditure (CHE) per capita in US$,numeric,EMR,Eastern Mediterranean,Country,SAU,Saudi Arabia,Year,2002,false,,,,,,,,,,,,,449.8,,,,,,449.84,,,EN,2025-12-04T11:00:00.000Z
GHED_CHE_pc_US_SHA2011,Current health expenditure (CHE) per capita in US$,numeric,AMR,Americas,Country,KNA,Saint Kitts and Nevis,Year,2002,false,,,,,,,,,,,,,465.1,,,,,,465.08,,,EN,2025-12-04T11:00:00.000Z
GHED_CHE_pc_US_SHA2011,Current health expenditure (CHE) per capita in US$,numeric,EMR,Eastern Mediterranean,Country,BHR,Bahrain,Year,2002,false,,,,,,,,,,,,,469.2,,,,,,469.15,,,EN,2025-12-04T11:00:00.000Z
GHED_CHE_pc_US_SHA2011,Current health expenditure (CHE) per capita in US$,numeric,EUR,Europe,Country,HUN,Hungary,Year,2002,false,,,,,,,,,,,,,473.1,,,,,,473.13,,,EN,2025-12-04T11:00:00.000Z
GHED_CHE_pc_US_SHA2011,Current health expenditure (CHE) per capita in US$,numeric,WPR,Western Pacific,Country,BRN,Brunei Darussalam,Year,2002,false,,,,,,,,,,,,,482.5,,,,,,482.53,,,EN,2025-12-04T11:00:00.000Z
GHED_CHE_pc_US_SHA2011,Current health expenditure (CHE) per capita in US$,numeric,WPR,Western Pacific,Country,CHN,China,Year,2002,false,,,,,,,,,,,,,49.92,,,,,,49.92,,,EN,2025-12-04T11:00:00.000Z
GHED_CHE_pc_US_SHA2011,Current health expenditure (CHE) per capita in US$,numeric,EUR,Europe,Country,CZE,Czechia,Year,2002,false,,,,,,,,,,,,,497.7,,,,,,497.74,,,EN,2025-12-04T11:00:00.000Z
GHED_CHE_pc_US_SHA2011,Current health expenditure (CHE) per capita in US$,numeric,AFR,Africa,Country,ETH,Ethiopia,Year,2002,false,,,,,,,,,,,,,5.15,,,,,,5.15,,,EN,2025-12-04T11:00:00.000Z
GHED_CHE_pc_US_SHA2011,Current health expenditure (CHE) per capita in US$,numeric,AFR,Africa,Country,STP,Sao Tome and Principe,Year,2002,false,,,,,,,,,,,,,50.61,,,,,,50.61,,,EN,2025-12-04T11:00:00.000Z
GHED_CHE_pc_US_SHA2011,Current health expenditure (CHE) per capita in US$,numeric,AFR,Africa,Country,COM,Comoros,Year,2002,false,,,,,,,,,,,,,51.12,,,,,,51.12,,,EN,2025-12-04T11:00:00.000Z
GHED_CHE_pc_US_SHA2011,Current health expenditure (CHE) per capita in US$,numeric,EUR,Europe,Country,UKR,Ukraine,Year,2002,false,,,,,,,,,,,,,52.12,,,,,,52.12,,,EN,2025-12-04T11:00:00.000Z
GHED_CHE_pc_US_SHA2011,Current health expenditure (CHE) per capita in US$,numeric,WPR,Western Pacific,Country,VUT,Vanuatu,Year,2002,false,,,,,,,,,,,,,52.35,,,,,,52.35,,,EN,2025-12-04T11:00:00.000Z
GHED_CHE_pc_US_SHA2011,Current health expenditure (CHE) per capita in US$,numeric,AMR,Americas,Country,USA,United States of America,Year,2002,false,,,,,,,,,,,,,5328,,,,,,5327.94,,,EN,2025-12-04T11:00:00.000Z
GHED_CHE_pc_US_SHA2011,Current health expenditure (CHE) per capita in US$,numeric,WPR,Western Pacific,Country,KOR,Republic of Korea,Year,2002,false,,,,,,,,,,,,,536.9,,,,,,536.92,,,EN,2025-12-04T11:00:00.000Z
GHED_CHE_pc_US_SHA2011,Current health expenditure (CHE) per capita in US$,numeric,AMR,Americas,Country,ATG,Antigua and Barbuda,Year,2002,false,,,,,,,,,,,,,559.1,,,,,,559.08,,,EN,2025-12-04T11:00:00.000Z
GHED_CHE_pc_US_SHA2011,Current health expenditure (CHE) per capita in US$,numeric,EUR,Europe,Country,KAZ,Kazakhstan,Year,2002,false,,,,,,,,,,,,,56.88,,,,,,56.88,,,EN,2025-12-04T11:00:00.000Z
GHED_CHE_pc_US_SHA2011,Current health expenditure (CHE) per capita in US$,numeric,EMR,Eastern Mediterranean,Country,KWT,Kuwait,Year,2002,false,,,,,,,,,,,,,578.4,,,,,,578.42,,,EN,2025-12-04T11:00:00.000Z
GHED_CHE_pc_US_SHA2011,Current health expenditure (CHE) per capita in US$,numeric,AMR,Americas,Country,NIC,Nicaragua,Year,2002,false,,,,,,,,,,,,,58.15,,,,,,58.15,,,EN,2025-12-04T11:00:00.000Z
GHED_CHE_pc_US_SHA2011,Current health expenditure (CHE) per capita in US$,numeric,EUR,Europe,Country,ARM,Armenia,Year,2002,false,,,,,,,,,,,,,59.21,,,,,,59.21,,,EN,2025-12-04T11:00:00.000Z
GHED_CHE_pc_US_SHA2011,Current health expenditure (CHE) per capita in US$,numeric,AFR,Africa,Country,BDI,Burundi,Year,2002,false,,,,,,,,,,,,,6.47,,,,,,6.47,,,EN,2025-12-04T11:00:00.000Z
GHED_CHE_pc_US_SHA2011,Current health expenditure (CHE) per capita in US$,numeric,AFR,Africa,Country,LBR,Liberia,Year,2002,false,,,,,,,,,,,,,6.6,,,,,,6.60,,,EN,2025-12-04T11:00:00.000Z
GHED_CHE_pc_US_SHA2011,Current health expenditure (CHE) per capita in US$,numeric,WPR,Western Pacific,Country,PLW,Palau,Year,2002,false,,,,,,,,,,,,,609,,,,,,609.03,,,EN,2025-12-04T11:00:00.000Z
GHED_CHE_pc_US_SHA2011,Current health expenditure (CHE) per capita in US$,numeric,WPR,Western Pacific,Country,TON,Tonga,Year,2002,false,,,,,,,,,,,,,62.65,,,,,,62.65,,,EN,2025-12-04T11:00:00.000Z
GHED_CHE_pc_US_SHA2011,Current health expenditure (CHE) per capita in US$,numeric,EMR,Eastern Mediterranean,Country,SYR,Syrian Arab Republic,Year,2002,false,,,,,,,,,,,,,62.75,,,,,,62.75,,,EN,2025-12-04T11:00:00.000Z
GHED_CHE_pc_US_SHA2011,Current health expenditure (CHE) per capita in US$,numeric,EMR,Eastern Mediterranean,Country,MAR,Morocco,Year,2002,false,,,,,,,,,,,,,63.58,,,,,,63.58,,,EN,2025-12-04T11:00:00.000Z
GHED_CHE_pc_US_SHA2011,Current health expenditure (CHE) per capita in US$,numeric,EMR,Eastern Mediterranean,Country,EGY,Egypt,Year,2002,false,,,,,,,,,,,,,64,,,,,,64.00,,,EN,2025-12-04T11:00:00.000Z
GHED_CHE_pc_US_SHA2011,Current health expenditure (CHE) per capita in US$,numeric,AMR,Americas,Country,GUY,Guyana,Year,2002,false,,,,,,,,,,,,,65.04,,,,,,65.04,,,EN,2025-12-04T11:00:00.000Z
GHED_CHE_pc_US_SHA2011,Current health expenditure (CHE) per capita in US$,numeric,AMR,Americas,Country,PRY,Paraguay,Year,2002,false,,,,,,,,,,,,,65.07,,,,,,65.07,,,EN,2025-12-04T11:00:00.000Z
GHED_CHE_pc_US_SHA2011,Current health expenditure (CHE) per capita in US$,numeric,EUR,Europe,Country,GEO,Georgia,Year,2002,false,,,,,,,,,,,,,66.09,,,,,,66.09,,,EN,2025-12-04T11:00:00.000Z
GHED_CHE_pc_US_SHA2011,Current health expenditure (CHE) per capita in US$,numeric,AFR,Africa,Country,DZA,Algeria,Year,2002,false,,,,,,,,,,,,,66.68,,,,,,66.68,,,EN,2025-12-04T11:00:00.000Z
GHED_CHE_pc_US_SHA2011,Current health expenditure (CHE) per capita in US$,numeric,EMR,Eastern Mediterranean,Country,QAT,Qatar,Year,2002,false,,,,,,,,,,,,,668.9,,,,,,668.86,,,EN,2025-12-04T11:00:00.000Z
GHED_CHE_pc_US_SHA2011,Current health expenditure (CHE) per capita in US$,numeric,AMR,Americas,Country,BRB,Barbados,Year,2002,false,,,,,,,,,,,,,689.3,,,,,,689.31,,,EN,2025-12-04T11:00:00.000Z
GHED_CHE_pc_US_SHA2011,Current health expenditure (CHE) per capita in US$,numeric,AFR,Africa,Country,CPV,Cabo Verde,Year,2002,false,,,,,,,,,,,,,69.12,,,,,,69.12,,,EN,2025-12-04T11:00:00.000Z
GHED_CHE_pc_US_SHA2011,Current health expenditure (CHE) per capita in US$,numeric,WPR,Western Pacific,Country,FJI,Fiji,Year,2002,false,,,,,,,,,,,,,69.41,,,,,,69.41,,,EN,2025-12-04T11:00:00.000Z
GHED_CHE_pc_US_SHA2011,Current health expenditure (CHE) per capita in US$,numeric,SEAR,South-East Asia,Country,THA,Thailand,Year,2002,false,,,,,,,,,,,,,69.69,,,,,,69.69,,,EN,2025-12-04T11:00:00.000Z
GHED_CHE_pc_US_SHA2011,Current health expenditure (CHE) per capita in US$,numeric,SEAR,South-East Asia,Country,MMR,Myanmar,Year,2002,false,,,,,,,,,,,,,7.08,,,,,,7.08,,,EN,2025-12-04T11:00:00.000Z
GHED_CHE_pc_US_SHA2011,Current health expenditure (CHE) per capita in US$,numeric,AFR,Africa,Country,RWA,Rwanda,Year,2002,false,,,,,,,,,,,,,7.32,,,,,,7.32,,,EN,2025-12-04T11:00:00.000Z
GHED_CHE_pc_US_SHA2011,Current health expenditure (CHE) per capita in US$,numeric,AMR,Americas,Country,HND,Honduras,Year,2002,false,,,,,,,,,,,,,70.72,,,,,,70.72,,,EN,2025-12-04T11:00:00.000Z
GHED_CHE_pc_US_SHA2011,Current health expenditure (CHE) per capita in US$,numeric,WPR,Western Pacific,Country,WSM,Samoa,Year,2002,false,,,,,,,,,,,,,72.41,,,,,,72.41,,,EN,2025-12-04T11:00:00.000Z
GHED_CHE_pc_US_SHA2011,Current health expenditure (CHE) per capita in US$,numeric,AFR,Africa,Country,SWZ,Eswatini,Year,2002,false,,,,,,,,,,,,,74.66,,,,,,74.66,,,EN,2025-12-04T11:00:00.000Z
GHED_CHE_pc_US_SHA2011,Current health expenditure (CHE) per capita in US$,numeric,AFR,Africa,Country,GNQ,Equatorial Guinea,Year,2002,false,,,,,,,,,,,,,74.94,,,,,,74.94,,,EN,2025-12-04T11:00:00.000Z
GHED_CHE_pc_US_SHA2011,Current health expenditure (CHE) per capita in US$,numeric,WPR,Western Pacific,Country,SGP,Singapore,Year,2002,false,,,,,,,,,,,,,749.4,,,,,,749.44,,,EN,2025-12-04T11:00:00.000Z
GHED_CHE_pc_US_SHA2011,Current health expenditure (CHE) per capita in US$,numeric,EMR,Eastern Mediterranean,Country,ARE,United Arab Emirates,Year,2002,false,,,,,,,,,,,,,754.3,,,,,,754.26,,,EN,2025-12-04T11:00:00.000Z
GHED_CHE_pc_US_SHA2011,Current health expenditure (CHE) per capita in US$,numeric,WPR,Western Pacific,Country,SLB,Solomon Islands,Year,2002,false,,,,,,,,,,,,,76.5,,,,,,76.50,,,EN,2025-12-04T11:00:00.000Z
GHED_CHE_pc_US_SHA2011,Current health expenditure (CHE) per capita in US$,numeric,EUR,Europe,Country,ALB,Albania,Year,2002,false,,,,,,,,,,,,,78.73,,,,,,78.73,,,EN,2025-12-04T11:00:00.000Z
GHED_CHE_pc_US_SHA2011,Current health expenditure (CHE) per capita in US$,numeric,EUR,Europe,Country,TJK,Tajikistan,Year,2002,false,,,,,,,,,,,,,8.22,,,,,,8.22,,,EN,2025-12-04T11:00:00.000Z
GHED_CHE_pc_US_SHA2011,Current health expenditure (CHE) per capita in US$,numeric,EUR,Europe,Country,MLT,Malta,Year,2002,false,,,,,,,,,,,,,830.6,,,,,,830.65,,,EN,2025-12-04T11:00:00.000Z
GHED_CHE_pc_US_SHA2011,Current health expenditure (CHE) per capita in US$,numeric,EUR,Europe,Country,BLR,Belarus,Year,2002,false,,,,,,,,,,,,,85.97,,,,,,85.97,,,EN,2025-12-04T11:00:00.000Z
GHED_CHE_pc_US_SHA2011,Current health expenditure (CHE) per capita in US$,numeric,EUR,Europe,Country,CYP,Cyprus,Year,2002,false,,,,,,,,,,,,,890.5,,,,,,890.48,,,EN,2025-12-04T11:00:00.000Z
GHED_CHE_pc_US_SHA2011,Current health expenditure (CHE) per capita in US$,numeric,SEAR,South-East Asia,Country,BGD,Bangladesh,Year,2002,false,,,,,,,,,,,,,9.05,,,,,,9.05,,,EN,2025-12-04T11:00:00.000Z
GHED_CHE_pc_US_SHA2011,Current health expenditure (CHE) per capita in US$,numeric,WPR,Western Pacific,Country,KIR,Kiribati,Year,2002,false,,,,,,,,,,,,,92.97,,,,,,92.97,,,EN,2025-12-04T11:00:00.000Z
GHED_CHE_pc_US_SHA2011,Current health expenditure (CHE) per capita in US$,numeric,EUR,Europe,Country,SVN,Slovenia,Year,2002,false,,,,,,,,,,,,,944.9,,,,,,944.87,,,EN,2025-12-04T11:00:00.000Z
GHED_CHE_pc_US_SHA2011,Current health expenditure (CHE) per capita in US$,numeric,EUR,Europe,Country,ROU,Romania,Year,2002,false,,,,,,,,,,,,,96.58,,,,,,96.58,,,EN,2025-12-04T11:00:00.000Z
GHED_CHE_pc_US_SHA2011,Current health expenditure (CHE) per capita in US$,numeric,AMR,Americas,Country,PER,Peru,Year,2002,false,,,,,,,,,,,,,97.66,,,,,,97.66,,,EN,2025-12-04T11:00:00.000Z
GHED_CHE_pc_US_SHA2011,Current health expenditure (CHE) per capita in US$,numeric,AMR,Americas,Country,ECU,Ecuador,Year,2002,false,,,,,,,,,,,,,99.13,,,,,,99.13,,,EN,2025-12-04T11:00:00.000Z
GHED_CHE_pc_US_SHA2011,Current health expenditure (CHE) per capita in US$,numeric,SEAR,South-East Asia,Country,NPL,Nepal,Year,2001,false,,,,,,,,,,,,,10.27,,,,,,10.27,,,EN,2025-12-04T11:00:00.000Z
GHED_CHE_pc_US_SHA2011,Current health expenditure (CHE) per capita in US$,numeric,AFR,Africa,Country,BFA,Burkina Faso,Year,2001,false,,,,,,,,,,,,,10.28,,,,,,10.28,,,EN,2025-12-04T11:00:00.000Z
GHED_CHE_pc_US_SHA2011,Current health expenditure (CHE) per capita in US$,numeric,AMR,Americas,Country,GTM,Guatemala,Year,2001,false,,,,,,,,,,,,,100,,,,,,100.02,,,EN,2025-12-04T11:00:00.000Z
GHED_CHE_pc_US_SHA2011,Current health expenditure (CHE) per capita in US$,numeric,EUR,Europe,Country,GRC,Greece,Year,2001,false,,,,,,,,,,,,,1005,,,,,,1004.82,,,EN,2025-12-04T11:00:00.000Z
GHED_CHE_pc_US_SHA2011,Current health expenditure (CHE) per capita in US$,numeric,EUR,Europe,Country,PRT,Portugal,Year,2001,false,,,,,,,,,,,,,1016,,,,,,1015.55,,,EN,2025-12-04T11:00:00.000Z
GHED_CHE_pc_US_SHA2011,Current health expenditure (CHE) per capita in US$,numeric,EUR,Europe,Country,ESP,Spain,Year,2001,false,,,,,,,,,,,,,1045,,,,,,1045.05,,,EN,2025-12-04T11:00:00.000Z
GHED_CHE_pc_US_SHA2011,Current health expenditure (CHE) per capita in US$,numeric,EUR,Europe,Country,BIH,Bosnia and Herzegovina,Year,2001,false,,,,,,,,,,,,,105.1,,,,,,105.11,,,EN,2025-12-04T11:00:00.000Z
GHED_CHE_pc_US_SHA2011,Current health expenditure (CHE) per capita in US$,numeric,WPR,Western Pacific,Country,NZL,New Zealand,Year,2001,false,,,,,,,,,,,,,1054,,,,,,1053.74,,,EN,2025-12-04T11:00:00.000Z
GHED_CHE_pc_US_SHA2011,Current health expenditure (CHE) per capita in US$,numeric,AFR,Africa,Country,TCD,Chad,Year,2001,false,,,,,,,,,,,,,11.64,,,,,,11.64,,,EN,2025-12-04T11:00:00.000Z
GHED_CHE_pc_US_SHA2011,Current health expenditure (CHE) per capita in US$,numeric,EUR,Europe,Country,SRB,Serbia,Year,2001,false,,,,,,,,,,,,,112.2,,,,,,112.20,,,EN,2025-12-04T11:00:00.000Z
GHED_CHE_pc_US_SHA2011,Current health expenditure (CHE) per capita in US$,numeric,EMR,Eastern Mediterranean,Country,TUN,Tunisia,Year,2001,false,,,,,,,,,,,,,114,,,,,,114.00,,,EN,2025-12-04T11:00:00.000Z
GHED_CHE_pc_US_SHA2011,Current health expenditure (CHE) per capita in US$,numeric,WPR,Western Pacific,Country,MYS,Malaysia,Year,2001,false,,,,,,,,,,,,,114.9,,,,,,114.92,,,EN,2025-12-04T11:00:00.000Z
GHED_CHE_pc_US_SHA2011,Current health expenditure (CHE) per capita in US$,numeric,AFR,Africa,Country,MUS,Mauritius,Year,2001,false,,,,,,,,,,,,,116.4,,,,,,116.36,,,EN,2025-12-04T11:00:00.000Z
GHED_CHE_pc_US_SHA2011,Current health expenditure (CHE) per capita in US$,numeric,EUR,Europe,Country,RUS,Russian Federation,Year,2001,false,,,,,,,,,,,,,117.9,,,,,,117.88,,,EN,2025-12-04T11:00:00.000Z
GHED_CHE_pc_US_SHA2011,Current health expenditure (CHE) per capita in US$,numeric,EUR,Europe,Country,BGR,Bulgaria,Year,2001,false,,,,,,,,,,,,,119.8,,,,,,119.83,,,EN,2025-12-04T11:00:00.000Z
GHED_CHE_pc_US_SHA2011,Current health expenditure (CHE) per capita in US$,numeric,AFR,Africa,Country,GHA,Ghana,Year,2001,false,,,,,,,,,,,,,12.15,,,,,,12.15,,,EN,2025-12-04T11:00:00.000Z
GHED_CHE_pc_US_SHA2011,Current health expenditure (CHE) per capita in US$,numeric,EUR,Europe,Country,KGZ,Kyrgyzstan,Year,2001,false,,,,,,,,,,,,,12.88,,,,,,12.88,,,EN,2025-12-04T11:00:00.000Z
GHED_CHE_pc_US_SHA2011,Current health expenditure (CHE) per capita in US$,numeric,EUR,Europe,Country,TKM,Turkmenistan,Year,2001,false,,,,,,,,,,,,,120.8,,,,,,120.85,,,EN,2025-12-04T11:00:00.000Z
GHED_CHE_pc_US_SHA2011,Current health expenditure (CHE) per capita in US$,numeric,AFR,Africa,Country,GAB,Gabon,Year,2001,false,,,,,,,,,,,,,120.9,,,,,,120.90,,,EN,2025-12-04T11:00:00.000Z
GHED_CHE_pc_US_SHA2011,Current health expenditure (CHE) per capita in US$,numeric,EMR,Eastern Mediterranean,Country,PSE,"occupied Palestinian territory, including east Jerusalem",Year,2001,false,,,,,,,,,,,,,127.4,,,,,,127.38,,,EN,2025-12-04T11:00:00.000Z
GHED_CHE_pc_US_SHA2011,Current health expenditure (CHE) per capita in US$,numeric,AFR,Africa,Country,MDG,Madagascar,Year,2001,false,,,,,,,,,,,,,13.14,,,,,,13.14,,,EN,2025-12-04T11:00:00.000Z
GHED_CHE_pc_US_SHA2011,Current health expenditure (CHE) per capita in US$,numeric,AFR,Africa,Country,MLI,Mali,Year,2001,false,,,,,,,,,,,,,13.16,,,,,,13.16,,,EN,2025-12-04T11:00:00.000Z
GHED_CHE_pc_US_SHA2011,Current health expenditure (CHE) per capita in US$,numeric,EMR,Eastern Mediterranean,Country,PAK,Pakistan,Year,2001,false,,,,,,,,,,,,,13.42,,,,,,13.42,,,EN,2025-12-04T11:00:00.000Z
GHED_CHE_pc_US_SHA2011,Current health expenditure (CHE) per capita in US$,numeric,AFR,Africa,Country,GNB,Guinea-Bissau,Year,2001,false,,,,,,,,,,,,,13.51,,,,,,13.51,,,EN,2025-12-04T11:00:00.000Z
GHED_CHE_pc_US_SHA2011,Current health expenditure (CHE) per capita in US$,numeric,WPR,Western Pacific,Country,NIU,Niue,Year,2001,false,,,,,,,,,,,,,1348,,,,,,1347.99,,,EN,2025-12-04T11:00:00.000Z
GHED_CHE_pc_US_SHA2011,Current health expenditure (CHE) per capita in US$,numeric,EUR,Europe,Country,AND,Andorra,Year,2001,false,,,,,,,,,,,,,1379,,,,,,1378.71,,,EN,2025-12-04T11:00:00.000Z
GHED_CHE_pc_US_SHA2011,Current health expenditure (CHE) per capita in US$,numeric,AMR,Americas,Country,COL,Colombia,Year,2001,false,,,,,,,,,,,,,138.5,,,,,,138.48,,,EN,2025-12-04T11:00:00.000Z
GHED_CHE_pc_US_SHA2011,Current health expenditure (CHE) per capita in US$,numeric,AFR,Africa,Country,TGO,Togo,Year,2001,false,,,,,,,,,,,,,14.04,,,,,,14.04,,,EN,2026-04-09T12:00:00.000Z
GHED_CHE_pc_US_SHA2011,Current health expenditure (CHE) per capita in US$,numeric,WPR,Western Pacific,Country,LAO,Lao People's Democratic Republic,Year,2001,false,,,,,,,,,,,,,14.47,,,,,,14.47,,,EN,2025-12-04T11:00:00.000Z
GHED_CHE_pc_US_SHA2011,Current health expenditure (CHE) per capita in US$,numeric,AFR,Africa,Country,ERI,Eritrea,Year,2001,false,,,,,,,,,,,,,14.91,,,,,,14.91,,,EN,2025-12-04T11:00:00.000Z
GHED_CHE_pc_US_SHA2011,Current health expenditure (CHE) per capita in US$,numeric,AMR,Americas,Country,DOM,Dominican Republic,Year,2001,false,,,,,,,,,,,,,143.3,,,,,,143.33,,,EN,2025-12-04T11:00:00.000Z
GHED_CHE_pc_US_SHA2011,Current health expenditure (CHE) per capita in US$,numeric,EUR,Europe,Country,TUR,Türkiye,Year,2001,false,,,,,,,,,,,,,148.9,,,,,,148.86,,,EN,2025-12-04T11:00:00.000Z
GHED_CHE_pc_US_SHA2011,Current health expenditure (CHE) per capita in US$,numeric,AFR,Africa,Country,TZA,United Republic of Tanzania,Year,2001,false,,,,,,,,,,,,,15.17,,,,,,15.17,,,EN,2025-12-04T11:00:00.000Z
GHED_CHE_pc_US_SHA2011,Current health expenditure (CHE) per capita in US$,numeric,EMR,Eastern Mediterranean,Country,SDN,Sudan,Year,2001,false,,,,,,,,,,,,,15.18,,,,,,15.18,,,EN,2025-12-04T11:00:00.000Z
GHED_CHE_pc_US_SHA2011,Current health expenditure (CHE) per capita in US$,numeric,EUR,Europe,Country,MKD,North Macedonia,Year,2001,false,,,,,,,,,,,,,150.4,,,,,,150.43,,,EN,2025-12-04T11:00:00.000Z
GHED_CHE_pc_US_SHA2011,Current health expenditure (CHE) per capita in US$,numeric,EUR,Europe,Country,ISR,Israel,Year,2001,false,,,,,,,,,,,,,1509,,,,,,1509.45,,,EN,2025-12-04T11:00:00.000Z
GHED_CHE_pc_US_SHA2011,Current health expenditure (CHE) per capita in US$,numeric,WPR,Western Pacific,Country,AUS,Australia,Year,2001,false,,,,,,,,,,,,,1550,,,,,,1550.37,,,EN,2025-12-04T11:00:00.000Z
GHED_CHE_pc_US_SHA2011,Current health expenditure (CHE) per capita in US$,numeric,EUR,Europe,Country,ITA,Italy,Year,2001,false,,,,,,,,,,,,,1587,,,,,,1586.67,,,EN,2025-12-04T11:00:00.000Z
GHED_CHE_pc_US_SHA2011,Current health expenditure (CHE) per capita in US$,numeric,AFR,Africa,Country,UGA,Uganda,Year,2001,false,,,,,,,,,,,,,16,,,,,,16.00,,,EN,2025-12-04T11:00:00.000Z
GHED_CHE_pc_US_SHA2011,Current health expenditure (CHE) per capita in US$,numeric,AFR,Africa,Country,BEN,Benin,Year,2001,false,,,,,,,,,,,,,16.27,,,,,,16.27,,,EN,2025-12-04T11:00:00.000Z
GHED_CHE_pc_US_SHA2011,Current health expenditure (CHE) per capita in US$,numeric,WPR,Western Pacific,Country,IDN,Indonesia,Year,2001,false,,,,,,,,,,,,,16.87,,,,,,16.87,,,EN,2025-12-04T11:00:00.000Z
GHED_CHE_pc_US_SHA2011,Current health expenditure (CHE) per capita in US$,numeric,EMR,Eastern Mediterranean,Country,JOR,Jordan,Year,2001,false,,,,,,,,,,,,,161.3,,,,,,161.34,,,EN,2025-12-04T11:00:00.000Z
GHED_CHE_pc_US_SHA2011,Current health expenditure (CHE) per capita in US$,numeric,AMR,Americas,Country,SLV,El Salvador,Year,2001,false,,,,,,,,,,,,,162.3,,,,,,162.30,,,EN,2025-12-04T11:00:00.000Z
GHED_CHE_pc_US_SHA2011,Current health expenditure (CHE) per capita in US$,numeric,AMR,Americas,Country,VCT,Saint Vincent and the Grenadines,Year,2001,false,,,,,,,,,,,,,162.9,,,,,,162.93,,,EN,2025-12-04T11:00:00.000Z
GHED_CHE_pc_US_SHA2011,Current health expenditure (CHE) per capita in US$,numeric,AMR,Americas,Country,BLZ,Belize,Year,2001,false,,,,,,,,,,,,,163.1,,,,,,163.11,,,EN,2025-12-04T11:00:00.000Z
GHED_CHE_pc_US_SHA2011,Current health expenditure (CHE) per capita in US$,numeric,AFR,Africa,Country,NGA,Nigeria,Year,2001,false,,,,,,,,,,,,,17.96,,,,,,17.96,,,EN,2025-12-04T11:00:00.000Z
GHED_CHE_pc_US_SHA2011,Current health expenditure (CHE) per capita in US$,numeric,WPR,Western Pacific,Country,PNG,Papua New Guinea,Year,2001,false,,,,,,,,,,,,,18.2,,,,,,18.20,,,EN,2025-12-04T11:00:00.000Z
GHED_CHE_pc_US_SHA2011,Current health expenditure (CHE) per capita in US$,numeric,AFR,Africa,Country,ZMB,Zambia,Year,2001,false,,,,,,,,,,,,,18.95,,,,,,18.95,,,EN,2025-12-04T11:00:00.000Z
GHED_CHE_pc_US_SHA2011,Current health expenditure (CHE) per capita in US$,numeric,AMR,Americas,Country,JAM,Jamaica,Year,2001,false,,,,,,,,,,,,,180.7,,,,,,180.66,,,EN,2025-12-04T11:00:00.000Z
GHED_CHE_pc_US_SHA2011,Current health expenditure (CHE) per capita in US$,numeric,WPR,Western Pacific,Country,FSM,Micronesia (Federated States of),Year,2001,false,,,,,,,,,,,,,181.3,,,,,,181.29,,,EN,2025-12-04T11:00:00.000Z
GHED_CHE_pc_US_SHA2011,Current health expenditure (CHE) per capita in US$,numeric,EUR,Europe,Country,FIN,Finland,Year,2001,false,,,,,,,,,,,,,1810,,,,,,1810.40,,,EN,2025-12-04T11:00:00.000Z
GHED_CHE_pc_US_SHA2011,Current health expenditure (CHE) per capita in US$,numeric,EUR,Europe,Country,IRL,Ireland,Year,2001,false,,,,,,,,,,,,,1824,,,,,,1823.73,,,EN,2025-12-04T11:00:00.000Z
GHED_CHE_pc_US_SHA2011,Current health expenditure (CHE) per capita in US$,numeric,EUR,Europe,Country,BEL,Belgium,Year,2001,false,,,,,,,,,,,,,1880,,,,,,1879.93,,,EN,2025-12-04T11:00:00.000Z
GHED_CHE_pc_US_SHA2011,Current health expenditure (CHE) per capita in US$,numeric,EUR,Europe,Country,AZE,Azerbaijan,Year,2001,false,,,,,,,,,,,,,19.19,,,,,,19.19,,,EN,2025-12-04T11:00:00.000Z
GHED_CHE_pc_US_SHA2011,Current health expenditure (CHE) per capita in US$,numeric,AFR,Africa,Country,SLE,Sierra Leone,Year,2001,false,,,,,,,,,,,,,19.32,,,,,,19.32,,,EN,2025-12-04T11:00:00.000Z
GHED_CHE_pc_US_SHA2011,Current health expenditure (CHE) per capita in US$,numeric,SEAR,South-East Asia,Country,IND,India,Year,2001,false,,,,,,,,,,,,,19.74,,,,,,19.74,,,EN,2025-12-04T11:00:00.000Z
GHED_CHE_pc_US_SHA2011,Current health expenditure (CHE) per capita in US$,numeric,AMR,Americas,Country,CUB,Cuba,Year,2001,false,,,,,,,,,,,,,198.5,,,,,,198.50,,,EN,2025-12-04T11:00:00.000Z
GHED_CHE_pc_US_SHA2011,Current health expenditure (CHE) per capita in US$,numeric,AFR,Africa,Country,COG,Congo,Year,2001,false,,,,,,,,,,,,,20.3,,,,,,20.30,,,EN,2025-12-04T11:00:00.000Z
GHED_CHE_pc_US_SHA2011,Current health expenditure (CHE) per capita in US$,numeric,AFR,Africa,Country,NAM,Namibia,Year,2001,false,,,,,,,,,,,,,201.5,,,,,,201.47,,,EN,2025-12-04T11:00:00.000Z
GHED_CHE_pc_US_SHA2011,Current health expenditure (CHE) per capita in US$,numeric,AFR,Africa,Country,ZAF,South Africa,Year,2001,false,,,,,,,,,,,,,202.8,,,,,,202.81,,,EN,2025-12-04T11:00:00.000Z
GHED_CHE_pc_US_SHA2011,Current health expenditure (CHE) per capita in US$,numeric,AFR,Africa,Country,BWA,Botswana,Year,2001,false,,,,,,,,,,,,,203,,,,,,203.01,,,EN,2025-12-04T11:00:00.000Z
GHED_CHE_pc_US_SHA2011,Current health expenditure (CHE) per capita in US$,numeric,AMR,Americas,Country,CAN,Canada,Year,2001,false,,,,,,,,,,,,,2042,,,,,,2041.88,,,EN,2025-12-04T11:00:00.000Z
GHED_CHE_pc_US_SHA2011,Current health expenditure (CHE) per capita in US$,numeric,EUR,Europe,Country,LVA,Latvia,Year,2001,false,,,,,,,,,,,,,205,,,,,,205.02,,,EN,2025-12-04T11:00:00.000Z
GHED_CHE_pc_US_SHA2011,Current health expenditure (CHE) per capita in US$,numeric,EUR,Europe,Country,GBR,United Kingdom of Great Britain and Northern Ireland,Year,2001,false,,,,,,,,,,,,,2075,,,,,,2074.60,,,EN,2025-12-04T11:00:00.000Z
GHED_CHE_pc_US_SHA2011,Current health expenditure (CHE) per capita in US$,numeric,AFR,Africa,Country,GIN,Guinea,Year,2001,false,,,,,,,,,,,,,21.77,,,,,,21.77,,,EN,2025-12-04T11:00:00.000Z
GHED_CHE_pc_US_SHA2011,Current health expenditure (CHE) per capita in US$,numeric,EUR,Europe,Country,SVK,Slovakia,Year,2001,false,,,,,,,,,,,,,212.2,,,,,,212.22,,,EN,2025-12-04T11:00:00.000Z
GHED_CHE_pc_US_SHA2011,Current health expenditure (CHE) per capita in US$,numeric,EUR,Europe,Country,EST,Estonia,Year,2001,false,,,,,,,,,,,,,214.7,,,,,,214.70,,,EN,2025-12-04T11:00:00.000Z
GHED_CHE_pc_US_SHA2011,Current health expenditure (CHE) per capita in US$,numeric,EUR,Europe,Country,SWE,Sweden,Year,2001,false,,,,,,,,,,,,,2155,,,,,,2154.63,,,EN,2025-12-04T11:00:00.000Z
GHED_CHE_pc_US_SHA2011,Current health expenditure (CHE) per capita in US$,numeric,EUR,Europe,Country,NLD,Netherlands (Kingdom of the),Year,2001,false,,,,,,,,,,,,,2176,,,,,,2175.73,,,EN,2025-12-04T11:00:00.000Z
GHED_CHE_pc_US_SHA2011,Current health expenditure (CHE) per capita in US$,numeric,EUR,Europe,Country,LTU,Lithuania,Year,2001,false,,,,,,,,,,,,,218.8,,,,,,218.82,,,EN,2025-12-04T11:00:00.000Z
GHED_CHE_pc_US_SHA2011,Current health expenditure (CHE) per capita in US$,numeric,EUR,Europe,Country,FRA,France,Year,2001,false,,,,,,,,,,,,,2193,,,,,,2192.72,,,EN,2025-12-04T11:00:00.000Z
GHED_CHE_pc_US_SHA2011,Current health expenditure (CHE) per capita in US$,numeric,AFR,Africa,Country,KEN,Kenya,Year,2001,false,,,,,,,,,,,,,22.11,,,,,,22.11,,,EN,2025-12-04T11:00:00.000Z
GHED_CHE_pc_US_SHA2011,Current health expenditure (CHE) per capita in US$,numeric,WPR,Western Pacific,Country,KHM,Cambodia,Year,2001,false,,,,,,,,,,,,,22.18,,,,,,22.18,,,EN,2025-12-04T11:00:00.000Z
GHED_CHE_pc_US_SHA2011,Current health expenditure (CHE) per capita in US$,numeric,EUR,Europe,Country,SMR,San Marino,Year,2001,false,,,,,,,,,,,,,2202,,,,,,2202.08,,,EN,2025-12-04T11:00:00.000Z
GHED_CHE_pc_US_SHA2011,Current health expenditure (CHE) per capita in US$,numeric,WPR,Western Pacific,Country,COK,Cook Islands,Year,2001,false,,,,,,,,,,,,,224.6,,,,,,224.60,,,EN,2025-12-04T11:00:00.000Z
GHED_CHE_pc_US_SHA2011,Current health expenditure (CHE) per capita in US$,numeric,SEAR,South-East Asia,Country,MDV,Maldives,Year,2001,false,,,,,,,,,,,,,229.8,,,,,,229.80,,,EN,2025-12-04T11:00:00.000Z
GHED_CHE_pc_US_SHA2011,Current health expenditure (CHE) per capita in US$,numeric,AFR,Africa,Country,MRT,Mauritania,Year,2001,false,,,,,,,,,,,,,23.28,,,,,,23.28,,,EN,2025-12-04T11:00:00.000Z
GHED_CHE_pc_US_SHA2011,Current health expenditure (CHE) per capita in US$,numeric,AFR,Africa,Country,SEN,Senegal,Year,2001,false,,,,,,,,,,,,,23.46,,,,,,23.46,,,EN,2025-12-04T11:00:00.000Z
GHED_CHE_pc_US_SHA2011,Current health expenditure (CHE) per capita in US$,numeric,AMR,Americas,Country,DMA,Dominica,Year,2001,false,,,,,,,,,,,,,231.5,,,,,,231.52,,,EN,2025-12-04T11:00:00.000Z
GHED_CHE_pc_US_SHA2011,Current health expenditure (CHE) per capita in US$,numeric,EUR,Europe,Country,AUT,Austria,Year,2001,false,,,,,,,,,,,,,2315,,,,,,2315.42,,,EN,2025-12-04T11:00:00.000Z
GHED_CHE_pc_US_SHA2011,Current health expenditure (CHE) per capita in US$,numeric,EUR,Europe,Country,DEU,Germany,Year,2001,false,,,,,,,,,,,,,2338,,,,,,2338.12,,,EN,2025-12-04T11:00:00.000Z
GHED_CHE_pc_US_SHA2011,Current health expenditure (CHE) per capita in US$,numeric,EMR,Eastern Mediterranean,Country,YEM,Yemen,Year,2001,false,,,,,,,,,,,,,24.09,,,,,,24.09,,,EN,2025-12-04T11:00:00.000Z
GHED_CHE_pc_US_SHA2011,Current health expenditure (CHE) per capita in US$,numeric,WPR,Western Pacific,Country,JPN,Japan,Year,2001,false,,,,,,,,,,,,,2489,,,,,,2488.65,,,EN,2025-12-04T11:00:00.000Z
GHED_CHE_pc_US_SHA2011,Current health expenditure (CHE) per capita in US$,numeric,EUR,Europe,Country,MDA,Republic of Moldova,Year,2001,false,,,,,,,,,,,,,25.4,,,,,,25.40,,,EN,2025-12-04T11:00:00.000Z
GHED_CHE_pc_US_SHA2011,Current health expenditure (CHE) per capita in US$,numeric,WPR,Western Pacific,Country,VNM,Viet Nam,Year,2001,false,,,,,,,,,,,,,25.55,,,,,,25.55,,,EN,2025-12-04T11:00:00.000Z
GHED_CHE_pc_US_SHA2011,Current health expenditure (CHE) per capita in US$,numeric,EUR,Europe,Country,ISL,Iceland,Year,2001,false,,,,,,,,,,,,,2529,,,,,,2528.55,,,EN,2025-12-04T11:00:00.000Z
GHED_CHE_pc_US_SHA2011,Current health expenditure (CHE) per capita in US$,numeric,EMR,Eastern Mediterranean,Country,LBY,Libya,Year,2001,false,,,,,,,,,,,,,255.8,,,,,,255.77,,,EN,2025-12-04T11:00:00.000Z
GHED_CHE_pc_US_SHA2011,Current health expenditure (CHE) per capita in US$,numeric,AMR,Americas,Country,CRI,Costa Rica,Year,2001,false,,,,,,,,,,,,,258,,,,,,258.00,,,EN,2025-12-04T11:00:00.000Z
GHED_CHE_pc_US_SHA2011,Current health expenditure (CHE) per capita in US$,numeric,EMR,Eastern Mediterranean,Country,OMN,Oman,Year,2001,false,,,,,,,,,,,,,259.6,,,,,,259.59,,,EN,2025-12-04T11:00:00.000Z
GHED_CHE_pc_US_SHA2011,Current health expenditure (CHE) per capita in US$,numeric,EUR,Europe,Country,DNK,Denmark,Year,2001,false,,,,,,,,,,,,,2598,,,,,,2597.97,,,EN,2025-12-04T11:00:00.000Z
GHED_CHE_pc_US_SHA2011,Current health expenditure (CHE) per capita in US$,numeric,WPR,Western Pacific,Country,TUV,Tuvalu,Year,2001,false,,,,,,,,,,,,,261.7,,,,,,261.71,,,EN,2025-12-04T11:00:00.000Z
GHED_CHE_pc_US_SHA2011,Current health expenditure (CHE) per capita in US$,numeric,WPR,Western Pacific,Country,MHL,Marshall Islands,Year,2001,false,,,,,,,,,,,,,269.2,,,,,,269.22,,,EN,2025-12-04T11:00:00.000Z
GHED_CHE_pc_US_SHA2011,Current health expenditure (CHE) per capita in US$,numeric,AMR,Americas,Country,HTI,Haiti,Year,2001,false,,,,,,,,,,,,,27.39,,,,,,27.39,,,EN,2025-12-04T11:00:00.000Z
GHED_CHE_pc_US_SHA2011,Current health expenditure (CHE) per capita in US$,numeric,WPR,Western Pacific,Country,PHL,Philippines,Year,2001,false,,,,,,,,,,,,,27.61,,,,,,27.61,,,EN,2025-12-04T11:00:00.000Z
GHED_CHE_pc_US_SHA2011,Current health expenditure (CHE) per capita in US$,numeric,WPR,Western Pacific,Country,MNG,Mongolia,Year,2001,false,,,,,,,,,,,,,27.85,,,,,,27.85,,,EN,2025-12-04T11:00:00.000Z
GHED_CHE_pc_US_SHA2011,Current health expenditure (CHE) per capita in US$,numeric,AMR,Americas,Country,GRD,Grenada,Year,2001,false,,,,,,,,,,,,,271,,,,,,271.04,,,EN,2025-12-04T11:00:00.000Z
GHED_CHE_pc_US_SHA2011,Current health expenditure (CHE) per capita in US$,numeric,AMR,Americas,Country,BRA,Brazil,Year,2001,false,,,,,,,,,,,,,271.6,,,,,,271.56,,,EN,2025-12-04T11:00:00.000Z
GHED_CHE_pc_US_SHA2011,Current health expenditure (CHE) per capita in US$,numeric,AMR,Americas,Country,TTO,Trinidad and Tobago,Year,2001,false,,,,,,,,,,,,,272.7,,,,,,272.73,,,EN,2025-12-04T11:00:00.000Z
GHED_CHE_pc_US_SHA2011,Current health expenditure (CHE) per capita in US$,numeric,AFR,Africa,Country,LSO,Lesotho,Year,2001,false,,,,,,,,,,,,,28.22,,,,,,28.22,,,EN,2025-12-04T11:00:00.000Z
GHED_CHE_pc_US_SHA2011,Current health expenditure (CHE) per capita in US$,numeric,EUR,Europe,Country,POL,Poland,Year,2001,false,,,,,,,,,,,,,282.8,,,,,,282.82,,,EN,2025-12-04T11:00:00.000Z
GHED_CHE_pc_US_SHA2011,Current health expenditure (CHE) per capita in US$,numeric,AMR,Americas,Country,LCA,Saint Lucia,Year,2001,false,,,,,,,,,,,,,285,,,,,,285.05,,,EN,2025-12-04T11:00:00.000Z
GHED_CHE_pc_US_SHA2011,Current health expenditure (CHE) per capita in US$,numeric,AFR,Africa,Country,AGO,Angola,Year,2001,false,,,,,,,,,,,,,29.26,,,,,,29.26,,,EN,2025-12-04T11:00:00.000Z
GHED_CHE_pc_US_SHA2011,Current health expenditure (CHE) per capita in US$,numeric,AFR,Africa,Country,GNQ,Equatorial Guinea,Year,2001,false,,,,,,,,,,,,,29.59,,,,,,29.59,,,EN,2025-12-04T11:00:00.000Z
GHED_CHE_pc_US_SHA2011,Current health expenditure (CHE) per capita in US$,numeric,AFR,Africa,Country,CMR,Cameroon,Year,2001,false,,,,,,,,,,,,,29.82,,,,,,29.82,,,EN,2025-12-04T11:00:00.000Z
GHED_CHE_pc_US_SHA2011,Current health expenditure (CHE) per capita in US$,numeric,AMR,Americas,Country,PAN,Panama,Year,2001,false,,,,,,,,,,,,,296.8,,,,,,296.75,,,EN,2025-12-04T11:00:00.000Z
GHED_CHE_pc_US_SHA2011,Current health expenditure (CHE) per capita in US$,numeric,EUR,Europe,Country,UZB,Uzbekistan,Year,2001,false,,,,,,,,,,,,,30.46,,,,,,30.46,,,EN,2025-12-04T11:00:00.000Z
GHED_CHE_pc_US_SHA2011,Current health expenditure (CHE) per capita in US$,numeric,AFR,Africa,Country,CIV,Cote d'Ivoire,Year,2001,false,,,,,,,,,,,,,30.58,,,,,,30.58,,,EN,2025-12-04T11:00:00.000Z
GHED_CHE_pc_US_SHA2011,Current health expenditure (CHE) per capita in US$,numeric,EUR,Europe,Country,MCO,Monaco,Year,2001,false,,,,,,,,,,,,,3051,,,,,,3050.58,,,EN,2025-12-04T11:00:00.000Z
GHED_CHE_pc_US_SHA2011,Current health expenditure (CHE) per capita in US$,numeric,EUR,Europe,Country,NOR,Norway,Year,2001,false,,,,,,,,,,,,,3099,,,,,,3099.00,,,EN,2025-12-04T11:00:00.000Z
GHED_CHE_pc_US_SHA2011,Current health expenditure (CHE) per capita in US$,numeric,EUR,Europe,Country,ARM,Armenia,Year,2001,false,,,,,,,,,,,,,31.91,,,,,,31.91,,,EN,2025-12-04T11:00:00.000Z
GHED_CHE_pc_US_SHA2011,Current health expenditure (CHE) per capita in US$,numeric,EUR,Europe,Country,LUX,Luxembourg,Year,2001,false,,,,,,,,,,,,,3109,,,,,,3109.20,,,EN,2025-12-04T11:00:00.000Z
GHED_CHE_pc_US_SHA2011,Current health expenditure (CHE) per capita in US$,numeric,AMR,Americas,Country,CHL,Chile,Year,2001,false,,,,,,,,,,,,,323.6,,,,,,323.63,,,EN,2025-12-04T11:00:00.000Z
GHED_CHE_pc_US_SHA2011,Current health expenditure (CHE) per capita in US$,numeric,EMR,Eastern Mediterranean,Country,DJI,Djibouti,Year,2001,false,,,,,,,,,,,,,33.61,,,,,,33.61,,,EN,2025-12-04T11:00:00.000Z
GHED_CHE_pc_US_SHA2011,Current health expenditure (CHE) per capita in US$,numeric,AFR,Africa,Country,SYC,Seychelles,Year,2001,false,,,,,,,,,,,,,334.5,,,,,,334.48,,,EN,2025-12-04T11:00:00.000Z
GHED_CHE_pc_US_SHA2011,Current health expenditure (CHE) per capita in US$,numeric,WPR,Western Pacific,Country,NRU,Naoero,Year,2001,false,,,,,,,,,,,,,349,,,,,,349.02,,,EN,2025-12-04T11:00:00.000Z
GHED_CHE_pc_US_SHA2011,Current health expenditure (CHE) per capita in US$,numeric,SEAR,South-East Asia,Country,BTN,Bhutan,Year,2001,false,,,,,,,,,,,,,35.09,,,,,,35.09,,,EN,2025-12-04T11:00:00.000Z
GHED_CHE_pc_US_SHA2011,Current health expenditure (CHE) per capita in US$,numeric,EUR,Europe,Country,HUN,Hungary,Year,2001,false,,,,,,,,,,,,,359.7,,,,,,359.70,,,EN,2025-12-04T11:00:00.000Z
GHED_CHE_pc_US_SHA2011,Current health expenditure (CHE) per capita in US$,numeric,AMR,Americas,Country,MEX,Mexico,Year,2001,false,,,,,,,,,,,,,364.4,,,,,,364.40,,,EN,2025-12-04T11:00:00.000Z
GHED_CHE_pc_US_SHA2011,Current health expenditure (CHE) per capita in US$,numeric,EUR,Europe,Country,CHE,Switzerland,Year,2001,false,,,,,,,,,,,,,3752,,,,,,3751.75,,,EN,2025-12-04T11:00:00.000Z
GHED_CHE_pc_US_SHA2011,Current health expenditure (CHE) per capita in US$,numeric,EUR,Europe,Country,HRV,Croatia,Year,2001,false,,,,,,,,,,,,,387.8,,,,,,387.81,,,EN,2025-12-04T11:00:00.000Z
GHED_CHE_pc_US_SHA2011,Current health expenditure (CHE) per capita in US$,numeric,EUR,Europe,Country,CZE,Czechia,Year,2001,false,,,,,,,,,,,,,388.5,,,,,,388.54,,,EN,2025-12-04T11:00:00.000Z
GHED_CHE_pc_US_SHA2011,Current health expenditure (CHE) per capita in US$,numeric,SEAR,South-East Asia,Country,LKA,Sri Lanka,Year,2001,false,,,,,,,,,,,,,39.87,,,,,,39.87,,,EN,2025-12-04T11:00:00.000Z
GHED_CHE_pc_US_SHA2011,Current health expenditure (CHE) per capita in US$,numeric,SEAR,South-East Asia,Country,MMR,Myanmar,Year,2001,false,,,,,,,,,,,,,4.63,,,,,,4.63,,,EN,2025-12-04T11:00:00.000Z
GHED_CHE_pc_US_SHA2011,Current health expenditure (CHE) per capita in US$,numeric,EMR,Eastern Mediterranean,Country,LBN,Lebanon,Year,2001,false,,,,,,,,,,,,,416.6,,,,,,416.57,,,EN,2025-12-04T11:00:00.000Z
GHED_CHE_pc_US_SHA2011,Current health expenditure (CHE) per capita in US$,numeric,EUR,Europe,Country,UKR,Ukraine,Year,2001,false,,,,,,,,,,,,,44.14,,,,,,44.14,,,EN,2025-12-04T11:00:00.000Z
GHED_CHE_pc_US_SHA2011,Current health expenditure (CHE) per capita in US$,numeric,WPR,Western Pacific,Country,CHN,China,Year,2001,false,,,,,,,,,,,,,44.36,,,,,,44.36,,,EN,2025-12-04T11:00:00.000Z
GHED_CHE_pc_US_SHA2011,Current health expenditure (CHE) per capita in US$,numeric,AMR,Americas,Country,BOL,Bolivia (Plurinational State of),Year,2001,false,,,,,,,,,,,,,44.88,,,,,,44.88,,,EN,2025-12-04T11:00:00.000Z
GHED_CHE_pc_US_SHA2011,Current health expenditure (CHE) per capita in US$,numeric,AMR,Americas,Country,KNA,Saint Kitts and Nevis,Year,2001,false,,,,,,,,,,,,,440.2,,,,,,440.22,,,EN,2025-12-04T11:00:00.000Z
GHED_CHE_pc_US_SHA2011,Current health expenditure (CHE) per capita in US$,numeric,AFR,Africa,Country,COM,Comoros,Year,2001,false,,,,,,,,,,,,,45.35,,,,,,45.35,,,EN,2025-12-04T11:00:00.000Z
GHED_CHE_pc_US_SHA2011,Current health expenditure (CHE) per capita in US$,numeric,WPR,Western Pacific,Country,VUT,Vanuatu,Year,2001,false,,,,,,,,,,,,,45.73,,,,,,45.73,,,EN,2025-12-04T11:00:00.000Z
GHED_CHE_pc_US_SHA2011,Current health expenditure (CHE) per capita in US$,numeric,EMR,Eastern Mediterranean,Country,BHR,Bahrain,Year,2001,false,,,,,,,,,,,,,457.6,,,,,,457.60,,,EN,2025-12-04T11:00:00.000Z
GHED_CHE_pc_US_SHA2011,Current health expenditure (CHE) per capita in US$,numeric,AFR,Africa,Country,STP,Sao Tome and Principe,Year,2001,false,,,,,,,,,,,,,47.15,,,,,,47.15,,,EN,2025-12-04T11:00:00.000Z
GHED_CHE_pc_US_SHA2011,Current health expenditure (CHE) per capita in US$,numeric,WPR,Western Pacific,Country,BRN,Brunei Darussalam,Year,2001,false,,,,,,,,,,,,,474.1,,,,,,474.12,,,EN,2025-12-04T11:00:00.000Z
GHED_CHE_pc_US_SHA2011,Current health expenditure (CHE) per capita in US$,numeric,EMR,Eastern Mediterranean,Country,SAU,Saudi Arabia,Year,2001,false,,,,,,,,,,,,,482.1,,,,,,482.10,,,EN,2025-12-04T11:00:00.000Z
GHED_CHE_pc_US_SHA2011,Current health expenditure (CHE) per capita in US$,numeric,EUR,Europe,Country,KAZ,Kazakhstan,Year,2001,false,,,,,,,,,,,,,49.37,,,,,,49.37,,,EN,2025-12-04T11:00:00.000Z
GHED_CHE_pc_US_SHA2011,Current health expenditure (CHE) per capita in US$,numeric,AMR,Americas,Country,USA,United States of America,Year,2001,false,,,,,,,,,,,,,4902,,,,,,4901.68,,,EN,2025-12-04T11:00:00.000Z
GHED_CHE_pc_US_SHA2011,Current health expenditure (CHE) per capita in US$,numeric,AFR,Africa,Country,COD,Democratic Republic of the Congo,Year,2001,false,,,,,,,,,,,,,5.43,,,,,,5.43,,,EN,2025-12-04T11:00:00.000Z
GHED_CHE_pc_US_SHA2011,Current health expenditure (CHE) per capita in US$,numeric,AFR,Africa,Country,ETH,Ethiopia,Year,2001,false,,,,,,,,,,,,,5.51,,,,,,5.51,,,EN,2025-12-04T11:00:00.000Z
GHED_CHE_pc_US_SHA2011,Current health expenditure (CHE) per capita in US$,numeric,WPR,Western Pacific,Country,KOR,Republic of Korea,Year,2001,false,,,,,,,,,,,,,503.2,,,,,,503.16,,,EN,2025-12-04T11:00:00.000Z
GHED_CHE_pc_US_SHA2011,Current health expenditure (CHE) per capita in US$,numeric,WPR,Western Pacific,Country,TON,Tonga,Year,2001,false,,,,,,,,,,,,,55.28,,,,,,55.28,,,EN,2025-12-04T11:00:00.000Z
GHED_CHE_pc_US_SHA2011,Current health expenditure (CHE) per capita in US$,numeric,AFR,Africa,Country,GMB,Gambia,Year,2001,false,,,,,,,,,,,,,55.65,,,,,,55.65,,,EN,2025-12-04T11:00:00.000Z
GHED_CHE_pc_US_SHA2011,Current health expenditure (CHE) per capita in US$,numeric,EMR,Eastern Mediterranean,Country,KWT,Kuwait,Year,2001,false,,,,,,,,,,,,,553.8,,,,,,553.75,,,EN,2025-12-04T11:00:00.000Z
GHED_CHE_pc_US_SHA2011,Current health expenditure (CHE) per capita in US$,numeric,WPR,Western Pacific,Country,WSM,Samoa,Year,2001,false,,,,,,,,,,,,,56.1,,,,,,56.10,,,EN,2025-12-04T11:00:00.000Z
GHED_CHE_pc_US_SHA2011,Current health expenditure (CHE) per capita in US$,numeric,EUR,Europe,Country,GEO,Georgia,Year,2001,false,,,,,,,,,,,,,56.37,,,,,,56.37,,,EN,2025-12-04T11:00:00.000Z
GHED_CHE_pc_US_SHA2011,Current health expenditure (CHE) per capita in US$,numeric,EMR,Eastern Mediterranean,Country,MAR,Morocco,Year,2001,false,,,,,,,,,,,,,56.55,,,,,,56.55,,,EN,2025-12-04T11:00:00.000Z
GHED_CHE_pc_US_SHA2011,Current health expenditure (CHE) per capita in US$,numeric,SEAR,South-East Asia,Country,THA,Thailand,Year,2001,false,,,,,,,,,,,,,57.19,,,,,,57.19,,,EN,2025-12-04T11:00:00.000Z
GHED_CHE_pc_US_SHA2011,Current health expenditure (CHE) per capita in US$,numeric,AMR,Americas,Country,NIC,Nicaragua,Year,2001,false,,,,,,,,,,,,,57.69,,,,,,57.69,,,EN,2025-12-04T11:00:00.000Z
GHED_CHE_pc_US_SHA2011,Current health expenditure (CHE) per capita in US$,numeric,EMR,Eastern Mediterranean,Country,SYR,Syrian Arab Republic,Year,2001,false,,,,,,,,,,,,,57.71,,,,,,57.71,,,EN,2025-12-04T11:00:00.000Z
GHED_CHE_pc_US_SHA2011,Current health expenditure (CHE) per capita in US$,numeric,AMR,Americas,Country,ATG,Antigua and Barbuda,Year,2001,false,,,,,,,,,,,,,572.2,,,,,,572.21,,,EN,2025-12-04T11:00:00.000Z
GHED_CHE_pc_US_SHA2011,Current health expenditure (CHE) per capita in US$,numeric,EMR,Eastern Mediterranean,Country,QAT,Qatar,Year,2001,false,,,,,,,,,,,,,598.7,,,,,,598.74,,,EN,2025-12-04T11:00:00.000Z
GHED_CHE_pc_US_SHA2011,Current health expenditure (CHE) per capita in US$,numeric,AFR,Africa,Country,LBR,Liberia,Year,2001,false,,,,,,,,,,,,,6.46,,,,,,6.46,,,EN,2025-12-04T11:00:00.000Z
GHED_CHE_pc_US_SHA2011,Current health expenditure (CHE) per capita in US$,numeric,AMR,Americas,Country,GUY,Guyana,Year,2001,false,,,,,,,,,,,,,60.1,,,,,,60.10,,,EN,2025-12-04T11:00:00.000Z
GHED_CHE_pc_US_SHA2011,Current health expenditure (CHE) per capita in US$,numeric,WPR,Western Pacific,Country,SLB,Solomon Islands,Year,2001,false,,,,,,,,,,,,,60.23,,,,,,60.23,,,EN,2025-12-04T11:00:00.000Z
GHED_CHE_pc_US_SHA2011,Current health expenditure (CHE) per capita in US$,numeric,WPR,Western Pacific,Country,FJI,Fiji,Year,2001,false,,,,,,,,,,,,,61.5,,,,,,61.50,,,EN,2025-12-04T11:00:00.000Z
GHED_CHE_pc_US_SHA2011,Current health expenditure (CHE) per capita in US$,numeric,AFR,Africa,Country,CPV,Cabo Verde,Year,2001,false,,,,,,,,,,,,,63.56,,,,,,63.56,,,EN,2025-12-04T11:00:00.000Z
GHED_CHE_pc_US_SHA2011,Current health expenditure (CHE) per capita in US$,numeric,WPR,Western Pacific,Country,PLW,Palau,Year,2001,false,,,,,,,,,,,,,640.6,,,,,,640.58,,,EN,2025-12-04T11:00:00.000Z
GHED_CHE_pc_US_SHA2011,Current health expenditure (CHE) per capita in US$,numeric,AMR,Americas,Country,BRB,Barbados,Year,2001,false,,,,,,,,,,,,,643.1,,,,,,643.12,,,EN,2025-12-04T11:00:00.000Z
GHED_CHE_pc_US_SHA2011,Current health expenditure (CHE) per capita in US$,numeric,AMR,Americas,Country,ARG,Argentina,Year,2001,false,,,,,,,,,,,,,660.6,,,,,,660.63,,,EN,2025-12-04T11:00:00.000Z
GHED_CHE_pc_US_SHA2011,Current health expenditure (CHE) per capita in US$,numeric,AFR,Africa,Country,DZA,Algeria,Year,2001,false,,,,,,,,,,,,,67.06,,,,,,67.06,,,EN,2025-12-04T11:00:00.000Z
GHED_CHE_pc_US_SHA2011,Current health expenditure (CHE) per capita in US$,numeric,AMR,Americas,Country,HND,Honduras,Year,2001,false,,,,,,,,,,,,,67.14,,,,,,67.14,,,EN,2025-12-04T11:00:00.000Z
GHED_CHE_pc_US_SHA2011,Current health expenditure (CHE) per capita in US$,numeric,AMR,Americas,Country,URY,Uruguay,Year,2001,false,,,,,,,,,,,,,679.4,,,,,,679.42,,,EN,2025-12-04T11:00:00.000Z
GHED_CHE_pc_US_SHA2011,Current health expenditure (CHE) per capita in US$,numeric,EMR,Eastern Mediterranean,Country,EGY,Egypt,Year,2001,false,,,,,,,,,,,,,68.67,,,,,,68.67,,,EN,2025-12-04T11:00:00.000Z
GHED_CHE_pc_US_SHA2011,Current health expenditure (CHE) per capita in US$,numeric,EUR,Europe,Country,MLT,Malta,Year,2001,false,,,,,,,,,,,,,686,,,,,,685.98,,,EN,2025-12-04T11:00:00.000Z
GHED_CHE_pc_US_SHA2011,Current health expenditure (CHE) per capita in US$,numeric,EMR,Eastern Mediterranean,Country,ARE,United Arab Emirates,Year,2001,false,,,,,,,,,,,,,689.3,,,,,,689.29,,,EN,2025-12-04T11:00:00.000Z
GHED_CHE_pc_US_SHA2011,Current health expenditure (CHE) per capita in US$,numeric,WPR,Western Pacific,Country,SGP,Singapore,Year,2001,false,,,,,,,,,,,,,690,,,,,,690.01,,,EN,2025-12-04T11:00:00.000Z
GHED_CHE_pc_US_SHA2011,Current health expenditure (CHE) per capita in US$,numeric,AFR,Africa,Country,MWI,Malawi,Year,2001,false,,,,,,,,,,,,,7.43,,,,,,7.43,,,EN,2025-12-04T11:00:00.000Z
GHED_CHE_pc_US_SHA2011,Current health expenditure (CHE) per capita in US$,numeric,AFR,Africa,Country,BDI,Burundi,Year,2001,false,,,,,,,,,,,,,7.51,,,,,,7.51,,,EN,2025-12-04T11:00:00.000Z
GHED_CHE_pc_US_SHA2011,Current health expenditure (CHE) per capita in US$,numeric,EUR,Europe,Country,TJK,Tajikistan,Year,2001,false,,,,,,,,,,,,,7.57,,,,,,7.57,,,EN,2025-12-04T11:00:00.000Z
GHED_CHE_pc_US_SHA2011,Current health expenditure (CHE) per capita in US$,numeric,AFR,Africa,Country,RWA,Rwanda,Year,2001,false,,,,,,,,,,,,,7.87,,,,,,7.87,,,EN,2025-12-04T11:00:00.000Z
GHED_CHE_pc_US_SHA2011,Current health expenditure (CHE) per capita in US$,numeric,AMR,Americas,Country,ECU,Ecuador,Year,2001,false,,,,,,,,,,,,,72.79,,,,,,72.79,,,EN,2025-12-04T11:00:00.000Z
GHED_CHE_pc_US_SHA2011,Current health expenditure (CHE) per capita in US$,numeric,EUR,Europe,Country,BLR,Belarus,Year,2001,false,,,,,,,,,,,,,73.37,,,,,,73.37,,,EN,2025-12-04T11:00:00.000Z
GHED_CHE_pc_US_SHA2011,Current health expenditure (CHE) per capita in US$,numeric,EUR,Europe,Country,ALB,Albania,Year,2001,false,,,,,,,,,,,,,73.92,,,,,,73.92,,,EN,2025-12-04T11:00:00.000Z
GHED_CHE_pc_US_SHA2011,Current health expenditure (CHE) per capita in US$,numeric,AFR,Africa,Country,SWZ,Eswatini,Year,2001,false,,,,,,,,,,,,,75.41,,,,,,75.41,,,EN,2025-12-04T11:00:00.000Z
GHED_CHE_pc_US_SHA2011,Current health expenditure (CHE) per capita in US$,numeric,EUR,Europe,Country,ROU,Romania,Year,2001,false,,,,,,,,,,,,,78.82,,,,,,78.82,,,EN,2025-12-04T11:00:00.000Z
GHED_CHE_pc_US_SHA2011,Current health expenditure (CHE) per capita in US$,numeric,EUR,Europe,Country,CYP,Cyprus,Year,2001,false,,,,,,,,,,,,,782.2,,,,,,782.16,,,EN,2025-12-04T11:00:00.000Z
GHED_CHE_pc_US_SHA2011,Current health expenditure (CHE) per capita in US$,numeric,SEAR,South-East Asia,Country,BGD,Bangladesh,Year,2001,false,,,,,,,,,,,,,8.1,,,,,,8.10,,,EN,2025-12-04T11:00:00.000Z
GHED_CHE_pc_US_SHA2011,Current health expenditure (CHE) per capita in US$,numeric,AFR,Africa,Country,MOZ,Mozambique,Year,2001,false,,,,,,,,,,,,,8.54,,,,,,8.54,,,EN,2025-12-04T11:00:00.000Z
GHED_CHE_pc_US_SHA2011,Current health expenditure (CHE) per capita in US$,numeric,EUR,Europe,Country,SVN,Slovenia,Year,2001,false,,,,,,,,,,,,,826.2,,,,,,826.23,,,EN,2025-12-04T11:00:00.000Z
GHED_CHE_pc_US_SHA2011,Current health expenditure (CHE) per capita in US$,numeric,WPR,Western Pacific,Country,KIR,Kiribati,Year,2001,false,,,,,,,,,,,,,85.89,,,,,,85.89,,,EN,2025-12-04T11:00:00.000Z
GHED_CHE_pc_US_SHA2011,Current health expenditure (CHE) per capita in US$,numeric,AMR,Americas,Country,PER,Peru,Year,2001,false,,,,,,,,,,,,,89.37,,,,,,89.37,,,EN,2025-12-04T11:00:00.000Z
GHED_CHE_pc_US_SHA2011,Current health expenditure (CHE) per capita in US$,numeric,AFR,Africa,Country,CAF,Central African Republic,Year,2001,false,,,,,,,,,,,,,9.21,,,,,,9.21,,,EN,2025-12-04T11:00:00.000Z
GHED_CHE_pc_US_SHA2011,Current health expenditure (CHE) per capita in US$,numeric,AFR,Africa,Country,NER,Niger,Year,2001,false,,,,,,,,,,,,,9.68,,,,,,9.68,,,EN,2025-12-04T11:00:00.000Z
GHED_CHE_pc_US_SHA2011,Current health expenditure (CHE) per capita in US$,numeric,AMR,Americas,Country,SUR,Suriname,Year,2001,false,,,,,,,,,,,,,91.74,,,,,,91.74,,,EN,2025-12-04T11:00:00.000Z
GHED_CHE_pc_US_SHA2011,Current health expenditure (CHE) per capita in US$,numeric,AMR,Americas,Country,PRY,Paraguay,Year,2001,false,,,,,,,,,,,,,91.84,,,,,,91.84,,,EN,2025-12-04T11:00:00.000Z
GHED_CHE_pc_US_SHA2011,Current health expenditure (CHE) per capita in US$,numeric,EMR,Eastern Mediterranean,Country,IRN,Iran (Islamic Republic of),Year,2001,false,,,,,,,,,,,,,93.23,,,,,,93.23,,,EN,2025-12-04T11:00:00.000Z
GHED_CHE_pc_US_SHA2011,Current health expenditure (CHE) per capita in US$,numeric,AMR,Americas,Country,BHS,Bahamas,Year,2001,false,,,,,,,,,,,,,995.7,,,,,,995.72,,,EN,2025-12-04T11:00:00.000Z
GHED_CHE_pc_US_SHA2011,Current health expenditure (CHE) per capita in US$,numeric,AFR,Africa,Country,BFA,Burkina Faso,Year,2000,false,,,,,,,,,,,,,10.01,,,,,,10.01,,,EN,2025-12-04T11:00:00.000Z
GHED_CHE_pc_US_SHA2011,Current health expenditure (CHE) per capita in US$,numeric,AFR,Africa,Country,TCD,Chad,Year,2000,false,,,,,,,,,,,,,10.07,,,,,,10.07,,,EN,2025-12-04T11:00:00.000Z
GHED_CHE_pc_US_SHA2011,Current health expenditure (CHE) per capita in US$,numeric,AFR,Africa,Country,GHA,Ghana,Year,2000,false,,,,,,,,,,,,,10.46,,,,,,10.46,,,EN,2025-12-04T11:00:00.000Z
GHED_CHE_pc_US_SHA2011,Current health expenditure (CHE) per capita in US$,numeric,EUR,Europe,Country,ESP,Spain,Year,2000,false,,,,,,,,,,,,,1005,,,,,,1005.28,,,EN,2025-12-04T11:00:00.000Z
GHED_CHE_pc_US_SHA2011,Current health expenditure (CHE) per capita in US$,numeric,AMR,Americas,Country,PRY,Paraguay,Year,2000,false,,,,,,,,,,,,,104.5,,,,,,104.49,,,EN,2025-12-04T11:00:00.000Z
GHED_CHE_pc_US_SHA2011,Current health expenditure (CHE) per capita in US$,numeric,WPR,Western Pacific,Country,NZL,New Zealand,Year,2000,false,,,,,,,,,,,,,1054,,,,,,1054.28,,,EN,2025-12-04T11:00:00.000Z
GHED_CHE_pc_US_SHA2011,Current health expenditure (CHE) per capita in US$,numeric,EUR,Europe,Country,BIH,Bosnia and Herzegovina,Year,2000,false,,,,,,,,,,,,,106.6,,,,,,106.58,,,EN,2025-12-04T11:00:00.000Z
GHED_CHE_pc_US_SHA2011,Current health expenditure (CHE) per capita in US$,numeric,AFR,Africa,Country,MDG,Madagascar,Year,2000,false,,,,,,,,,,,,,11.19,,,,,,11.19,,,EN,2025-12-04T11:00:00.000Z
GHED_CHE_pc_US_SHA2011,Current health expenditure (CHE) per capita in US$,numeric,EMR,Eastern Mediterranean,Country,TUN,Tunisia,Year,2000,false,,,,,,,,,,,,,111,,,,,,111.01,,,EN,2025-12-04T11:00:00.000Z
GHED_CHE_pc_US_SHA2011,Current health expenditure (CHE) per capita in US$,numeric,WPR,Western Pacific,Country,MYS,Malaysia,Year,2000,false,,,,,,,,,,,,,111.8,,,,,,111.84,,,EN,2025-12-04T11:00:00.000Z
GHED_CHE_pc_US_SHA2011,Current health expenditure (CHE) per capita in US$,numeric,AFR,Africa,Country,MUS,Mauritius,Year,2000,false,,,,,,,,,,,,,115.9,,,,,,115.90,,,EN,2025-12-04T11:00:00.000Z
GHED_CHE_pc_US_SHA2011,Current health expenditure (CHE) per capita in US$,numeric,EUR,Europe,Country,KGZ,Kyrgyzstan,Year,2000,false,,,,,,,,,,,,,12.03,,,,,,12.03,,,EN,2025-12-04T11:00:00.000Z
GHED_CHE_pc_US_SHA2011,Current health expenditure (CHE) per capita in US$,numeric,AFR,Africa,Country,TZA,United Republic of Tanzania,Year,2000,false,,,,,,,,,,,,,12.33,,,,,,12.33,,,EN,2025-12-04T11:00:00.000Z
GHED_CHE_pc_US_SHA2011,Current health expenditure (CHE) per capita in US$,numeric,AFR,Africa,Country,GAB,Gabon,Year,2000,false,,,,,,,,,,,,,123.2,,,,,,123.20,,,EN,2025-12-04T11:00:00.000Z
GHED_CHE_pc_US_SHA2011,Current health expenditure (CHE) per capita in US$,numeric,EMR,Eastern Mediterranean,Country,PSE,"occupied Palestinian territory, including east Jerusalem",Year,2000,false,,,,,,,,,,,,,129.5,,,,,,129.55,,,EN,2025-12-04T11:00:00.000Z
GHED_CHE_pc_US_SHA2011,Current health expenditure (CHE) per capita in US$,numeric,EUR,Europe,Country,AND,Andorra,Year,2000,false,,,,,,,,,,,,,1294,,,,,,1294.09,,,EN,2025-12-04T11:00:00.000Z
GHED_CHE_pc_US_SHA2011,Current health expenditure (CHE) per capita in US$,numeric,AFR,Africa,Country,AGO,Angola,Year,2000,false,,,,,,,,,,,,,13.16,,,,,,13.16,,,EN,2025-12-04T11:00:00.000Z
GHED_CHE_pc_US_SHA2011,Current health expenditure (CHE) per capita in US$,numeric,AFR,Africa,Country,GNB,Guinea-Bissau,Year,2000,false,,,,,,,,,,,,,13.28,,,,,,13.28,,,EN,2025-12-04T11:00:00.000Z
GHED_CHE_pc_US_SHA2011,Current health expenditure (CHE) per capita in US$,numeric,EMR,Eastern Mediterranean,Country,SDN,Sudan,Year,2000,false,,,,,,,,,,,,,13.99,,,,,,13.99,,,EN,2025-12-04T11:00:00.000Z
GHED_CHE_pc_US_SHA2011,Current health expenditure (CHE) per capita in US$,numeric,AMR,Americas,Country,COL,Colombia,Year,2000,false,,,,,,,,,,,,,134.7,,,,,,134.71,,,EN,2025-12-04T11:00:00.000Z
GHED_CHE_pc_US_SHA2011,Current health expenditure (CHE) per capita in US$,numeric,AMR,Americas,Country,DOM,Dominican Republic,Year,2000,false,,,,,,,,,,,,,138.3,,,,,,138.30,,,EN,2025-12-04T11:00:00.000Z
GHED_CHE_pc_US_SHA2011,Current health expenditure (CHE) per capita in US$,numeric,AMR,Americas,Country,BLZ,Belize,Year,2000,false,,,,,,,,,,,,,139,,,,,,139.00,,,EN,2025-12-04T11:00:00.000Z
GHED_CHE_pc_US_SHA2011,Current health expenditure (CHE) per capita in US$,numeric,AFR,Africa,Country,MLI,Mali,Year,2000,false,,,,,,,,,,,,,14,,,,,,14.00,,,EN,2025-12-04T11:00:00.000Z
GHED_CHE_pc_US_SHA2011,Current health expenditure (CHE) per capita in US$,numeric,AFR,Africa,Country,ERI,Eritrea,Year,2000,false,,,,,,,,,,,,,14.03,,,,,,14.03,,,EN,2025-12-04T11:00:00.000Z
GHED_CHE_pc_US_SHA2011,Current health expenditure (CHE) per capita in US$,numeric,AFR,Africa,Country,TGO,Togo,Year,2000,false,,,,,,,,,,,,,14.03,,,,,,14.03,,,EN,2026-04-09T12:00:00.000Z
GHED_CHE_pc_US_SHA2011,Current health expenditure (CHE) per capita in US$,numeric,WPR,Western Pacific,Country,LAO,Lao People's Democratic Republic,Year,2000,false,,,,,,,,,,,,,14.1,,,,,,14.10,,,EN,2025-12-04T11:00:00.000Z
GHED_CHE_pc_US_SHA2011,Current health expenditure (CHE) per capita in US$,numeric,AFR,Africa,Country,BEN,Benin,Year,2000,false,,,,,,,,,,,,,14.42,,,,,,14.42,,,EN,2025-12-04T11:00:00.000Z
GHED_CHE_pc_US_SHA2011,Current health expenditure (CHE) per capita in US$,numeric,AFR,Africa,Country,ZMB,Zambia,Year,2000,false,,,,,,,,,,,,,14.81,,,,,,14.81,,,EN,2025-12-04T11:00:00.000Z
GHED_CHE_pc_US_SHA2011,Current health expenditure (CHE) per capita in US$,numeric,EUR,Europe,Country,ISR,Israel,Year,2000,false,,,,,,,,,,,,,1473,,,,,,1473.01,,,EN,2025-12-04T11:00:00.000Z
GHED_CHE_pc_US_SHA2011,Current health expenditure (CHE) per capita in US$,numeric,AMR,Americas,Country,VCT,Saint Vincent and the Grenadines,Year,2000,false,,,,,,,,,,,,,149.9,,,,,,149.92,,,EN,2025-12-04T11:00:00.000Z
GHED_CHE_pc_US_SHA2011,Current health expenditure (CHE) per capita in US$,numeric,EMR,Eastern Mediterranean,Country,PAK,Pakistan,Year,2000,false,,,,,,,,,,,,,15.37,,,,,,15.37,,,EN,2025-12-04T11:00:00.000Z
GHED_CHE_pc_US_SHA2011,Current health expenditure (CHE) per capita in US$,numeric,WPR,Western Pacific,Country,IDN,Indonesia,Year,2000,false,,,,,,,,,,,,,15.39,,,,,,15.39,,,EN,2025-12-04T11:00:00.000Z
GHED_CHE_pc_US_SHA2011,Current health expenditure (CHE) per capita in US$,numeric,EMR,Eastern Mediterranean,Country,JOR,Jordan,Year,2000,false,,,,,,,,,,,,,151.3,,,,,,151.33,,,EN,2025-12-04T11:00:00.000Z
GHED_CHE_pc_US_SHA2011,Current health expenditure (CHE) per capita in US$,numeric,EUR,Europe,Country,ITA,Italy,Year,2000,false,,,,,,,,,,,,,1524,,,,,,1524.24,,,EN,2025-12-04T11:00:00.000Z
GHED_CHE_pc_US_SHA2011,Current health expenditure (CHE) per capita in US$,numeric,AMR,Americas,Country,SLV,El Salvador,Year,2000,false,,,,,,,,,,,,,155.5,,,,,,155.53,,,EN,2025-12-04T11:00:00.000Z
GHED_CHE_pc_US_SHA2011,Current health expenditure (CHE) per capita in US$,numeric,EUR,Europe,Country,IRL,Ireland,Year,2000,false,,,,,,,,,,,,,1565,,,,,,1564.84,,,EN,2025-12-04T11:00:00.000Z
GHED_CHE_pc_US_SHA2011,Current health expenditure (CHE) per capita in US$,numeric,AFR,Africa,Country,UGA,Uganda,Year,2000,false,,,,,,,,,,,,,16.43,,,,,,16.43,,,EN,2025-12-04T11:00:00.000Z
GHED_CHE_pc_US_SHA2011,Current health expenditure (CHE) per capita in US$,numeric,WPR,Western Pacific,Country,FSM,Micronesia (Federated States of),Year,2000,false,,,,,,,,,,,,,161.5,,,,,,161.48,,,EN,2025-12-04T11:00:00.000Z
GHED_CHE_pc_US_SHA2011,Current health expenditure (CHE) per capita in US$,numeric,EUR,Europe,Country,MKD,North Macedonia,Year,2000,false,,,,,,,,,,,,,162.7,,,,,,162.68,,,EN,2025-12-04T11:00:00.000Z
GHED_CHE_pc_US_SHA2011,Current health expenditure (CHE) per capita in US$,numeric,WPR,Western Pacific,Country,AUS,Australia,Year,2000,false,,,,,,,,,,,,,1627,,,,,,1626.73,,,EN,2025-12-04T11:00:00.000Z
GHED_CHE_pc_US_SHA2011,Current health expenditure (CHE) per capita in US$,numeric,AMR,Americas,Country,SUR,Suriname,Year,2000,false,,,,,,,,,,,,,166.9,,,,,,166.90,,,EN,2025-12-04T11:00:00.000Z
GHED_CHE_pc_US_SHA2011,Current health expenditure (CHE) per capita in US$,numeric,AFR,Africa,Country,NGA,Nigeria,Year,2000,false,,,,,,,,,,,,,17.16,,,,,,17.16,,,EN,2025-12-04T11:00:00.000Z
GHED_CHE_pc_US_SHA2011,Current health expenditure (CHE) per capita in US$,numeric,AFR,Africa,Country,COG,Congo,Year,2000,false,,,,,,,,,,,,,17.35,,,,,,17.35,,,EN,2025-12-04T11:00:00.000Z
GHED_CHE_pc_US_SHA2011,Current health expenditure (CHE) per capita in US$,numeric,AFR,Africa,Country,COD,Democratic Republic of the Congo,Year,2000,false,,,,,,,,,,,,,17.52,,,,,,17.52,,,EN,2025-12-04T11:00:00.000Z
GHED_CHE_pc_US_SHA2011,Current health expenditure (CHE) per capita in US$,numeric,AFR,Africa,Country,SLE,Sierra Leone,Year,2000,false,,,,,,,,,,,,,17.67,,,,,,17.67,,,EN,2025-12-04T11:00:00.000Z
GHED_CHE_pc_US_SHA2011,Current health expenditure (CHE) per capita in US$,numeric,EUR,Europe,Country,FIN,Finland,Year,2000,false,,,,,,,,,,,,,1727,,,,,,1726.74,,,EN,2025-12-04T11:00:00.000Z
GHED_CHE_pc_US_SHA2011,Current health expenditure (CHE) per capita in US$,numeric,SEAR,South-East Asia,Country,IND,India,Year,2000,false,,,,,,,,,,,,,18.48,,,,,,18.48,,,EN,2025-12-04T11:00:00.000Z
GHED_CHE_pc_US_SHA2011,Current health expenditure (CHE) per capita in US$,numeric,WPR,Western Pacific,Country,PNG,Papua New Guinea,Year,2000,false,,,,,,,,,,,,,18.84,,,,,,18.84,,,EN,2025-12-04T11:00:00.000Z
GHED_CHE_pc_US_SHA2011,Current health expenditure (CHE) per capita in US$,numeric,AMR,Americas,Country,CUB,Cuba,Year,2000,false,,,,,,,,,,,,,181.1,,,,,,181.09,,,EN,2025-12-04T11:00:00.000Z
GHED_CHE_pc_US_SHA2011,Current health expenditure (CHE) per capita in US$,numeric,EUR,Europe,Country,LVA,Latvia,Year,2000,false,,,,,,,,,,,,,181.6,,,,,,181.57,,,EN,2025-12-04T11:00:00.000Z
GHED_CHE_pc_US_SHA2011,Current health expenditure (CHE) per capita in US$,numeric,EUR,Europe,Country,BEL,Belgium,Year,2000,false,,,,,,,,,,,,,1850,,,,,,1849.92,,,EN,2025-12-04T11:00:00.000Z
GHED_CHE_pc_US_SHA2011,Current health expenditure (CHE) per capita in US$,numeric,EUR,Europe,Country,AZE,Azerbaijan,Year,2000,false,,,,,,,,,,,,,19.02,,,,,,19.02,,,EN,2025-12-04T11:00:00.000Z
GHED_CHE_pc_US_SHA2011,Current health expenditure (CHE) per capita in US$,numeric,WPR,Western Pacific,Country,KHM,Cambodia,Year,2000,false,,,,,,,,,,,,,19.28,,,,,,19.28,,,EN,2025-12-04T11:00:00.000Z
GHED_CHE_pc_US_SHA2011,Current health expenditure (CHE) per capita in US$,numeric,WPR,Western Pacific,Country,COK,Cook Islands,Year,2000,false,,,,,,,,,,,,,191.5,,,,,,191.46,,,EN,2025-12-04T11:00:00.000Z
GHED_CHE_pc_US_SHA2011,Current health expenditure (CHE) per capita in US$,numeric,EUR,Europe,Country,TUR,Türkiye,Year,2000,false,,,,,,,,,,,,,192.8,,,,,,192.83,,,EN,2025-12-04T11:00:00.000Z
GHED_CHE_pc_US_SHA2011,Current health expenditure (CHE) per capita in US$,numeric,AMR,Americas,Country,CAN,Canada,Year,2000,false,,,,,,,,,,,,,1988,,,,,,1988.16,,,EN,2025-12-04T11:00:00.000Z
GHED_CHE_pc_US_SHA2011,Current health expenditure (CHE) per capita in US$,numeric,AFR,Africa,Country,GNQ,Equatorial Guinea,Year,2000,false,,,,,,,,,,,,,20.14,,,,,,20.14,,,EN,2025-12-04T11:00:00.000Z
GHED_CHE_pc_US_SHA2011,Current health expenditure (CHE) per capita in US$,numeric,EUR,Europe,Country,GBR,United Kingdom of Great Britain and Northern Ireland,Year,2000,false,,,,,,,,,,,,,2021,,,,,,2020.97,,,EN,2025-12-04T11:00:00.000Z
GHED_CHE_pc_US_SHA2011,Current health expenditure (CHE) per capita in US$,numeric,EUR,Europe,Country,NLD,Netherlands (Kingdom of the),Year,2000,false,,,,,,,,,,,,,2028,,,,,,2028.18,,,EN,2025-12-04T11:00:00.000Z
GHED_CHE_pc_US_SHA2011,Current health expenditure (CHE) per capita in US$,numeric,EUR,Europe,Country,SVK,Slovakia,Year,2000,false,,,,,,,,,,,,,203.5,,,,,,203.51,,,EN,2025-12-04T11:00:00.000Z
GHED_CHE_pc_US_SHA2011,Current health expenditure (CHE) per capita in US$,numeric,AMR,Americas,Country,JAM,Jamaica,Year,2000,false,,,,,,,,,,,,,206.4,,,,,,206.45,,,EN,2025-12-04T11:00:00.000Z
GHED_CHE_pc_US_SHA2011,Current health expenditure (CHE) per capita in US$,numeric,AFR,Africa,Country,BWA,Botswana,Year,2000,false,,,,,,,,,,,,,206.9,,,,,,206.93,,,EN,2025-12-04T11:00:00.000Z
GHED_CHE_pc_US_SHA2011,Current health expenditure (CHE) per capita in US$,numeric,EUR,Europe,Country,EST,Estonia,Year,2000,false,,,,,,,,,,,,,210,,,,,,209.98,,,EN,2025-12-04T11:00:00.000Z
GHED_CHE_pc_US_SHA2011,Current health expenditure (CHE) per capita in US$,numeric,WPR,Western Pacific,Country,VNM,Viet Nam,Year,2000,false,,,,,,,,,,,,,21.07,,,,,,21.07,,,EN,2025-12-04T11:00:00.000Z
GHED_CHE_pc_US_SHA2011,Current health expenditure (CHE) per capita in US$,numeric,EUR,Europe,Country,MDA,Republic of Moldova,Year,2000,false,,,,,,,,,,,,,21.38,,,,,,21.38,,,EN,2025-12-04T11:00:00.000Z
GHED_CHE_pc_US_SHA2011,Current health expenditure (CHE) per capita in US$,numeric,AFR,Africa,Country,SEN,Senegal,Year,2000,false,,,,,,,,,,,,,21.42,,,,,,21.42,,,EN,2025-12-04T11:00:00.000Z
GHED_CHE_pc_US_SHA2011,Current health expenditure (CHE) per capita in US$,numeric,AFR,Africa,Country,KEN,Kenya,Year,2000,false,,,,,,,,,,,,,21.53,,,,,,21.53,,,EN,2025-12-04T11:00:00.000Z
GHED_CHE_pc_US_SHA2011,Current health expenditure (CHE) per capita in US$,numeric,EUR,Europe,Country,FRA,France,Year,2000,false,,,,,,,,,,,,,2162,,,,,,2161.85,,,EN,2025-12-04T11:00:00.000Z
GHED_CHE_pc_US_SHA2011,Current health expenditure (CHE) per capita in US$,numeric,EUR,Europe,Country,LTU,Lithuania,Year,2000,false,,,,,,,,,,,,,217.2,,,,,,217.18,,,EN,2025-12-04T11:00:00.000Z
GHED_CHE_pc_US_SHA2011,Current health expenditure (CHE) per capita in US$,numeric,AFR,Africa,Country,NAM,Namibia,Year,2000,false,,,,,,,,,,,,,217.6,,,,,,217.55,,,EN,2025-12-04T11:00:00.000Z
GHED_CHE_pc_US_SHA2011,Current health expenditure (CHE) per capita in US$,numeric,EUR,Europe,Country,SWE,Sweden,Year,2000,false,,,,,,,,,,,,,2173,,,,,,2173.19,,,EN,2025-12-04T11:00:00.000Z
GHED_CHE_pc_US_SHA2011,Current health expenditure (CHE) per capita in US$,numeric,EUR,Europe,Country,SMR,San Marino,Year,2000,false,,,,,,,,,,,,,2176,,,,,,2176.21,,,EN,2025-12-04T11:00:00.000Z
GHED_CHE_pc_US_SHA2011,Current health expenditure (CHE) per capita in US$,numeric,SEAR,South-East Asia,Country,MDV,Maldives,Year,2000,false,,,,,,,,,,,,,219.9,,,,,,219.86,,,EN,2025-12-04T11:00:00.000Z
GHED_CHE_pc_US_SHA2011,Current health expenditure (CHE) per capita in US$,numeric,AFR,Africa,Country,GIN,Guinea,Year,2000,false,,,,,,,,,,,,,22.72,,,,,,22.72,,,EN,2025-12-04T11:00:00.000Z
GHED_CHE_pc_US_SHA2011,Current health expenditure (CHE) per capita in US$,numeric,EMR,Eastern Mediterranean,Country,YEM,Yemen,Year,2000,false,,,,,,,,,,,,,22.91,,,,,,22.91,,,EN,2025-12-04T11:00:00.000Z
GHED_CHE_pc_US_SHA2011,Current health expenditure (CHE) per capita in US$,numeric,AFR,Africa,Country,MRT,Mauritania,Year,2000,false,,,,,,,,,,,,,23,,,,,,23.00,,,EN,2025-12-04T11:00:00.000Z
GHED_CHE_pc_US_SHA2011,Current health expenditure (CHE) per capita in US$,numeric,AFR,Africa,Country,LSO,Lesotho,Year,2000,false,,,,,,,,,,,,,23.71,,,,,,23.71,,,EN,2025-12-04T11:00:00.000Z
GHED_CHE_pc_US_SHA2011,Current health expenditure (CHE) per capita in US$,numeric,EUR,Europe,Country,AUT,Austria,Year,2000,false,,,,,,,,,,,,,2302,,,,,,2301.89,,,EN,2025-12-04T11:00:00.000Z
GHED_CHE_pc_US_SHA2011,Current health expenditure (CHE) per capita in US$,numeric,EUR,Europe,Country,DEU,Germany,Year,2000,false,,,,,,,,,,,,,2336,,,,,,2336.36,,,EN,2025-12-04T11:00:00.000Z
GHED_CHE_pc_US_SHA2011,Current health expenditure (CHE) per capita in US$,numeric,AFR,Africa,Country,ZAF,South Africa,Year,2000,false,,,,,,,,,,,,,236.1,,,,,,236.08,,,EN,2025-12-04T11:00:00.000Z
GHED_CHE_pc_US_SHA2011,Current health expenditure (CHE) per capita in US$,numeric,EUR,Europe,Country,POL,Poland,Year,2000,false,,,,,,,,,,,,,238,,,,,,238.00,,,EN,2025-12-04T11:00:00.000Z
GHED_CHE_pc_US_SHA2011,Current health expenditure (CHE) per capita in US$,numeric,EMR,Eastern Mediterranean,Country,LBY,Libya,Year,2000,false,,,,,,,,,,,,,247.1,,,,,,247.11,,,EN,2025-12-04T11:00:00.000Z
GHED_CHE_pc_US_SHA2011,Current health expenditure (CHE) per capita in US$,numeric,EUR,Europe,Country,DNK,Denmark,Year,2000,false,,,,,,,,,,,,,2492,,,,,,2491.54,,,EN,2025-12-04T11:00:00.000Z
GHED_CHE_pc_US_SHA2011,Current health expenditure (CHE) per capita in US$,numeric,EUR,Europe,Country,ARM,Armenia,Year,2000,false,,,,,,,,,,,,,25.66,,,,,,25.66,,,EN,2025-12-04T11:00:00.000Z
GHED_CHE_pc_US_SHA2011,Current health expenditure (CHE) per capita in US$,numeric,AMR,Americas,Country,CRI,Costa Rica,Year,2000,false,,,,,,,,,,,,,250.3,,,,,,250.31,,,EN,2025-12-04T11:00:00.000Z
GHED_CHE_pc_US_SHA2011,Current health expenditure (CHE) per capita in US$,numeric,AMR,Americas,Country,DMA,Dominica,Year,2000,false,,,,,,,,,,,,,259,,,,,,259.02,,,EN,2025-12-04T11:00:00.000Z
GHED_CHE_pc_US_SHA2011,Current health expenditure (CHE) per capita in US$,numeric,AMR,Americas,Country,GRD,Grenada,Year,2000,false,,,,,,,,,,,,,259.3,,,,,,259.34,,,EN,2025-12-04T11:00:00.000Z
GHED_CHE_pc_US_SHA2011,Current health expenditure (CHE) per capita in US$,numeric,EMR,Eastern Mediterranean,Country,OMN,Oman,Year,2000,false,,,,,,,,,,,,,261.9,,,,,,261.88,,,EN,2025-12-04T11:00:00.000Z
GHED_CHE_pc_US_SHA2011,Current health expenditure (CHE) per capita in US$,numeric,AMR,Americas,Country,TTO,Trinidad and Tobago,Year,2000,false,,,,,,,,,,,,,266.2,,,,,,266.16,,,EN,2025-12-04T11:00:00.000Z
GHED_CHE_pc_US_SHA2011,Current health expenditure (CHE) per capita in US$,numeric,WPR,Western Pacific,Country,JPN,Japan,Year,2000,false,,,,,,,,,,,,,2751,,,,,,2751.38,,,EN,2025-12-04T11:00:00.000Z
GHED_CHE_pc_US_SHA2011,Current health expenditure (CHE) per capita in US$,numeric,WPR,Western Pacific,Country,MNG,Mongolia,Year,2000,false,,,,,,,,,,,,,28.14,,,,,,28.14,,,EN,2025-12-04T11:00:00.000Z
GHED_CHE_pc_US_SHA2011,Current health expenditure (CHE) per capita in US$,numeric,AMR,Americas,Country,LCA,Saint Lucia,Year,2000,false,,,,,,,,,,,,,285.8,,,,,,285.84,,,EN,2025-12-04T11:00:00.000Z
GHED_CHE_pc_US_SHA2011,Current health expenditure (CHE) per capita in US$,numeric,EUR,Europe,Country,ISL,Iceland,Year,2000,false,,,,,,,,,,,,,2856,,,,,,2855.57,,,EN,2025-12-04T11:00:00.000Z
GHED_CHE_pc_US_SHA2011,Current health expenditure (CHE) per capita in US$,numeric,EUR,Europe,Country,LUX,Luxembourg,Year,2000,false,,,,,,,,,,,,,2901,,,,,,2901.20,,,EN,2025-12-04T11:00:00.000Z
GHED_CHE_pc_US_SHA2011,Current health expenditure (CHE) per capita in US$,numeric,EUR,Europe,Country,NOR,Norway,Year,2000,false,,,,,,,,,,,,,2949,,,,,,2948.93,,,EN,2025-12-04T11:00:00.000Z
GHED_CHE_pc_US_SHA2011,Current health expenditure (CHE) per capita in US$,numeric,WPR,Western Pacific,Country,NIU,Niue,Year,2000,false,,,,,,,,,,,,,295.3,,,,,,295.30,,,EN,2025-12-04T11:00:00.000Z
GHED_CHE_pc_US_SHA2011,Current health expenditure (CHE) per capita in US$,numeric,EUR,Europe,Country,MCO,Monaco,Year,2000,false,,,,,,,,,,,,,2976,,,,,,2975.82,,,EN,2025-12-04T11:00:00.000Z
GHED_CHE_pc_US_SHA2011,Current health expenditure (CHE) per capita in US$,numeric,AFR,Africa,Country,CIV,Cote d'Ivoire,Year,2000,false,,,,,,,,,,,,,30.33,,,,,,30.33,,,EN,2025-12-04T11:00:00.000Z
GHED_CHE_pc_US_SHA2011,Current health expenditure (CHE) per capita in US$,numeric,AMR,Americas,Country,HTI,Haiti,Year,2000,false,,,,,,,,,,,,,30.36,,,,,,30.36,,,EN,2025-12-04T11:00:00.000Z
GHED_CHE_pc_US_SHA2011,Current health expenditure (CHE) per capita in US$,numeric,AFR,Africa,Country,CMR,Cameroon,Year,2000,false,,,,,,,,,,,,,30.44,,,,,,30.44,,,EN,2025-12-04T11:00:00.000Z
GHED_CHE_pc_US_SHA2011,Current health expenditure (CHE) per capita in US$,numeric,SEAR,South-East Asia,Country,BTN,Bhutan,Year,2000,false,,,,,,,,,,,,,30.59,,,,,,30.59,,,EN,2025-12-04T11:00:00.000Z
GHED_CHE_pc_US_SHA2011,Current health expenditure (CHE) per capita in US$,numeric,AMR,Americas,Country,PAN,Panama,Year,2000,false,,,,,,,,,,,,,300.7,,,,,,300.66,,,EN,2025-12-04T11:00:00.000Z
GHED_CHE_pc_US_SHA2011,Current health expenditure (CHE) per capita in US$,numeric,WPR,Western Pacific,Country,MHL,Marshall Islands,Year,2000,false,,,,,,,,,,,,,306.7,,,,,,306.73,,,EN,2025-12-04T11:00:00.000Z
GHED_CHE_pc_US_SHA2011,Current health expenditure (CHE) per capita in US$,numeric,EUR,Europe,Country,HUN,Hungary,Year,2000,false,,,,,,,,,,,,,313.1,,,,,,313.11,,,EN,2025-12-04T11:00:00.000Z
GHED_CHE_pc_US_SHA2011,Current health expenditure (CHE) per capita in US$,numeric,AMR,Americas,Country,BRA,Brazil,Year,2000,false,,,,,,,,,,,,,313.9,,,,,,313.93,,,EN,2025-12-04T11:00:00.000Z
GHED_CHE_pc_US_SHA2011,Current health expenditure (CHE) per capita in US$,numeric,AMR,Americas,Country,MEX,Mexico,Year,2000,false,,,,,,,,,,,,,319.3,,,,,,319.35,,,EN,2025-12-04T11:00:00.000Z
GHED_CHE_pc_US_SHA2011,Current health expenditure (CHE) per capita in US$,numeric,WPR,Western Pacific,Country,PHL,Philippines,Year,2000,false,,,,,,,,,,,,,32.1,,,,,,32.10,,,EN,2025-12-04T11:00:00.000Z
GHED_CHE_pc_US_SHA2011,Current health expenditure (CHE) per capita in US$,numeric,EUR,Europe,Country,UKR,Ukraine,Year,2000,false,,,,,,,,,,,,,34.62,,,,,,34.62,,,EN,2025-12-04T11:00:00.000Z
GHED_CHE_pc_US_SHA2011,Current health expenditure (CHE) per capita in US$,numeric,AFR,Africa,Country,SYC,Seychelles,Year,2000,false,,,,,,,,,,,,,340.2,,,,,,340.24,,,EN,2025-12-04T11:00:00.000Z
GHED_CHE_pc_US_SHA2011,Current health expenditure (CHE) per capita in US$,numeric,EUR,Europe,Country,CZE,Czechia,Year,2000,false,,,,,,,,,,,,,342.9,,,,,,342.92,,,EN,2025-12-04T11:00:00.000Z
GHED_CHE_pc_US_SHA2011,Current health expenditure (CHE) per capita in US$,numeric,EMR,Eastern Mediterranean,Country,DJI,Djibouti,Year,2000,false,,,,,,,,,,,,,35.49,,,,,,35.49,,,EN,2025-12-04T11:00:00.000Z
GHED_CHE_pc_US_SHA2011,Current health expenditure (CHE) per capita in US$,numeric,EUR,Europe,Country,UZB,Uzbekistan,Year,2000,false,,,,,,,,,,,,,35.72,,,,,,35.72,,,EN,2025-12-04T11:00:00.000Z
GHED_CHE_pc_US_SHA2011,Current health expenditure (CHE) per capita in US$,numeric,WPR,Western Pacific,Country,TUV,Tuvalu,Year,2000,false,,,,,,,,,,,,,351.9,,,,,,351.93,,,EN,2025-12-04T11:00:00.000Z
GHED_CHE_pc_US_SHA2011,Current health expenditure (CHE) per capita in US$,numeric,AMR,Americas,Country,CHL,Chile,Year,2000,false,,,,,,,,,,,,,353.3,,,,,,353.25,,,EN,2025-12-04T11:00:00.000Z
GHED_CHE_pc_US_SHA2011,Current health expenditure (CHE) per capita in US$,numeric,EUR,Europe,Country,CHE,Switzerland,Year,2000,false,,,,,,,,,,,,,3550,,,,,,3550.13,,,EN,2025-12-04T11:00:00.000Z
GHED_CHE_pc_US_SHA2011,Current health expenditure (CHE) per capita in US$,numeric,EUR,Europe,Country,HRV,Croatia,Year,2000,false,,,,,,,,,,,,,385.8,,,,,,385.78,,,EN,2025-12-04T11:00:00.000Z
GHED_CHE_pc_US_SHA2011,Current health expenditure (CHE) per capita in US$,numeric,SEAR,South-East Asia,Country,MMR,Myanmar,Year,2000,false,,,,,,,,,,,,,4.47,,,,,,4.47,,,EN,2025-12-04T11:00:00.000Z
GHED_CHE_pc_US_SHA2011,Current health expenditure (CHE) per capita in US$,numeric,SEAR,South-East Asia,Country,LKA,Sri Lanka,Year,2000,false,,,,,,,,,,,,,42.55,,,,,,42.55,,,EN,2025-12-04T11:00:00.000Z
GHED_CHE_pc_US_SHA2011,Current health expenditure (CHE) per capita in US$,numeric,WPR,Western Pacific,Country,CHN,China,Year,2000,false,,,,,,,,,,,,,42.81,,,,,,42.81,,,EN,2025-12-04T11:00:00.000Z
GHED_CHE_pc_US_SHA2011,Current health expenditure (CHE) per capita in US$,numeric,AMR,Americas,Country,BOL,Bolivia (Plurinational State of),Year,2000,false,,,,,,,,,,,,,42.89,,,,,,42.89,,,EN,2025-12-04T11:00:00.000Z
GHED_CHE_pc_US_SHA2011,Current health expenditure (CHE) per capita in US$,numeric,EMR,Eastern Mediterranean,Country,KWT,Kuwait,Year,2000,false,,,,,,,,,,,,,425.2,,,,,,425.21,,,EN,2025-12-04T11:00:00.000Z
GHED_CHE_pc_US_SHA2011,Current health expenditure (CHE) per capita in US$,numeric,EMR,Eastern Mediterranean,Country,LBN,Lebanon,Year,2000,false,,,,,,,,,,,,,425.7,,,,,,425.70,,,EN,2025-12-04T11:00:00.000Z
GHED_CHE_pc_US_SHA2011,Current health expenditure (CHE) per capita in US$,numeric,AMR,Americas,Country,KNA,Saint Kitts and Nevis,Year,2000,false,,,,,,,,,,,,,446.7,,,,,,446.67,,,EN,2025-12-04T11:00:00.000Z
GHED_CHE_pc_US_SHA2011,Current health expenditure (CHE) per capita in US$,numeric,EMR,Eastern Mediterranean,Country,BHR,Bahrain,Year,2000,false,,,,,,,,,,,,,451.5,,,,,,451.50,,,EN,2025-12-04T11:00:00.000Z
GHED_CHE_pc_US_SHA2011,Current health expenditure (CHE) per capita in US$,numeric,AMR,Americas,Country,USA,United States of America,Year,2000,false,,,,,,,,,,,,,4549,,,,,,4548.55,,,EN,2025-12-04T11:00:00.000Z
GHED_CHE_pc_US_SHA2011,Current health expenditure (CHE) per capita in US$,numeric,WPR,Western Pacific,Country,SLB,Solomon Islands,Year,2000,false,,,,,,,,,,,,,46.03,,,,,,46.03,,,EN,2025-12-04T11:00:00.000Z
GHED_CHE_pc_US_SHA2011,Current health expenditure (CHE) per capita in US$,numeric,WPR,Western Pacific,Country,NRU,Naoero,Year,2000,false,,,,,,,,,,,,,463.8,,,,,,463.78,,,EN,2025-12-04T11:00:00.000Z
GHED_CHE_pc_US_SHA2011,Current health expenditure (CHE) per capita in US$,numeric,AFR,Africa,Country,COM,Comoros,Year,2000,false,,,,,,,,,,,,,47.59,,,,,,47.59,,,EN,2025-12-04T11:00:00.000Z
GHED_CHE_pc_US_SHA2011,Current health expenditure (CHE) per capita in US$,numeric,WPR,Western Pacific,Country,KOR,Republic of Korea,Year,2000,false,,,,,,,,,,,,,475.3,,,,,,475.25,,,EN,2025-12-04T11:00:00.000Z
GHED_CHE_pc_US_SHA2011,Current health expenditure (CHE) per capita in US$,numeric,WPR,Western Pacific,Country,VUT,Vanuatu,Year,2000,false,,,,,,,,,,,,,48.29,,,,,,48.29,,,EN,2025-12-04T11:00:00.000Z
GHED_CHE_pc_US_SHA2011,Current health expenditure (CHE) per capita in US$,numeric,EUR,Europe,Country,KAZ,Kazakhstan,Year,2000,false,,,,,,,,,,,,,49.09,,,,,,49.09,,,EN,2025-12-04T11:00:00.000Z
GHED_CHE_pc_US_SHA2011,Current health expenditure (CHE) per capita in US$,numeric,AMR,Americas,Country,ECU,Ecuador,Year,2000,false,,,,,,,,,,,,,49.37,,,,,,49.37,,,EN,2025-12-04T11:00:00.000Z
GHED_CHE_pc_US_SHA2011,Current health expenditure (CHE) per capita in US$,numeric,AFR,Africa,Country,STP,Sao Tome and Principe,Year,2000,false,,,,,,,,,,,,,49.64,,,,,,49.64,,,EN,2025-12-04T11:00:00.000Z
GHED_CHE_pc_US_SHA2011,Current health expenditure (CHE) per capita in US$,numeric,EMR,Eastern Mediterranean,Country,SAU,Saudi Arabia,Year,2000,false,,,,,,,,,,,,,493.4,,,,,,493.37,,,EN,2025-12-04T11:00:00.000Z
GHED_CHE_pc_US_SHA2011,Current health expenditure (CHE) per capita in US$,numeric,AFR,Africa,Country,ETH,Ethiopia,Year,2000,false,,,,,,,,,,,,,5.29,,,,,,5.29,,,EN,2025-12-04T11:00:00.000Z
GHED_CHE_pc_US_SHA2011,Current health expenditure (CHE) per capita in US$,numeric,AFR,Africa,Country,BDI,Burundi,Year,2000,false,,,,,,,,,,,,,5.68,,,,,,5.68,,,EN,2025-12-04T11:00:00.000Z
GHED_CHE_pc_US_SHA2011,Current health expenditure (CHE) per capita in US$,numeric,EUR,Europe,Country,TJK,Tajikistan,Year,2000,false,,,,,,,,,,,,,5.91,,,,,,5.91,,,EN,2025-12-04T11:00:00.000Z
GHED_CHE_pc_US_SHA2011,Current health expenditure (CHE) per capita in US$,numeric,WPR,Western Pacific,Country,BRN,Brunei Darussalam,Year,2000,false,,,,,,,,,,,,,519.1,,,,,,519.05,,,EN,2025-12-04T11:00:00.000Z
GHED_CHE_pc_US_SHA2011,Current health expenditure (CHE) per capita in US$,numeric,EUR,Europe,Country,GEO,Georgia,Year,2000,false,,,,,,,,,,,,,52.26,,,,,,52.26,,,EN,2025-12-04T11:00:00.000Z
GHED_CHE_pc_US_SHA2011,Current health expenditure (CHE) per capita in US$,numeric,AMR,Americas,Country,ATG,Antigua and Barbuda,Year,2000,false,,,,,,,,,,,,,520.1,,,,,,520.12,,,EN,2025-12-04T11:00:00.000Z
GHED_CHE_pc_US_SHA2011,Current health expenditure (CHE) per capita in US$,numeric,AMR,Americas,Country,NIC,Nicaragua,Year,2000,false,,,,,,,,,,,,,53.3,,,,,,53.30,,,EN,2025-12-04T11:00:00.000Z
GHED_CHE_pc_US_SHA2011,Current health expenditure (CHE) per capita in US$,numeric,WPR,Western Pacific,Country,TON,Tonga,Year,2000,false,,,,,,,,,,,,,53.39,,,,,,53.39,,,EN,2025-12-04T11:00:00.000Z
GHED_CHE_pc_US_SHA2011,Current health expenditure (CHE) per capita in US$,numeric,EMR,Eastern Mediterranean,Country,SYR,Syrian Arab Republic,Year,2000,false,,,,,,,,,,,,,53.69,,,,,,53.69,,,EN,2025-12-04T11:00:00.000Z
GHED_CHE_pc_US_SHA2011,Current health expenditure (CHE) per capita in US$,numeric,EMR,Eastern Mediterranean,Country,MAR,Morocco,Year,2000,false,,,,,,,,,,,,,54.64,,,,,,54.64,,,EN,2025-12-04T11:00:00.000Z
GHED_CHE_pc_US_SHA2011,Current health expenditure (CHE) per capita in US$,numeric,EMR,Eastern Mediterranean,Country,QAT,Qatar,Year,2000,false,,,,,,,,,,,,,553.1,,,,,,553.09,,,EN,2025-12-04T11:00:00.000Z
GHED_CHE_pc_US_SHA2011,Current health expenditure (CHE) per capita in US$,numeric,EUR,Europe,Country,SRB,Serbia,Year,2000,false,,,,,,,,,,,,,56.52,,,,,,56.52,,,EN,2025-12-04T11:00:00.000Z
GHED_CHE_pc_US_SHA2011,Current health expenditure (CHE) per capita in US$,numeric,EUR,Europe,Country,BLR,Belarus,Year,2000,false,,,,,,,,,,,,,57.03,,,,,,57.03,,,EN,2025-12-04T11:00:00.000Z
GHED_CHE_pc_US_SHA2011,Current health expenditure (CHE) per capita in US$,numeric,AFR,Africa,Country,CPV,Cabo Verde,Year,2000,false,,,,,,,,,,,,,59.54,,,,,,59.54,,,EN,2025-12-04T11:00:00.000Z
GHED_CHE_pc_US_SHA2011,Current health expenditure (CHE) per capita in US$,numeric,WPR,Western Pacific,Country,WSM,Samoa,Year,2000,false,,,,,,,,,,,,,60.46,,,,,,60.46,,,EN,2025-12-04T11:00:00.000Z
GHED_CHE_pc_US_SHA2011,Current health expenditure (CHE) per capita in US$,numeric,AFR,Africa,Country,DZA,Algeria,Year,2000,false,,,,,,,,,,,,,61.86,,,,,,61.86,,,EN,2025-12-04T11:00:00.000Z
GHED_CHE_pc_US_SHA2011,Current health expenditure (CHE) per capita in US$,numeric,SEAR,South-East Asia,Country,THA,Thailand,Year,2000,false,,,,,,,,,,,,,62.21,,,,,,62.21,,,EN,2025-12-04T11:00:00.000Z
GHED_CHE_pc_US_SHA2011,Current health expenditure (CHE) per capita in US$,numeric,AMR,Americas,Country,GUY,Guyana,Year,2000,false,,,,,,,,,,,,,62.38,,,,,,62.38,,,EN,2025-12-04T11:00:00.000Z
GHED_CHE_pc_US_SHA2011,Current health expenditure (CHE) per capita in US$,numeric,AMR,Americas,Country,BRB,Barbados,Year,2000,false,,,,,,,,,,,,,622.5,,,,,,622.48,,,EN,2025-12-04T11:00:00.000Z
GHED_CHE_pc_US_SHA2011,Current health expenditure (CHE) per capita in US$,numeric,EUR,Europe,Country,MLT,Malta,Year,2000,false,,,,,,,,,,,,,647.1,,,,,,647.10,,,EN,2025-12-04T11:00:00.000Z
GHED_CHE_pc_US_SHA2011,Current health expenditure (CHE) per capita in US$,numeric,EUR,Europe,Country,ALB,Albania,Year,2000,false,,,,,,,,,,,,,65.48,,,,,,65.48,,,EN,2025-12-04T11:00:00.000Z
GHED_CHE_pc_US_SHA2011,Current health expenditure (CHE) per capita in US$,numeric,WPR,Western Pacific,Country,KIR,Kiribati,Year,2000,false,,,,,,,,,,,,,65.61,,,,,,65.61,,,EN,2025-12-04T11:00:00.000Z
GHED_CHE_pc_US_SHA2011,Current health expenditure (CHE) per capita in US$,numeric,WPR,Western Pacific,Country,PLW,Palau,Year,2000,false,,,,,,,,,,,,,675.5,,,,,,675.54,,,EN,2025-12-04T11:00:00.000Z
GHED_CHE_pc_US_SHA2011,Current health expenditure (CHE) per capita in US$,numeric,AMR,Americas,Country,HND,Honduras,Year,2000,false,,,,,,,,,,,,,68.48,,,,,,68.48,,,EN,2025-12-04T11:00:00.000Z
GHED_CHE_pc_US_SHA2011,Current health expenditure (CHE) per capita in US$,numeric,EMR,Eastern Mediterranean,Country,EGY,Egypt,Year,2000,false,,,,,,,,,,,,,69.37,,,,,,69.37,,,EN,2025-12-04T11:00:00.000Z
GHED_CHE_pc_US_SHA2011,Current health expenditure (CHE) per capita in US$,numeric,EUR,Europe,Country,ROU,Romania,Year,2000,false,,,,,,,,,,,,,69.89,,,,,,69.89,,,EN,2025-12-04T11:00:00.000Z
GHED_CHE_pc_US_SHA2011,Current health expenditure (CHE) per capita in US$,numeric,AMR,Americas,Country,URY,Uruguay,Year,2000,false,,,,,,,,,,,,,699.2,,,,,,699.20,,,EN,2025-12-04T11:00:00.000Z
GHED_CHE_pc_US_SHA2011,Current health expenditure (CHE) per capita in US$,numeric,AFR,Africa,Country,MOZ,Mozambique,Year,2000,false,,,,,,,,,,,,,7.01,,,,,,7.01,,,EN,2025-12-04T11:00:00.000Z
GHED_CHE_pc_US_SHA2011,Current health expenditure (CHE) per capita in US$,numeric,AFR,Africa,Country,LBR,Liberia,Year,2000,false,,,,,,,,,,,,,7.93,,,,,,7.93,,,EN,2025-12-04T11:00:00.000Z
GHED_CHE_pc_US_SHA2011,Current health expenditure (CHE) per capita in US$,numeric,AMR,Americas,Country,ARG,Argentina,Year,2000,false,,,,,,,,,,,,,702.2,,,,,,702.23,,,EN,2025-12-04T11:00:00.000Z
GHED_CHE_pc_US_SHA2011,Current health expenditure (CHE) per capita in US$,numeric,EMR,Eastern Mediterranean,Country,ARE,United Arab Emirates,Year,2000,false,,,,,,,,,,,,,706,,,,,,706.03,,,EN,2025-12-04T11:00:00.000Z
GHED_CHE_pc_US_SHA2011,Current health expenditure (CHE) per capita in US$,numeric,WPR,Western Pacific,Country,FJI,Fiji,Year,2000,false,,,,,,,,,,,,,74.29,,,,,,74.29,,,EN,2025-12-04T11:00:00.000Z
GHED_CHE_pc_US_SHA2011,Current health expenditure (CHE) per capita in US$,numeric,AFR,Africa,Country,GMB,Gambia,Year,2000,false,,,,,,,,,,,,,74.84,,,,,,74.84,,,EN,2025-12-04T11:00:00.000Z
GHED_CHE_pc_US_SHA2011,Current health expenditure (CHE) per capita in US$,numeric,EUR,Europe,Country,TKM,Turkmenistan,Year,2000,false,,,,,,,,,,,,,75.52,,,,,,75.52,,,EN,2025-12-04T11:00:00.000Z
GHED_CHE_pc_US_SHA2011,Current health expenditure (CHE) per capita in US$,numeric,EUR,Europe,Country,CYP,Cyprus,Year,2000,false,,,,,,,,,,,,,750.5,,,,,,750.52,,,EN,2025-12-04T11:00:00.000Z
GHED_CHE_pc_US_SHA2011,Current health expenditure (CHE) per capita in US$,numeric,AFR,Africa,Country,SWZ,Eswatini,Year,2000,false,,,,,,,,,,,,,76.93,,,,,,76.93,,,EN,2025-12-04T11:00:00.000Z
GHED_CHE_pc_US_SHA2011,Current health expenditure (CHE) per capita in US$,numeric,EMR,Eastern Mediterranean,Country,IRN,Iran (Islamic Republic of),Year,2000,false,,,,,,,,,,,,,79.89,,,,,,79.89,,,EN,2025-12-04T11:00:00.000Z
GHED_CHE_pc_US_SHA2011,Current health expenditure (CHE) per capita in US$,numeric,WPR,Western Pacific,Country,SGP,Singapore,Year,2000,false,,,,,,,,,,,,,796,,,,,,796.03,,,EN,2025-12-04T11:00:00.000Z
GHED_CHE_pc_US_SHA2011,Current health expenditure (CHE) per capita in US$,numeric,EUR,Europe,Country,SVN,Slovenia,Year,2000,false,,,,,,,,,,,,,796.6,,,,,,796.65,,,EN,2025-12-04T11:00:00.000Z
GHED_CHE_pc_US_SHA2011,Current health expenditure (CHE) per capita in US$,numeric,SEAR,South-East Asia,Country,BGD,Bangladesh,Year,2000,false,,,,,,,,,,,,,8.28,,,,,,8.28,,,EN,2025-12-04T11:00:00.000Z
GHED_CHE_pc_US_SHA2011,Current health expenditure (CHE) per capita in US$,numeric,SEAR,South-East Asia,Country,NPL,Nepal,Year,2000,false,,,,,,,,,,,,,8.34,,,,,,8.34,,,EN,2025-12-04T11:00:00.000Z
GHED_CHE_pc_US_SHA2011,Current health expenditure (CHE) per capita in US$,numeric,AFR,Africa,Country,MWI,Malawi,Year,2000,false,,,,,,,,,,,,,8.85,,,,,,8.85,,,EN,2025-12-04T11:00:00.000Z
GHED_CHE_pc_US_SHA2011,Current health expenditure (CHE) per capita in US$,numeric,AMR,Americas,Country,GTM,Guatemala,Year,2000,false,,,,,,,,,,,,,83.62,,,,,,83.62,,,EN,2025-12-04T11:00:00.000Z
GHED_CHE_pc_US_SHA2011,Current health expenditure (CHE) per capita in US$,numeric,AMR,Americas,Country,PER,Peru,Year,2000,false,,,,,,,,,,,,,83.64,,,,,,83.64,,,EN,2025-12-04T11:00:00.000Z
GHED_CHE_pc_US_SHA2011,Current health expenditure (CHE) per capita in US$,numeric,EUR,Europe,Country,GRC,Greece,Year,2000,false,,,,,,,,,,,,,885.4,,,,,,885.41,,,EN,2025-12-04T11:00:00.000Z
GHED_CHE_pc_US_SHA2011,Current health expenditure (CHE) per capita in US$,numeric,AFR,Africa,Country,RWA,Rwanda,Year,2000,false,,,,,,,,,,,,,9,,,,,,9.00,,,EN,2025-12-04T11:00:00.000Z
GHED_CHE_pc_US_SHA2011,Current health expenditure (CHE) per capita in US$,numeric,AFR,Africa,Country,NER,Niger,Year,2000,false,,,,,,,,,,,,,9.04,,,,,,9.04,,,EN,2025-12-04T11:00:00.000Z
GHED_CHE_pc_US_SHA2011,Current health expenditure (CHE) per capita in US$,numeric,AFR,Africa,Country,CAF,Central African Republic,Year,2000,false,,,,,,,,,,,,,9.91,,,,,,9.91,,,EN,2025-12-04T11:00:00.000Z
GHED_CHE_pc_US_SHA2011,Current health expenditure (CHE) per capita in US$,numeric,EUR,Europe,Country,BGR,Bulgaria,Year,2000,false,,,,,,,,,,,,,94.52,,,,,,94.52,,,EN,2025-12-04T11:00:00.000Z
GHED_CHE_pc_US_SHA2011,Current health expenditure (CHE) per capita in US$,numeric,AMR,Americas,Country,BHS,Bahamas,Year,2000,false,,,,,,,,,,,,,948.9,,,,,,948.88,,,EN,2025-12-04T11:00:00.000Z
GHED_CHE_pc_US_SHA2011,Current health expenditure (CHE) per capita in US$,numeric,EUR,Europe,Country,RUS,Russian Federation,Year,2000,false,,,,,,,,,,,,,95.21,,,,,,95.21,,,EN,2025-12-04T11:00:00.000Z
GHED_CHE_pc_US_SHA2011,Current health expenditure (CHE) per capita in US$,numeric,EUR,Europe,Country,PRT,Portugal,Year,2000,false,,,,,,,,,,,,,995.3,,,,,,995.34,,,EN,2025-12-04T11:00:00.000Z
