Country Name;Country Code;Indicator Name;Indicator Code;1960;1961;1962;1963;1964;1965;1966;1967;1968;1969;1970;1971;1972;1973;1974;1975;1976;1977;1978;1979;1980;1981;1982;1983;1984;1985;1986;1987;1988;1989;1990;1991;1992;1993;1994;1995;1996;1997;1998;1999;2000;2001;2002;2003;2004;2005;2006;2007;2008;2009;2010;2011;2012;2013;2014;2015;2016;2017;2018;2019;2020;2021;2022;2023;2024;2025
Aruba;ABW;GDP per capita (current US$);NY.GDP.PCAP.CD;;;;;;;;;;;;;;;;;;;;;;;;;;;6767.559229;8244.04566;10056.26139;11507.21715;12187.53636;13233.99052;13892.60514;14700.95981;16055.28779;16548.71739;16620.95456;17750.00956;18828.08706;19216.19724;20681.02303;20740.13258;21307.24825;21949.486;23700.63199;24171.83713;24845.65848;26736.30894;28171.9094;25134.77123;24093.14015;25712.3843;25119.66554;25813.57144;26129.83906;27458.22015;27441.55021;28440.04169;30082.15842;30654.48512;22664.37099;26827.34479;31000.57138;34897.61839;38590.56503;
Africa Eastern and Southern;AFE;GDP per capita (current US$);NY.GDP.PCAP.CD;186.0895149;186.9093652;197.3678765;225.4004557;208.963066;226.8365133;240.9121961;243.7739999;257.1442524;281.5793638;276.7333862;294.8146542;311.4655734;389.7296747;463.4695489;479.0795977;468.7753044;518.3595501;571.6182715;634.4491753;773.3024963;777.6292577;725.5487223;732.3466837;650.3479271;554.2222211;578.3184171;664.7929227;704.1432413;728.2445343;822.4043718;864.1755287;732.9121387;709.3247179;700.7732954;766.5242106;746.7885814;767.4006926;697.080579;670.4253317;706.7284408;625.8288602;630.5133802;815.4336575;989.0171147;1126.299204;1235.170879;1381.445251;1447.427775;1408.615659;1628.768573;1761.838296;1731.869096;1705.839003;1689.982381;1498.715971;1335.743165;1529.92308;1553.617944;1508.031525;1351.503167;1560.894626;1675.902524;1571.132704;1628.227289;1722.38562
Afghanistan;AFG;GDP per capita (current US$);NY.GDP.PCAP.CD;;;;;;;;;;;;;;;;;;;;;;;;;;;;;;;;;;;;;;;;;174.9309914;138.7068217;178.9540884;198.8711157;221.7636539;254.1842491;274.2185536;376.223152;381.733238;452.0537055;560.6215055;606.6946763;651.4171345;637.0870991;625.0549418;565.5697304;522.0822156;525.4697709;491.3372214;496.6025043;510.7870634;356.4962141;357.2611528;413.7578947;416.8711463;
Africa Western and Central;AFW;GDP per capita (current US$);NY.GDP.PCAP.CD;121.9368324;127.4510399;133.8237835;139.0049801;148.5515105;155.5879055;162.1729751;145.046759;146.3454211;162.0830352;218.8429595;196.0138075;230.2505714;280.8666929;368.5883356;413.6970382;480.8334071;491.2355987;524.2053003;625.3779919;763.6332226;1329.878648;1165.248709;874.9380073;739.4897715;755.9250417;583.6666937;584.1036497;563.8790721;513.1730562;593.8315135;608.6689984;567.9262988;575.2817091;580.8014662;867.8186583;1070.836244;1093.067176;1142.844544;524.4531057;519.6425995;533.6771797;620.1607082;698.4105977;839.3458515;1001.134465;1236.316041;1407.728817;1668.615653;1455.223919;1664.492045;1846.102926;1943.372555;2134.247524;2224.329586;1863.401513;1632.424978;1577.203497;1723.114463;2219.412555;2034.43794;2116.938294;2143.072094;1846.246811;1416.228412;1600.058374
Angola;AGO;GDP per capita (current US$);NY.GDP.PCAP.CD;;;;;;;;;;;;;;;;;;;;;729.1119655;657.9826485;634.2214673;636.832811;650.4910944;772.4688326;697.5266024;770.1011401;807.4396284;907.7478931;965.8668405;881.9194881;668.7060175;449.7278949;334.9735903;404.2948185;531.1153665;521.7029149;429.1881269;392.725539;563.7337956;533.5862024;999.065856;1133.66332;1451.471179;2145.886211;2930.444286;3515.05679;4578.155265;3645.148466;4101.637156;5184.152692;5702.453063;5688.579162;5649.687625;3641.728939;2082.373436;2832.14998;2891.830324;2507.868072;1749.179484;2266.968349;3598.536691;2885.513491;2720.819007;3129.476623
Albania;ALB;GDP per capita (current US$);NY.GDP.PCAP.CD;;;;;;;;;;;;;;;;;;;;;590.6077384;663.2942083;668.4545042;661.5467824;639.4847302;639.8659038;693.8734746;674.7933831;652.7743214;697.9955966;617.2304355;336.5869945;200.8522198;367.2792251;586.4161351;911.3204654;1020.976181;728.5455237;831.1753441;1056.344812;1160.420471;1326.416524;1479.838846;1908.699007;2446.909499;2741.721365;3057.77257;3743.055299;4498.504868;4213.650076;4149.144699;4465.709143;4280.933163;4542.929036;4793.597511;4199.539129;4457.634122;5006.36013;5897.654526;6069.439031;6027.913507;7242.455131;7756.961887;9740.702341;11374.00858;12998.14787
Andorra;AND;GDP per capita (current US$);NY.GDP.PCAP.CD;;;;;;;;;;;3935.411278;4169.695371;4940.296962;6151.02717;7139.574512;7925.415771;7721.288586;8167.922862;9409.508513;11996.40729;12474.92529;10465.26046;9697.52202;8082.09152;7808.130027;7911.984362;10539.11779;12828.15194;14599.03552;15714.92655;19563.65747;19533.26207;20099.53522;15916.83952;15748.53075;18443.25452;19130.15972;18247.99957;18536.50843;18875.28691;21810.24874;23511.29515;26528.13016;34063.5784;39021.12781;40829.80188;43467.21099;48336.22833;49132.5157;43975.01837;42746.83095;46657.15612;41500.54358;42470.31612;44369.65969;38654.93472;40129.8192;40672.99434;42819.77458;41257.80459;37361.09007;42425.69968;42414.05901;46812.44845;49357.43707;54291.5026
Arab World;ARB;GDP per capita (current US$);NY.GDP.PCAP.CD;;212.904078;210.8196883;225.815919;243.9139461;256.1974867;263.9687112;276.9517253;307.557624;329.4537281;357.7189642;402.8223079;470.2274296;602.5075406;1125.042988;1205.555452;1458.243122;1630.469413;1728.322417;2251.6578;2954.304092;2911.181879;2640.782449;2417.453359;2358.216316;2247.904751;2042.478383;2108.465572;2041.961271;2117.69361;2875.130523;2048.705837;1996.288308;1987.753322;2018.668086;2080.998052;2193.859544;2305.609495;2192.589452;2378.912569;2664.125447;2536.152665;2483.502703;2696.672509;3133.70137;3750.698172;4355.057615;4940.701537;6100.539376;5142.656331;5957.505395;6924.202894;7392.556384;7384.792215;7347.621157;6299.878077;6051.261036;6105.921618;6708.531213;6683.670169;5749.751633;6708.207619;7960.811588;7504.356377;7602.411157;7544.414356
United Arab Emirates;ARE;GDP per capita (current US$);NY.GDP.PCAP.CD;;;;;;;;;;;2394.068115;2805.426427;3675.416814;9695.814188;23822.97156;27117.19124;31197.06637;35020.19869;29379.07129;34238.17395;42925.20842;44854.52346;39972.49182;34650.04464;32012.29671;29467.52808;23132.04425;23112.55581;21569.67101;23166.71405;26709.95679;25690.91512;25648.28075;25032.82693;25472.64707;27003.17538;28323.15869;27982.75255;24889.44268;25855.83792;29865.5285;27745.16845;27753.58105;29659.57103;33376.68805;38719.31383;44342.60306;45854.73524;50054.17007;37803.06637;44795.28462;51921.88907;53141.62517;53247.22787;52725.2308;44910.34589;42721.11361;43733.6242;47135.34788;45938.60846;37991.73839;44118.49362;50759.75902;49850.69451;50273.51262;
Argentina;ARG;GDP per capita (current US$);NY.GDP.PCAP.CD;778.2517068;971.3380433;870.2174909;852.9724251;1176.200862;1281.83338;1275.078434;1063.932838;1141.952116;1329.561818;1322.714542;1372.507466;1409.370973;2097.89945;2844.969905;2026.684358;1946.919904;2126.48546;3282.063044;2511.973329;2747.502275;2764.086414;2914.767085;3537.747346;3915.034926;2905.775655;3436.078195;3477.30132;3992.703302;2374.573216;4315.334031;5709.247841;6789.996111;6931.855964;7437.562423;7357.616277;7663.212713;8146.7871;8218.992128;7705.542883;7637.014892;7141.475077;2569.699635;3320.477751;4242.020991;5067.653423;5869.38029;7185.251551;8944.110266;8150.23527;10260.13131;12704.28318;12949.71749;12963.67577;12233.14441;13679.6265;12699.96231;14532.50093;11752.79989;9955.974787;8535.59938;10738.01792;13962.18941;14261.84657;13969.78366;14898.08859
Armenia;ARM;GDP per capita (current US$);NY.GDP.PCAP.CD;;;;;;;;;;;;;;;;;;;;;;;;;;;;;;;635.3553275;572.7402609;356.35078;347.8706447;390.8799643;443.9248609;487.0686244;505.0358871;590.2399473;582.6698862;593.4505817;659.5889885;742.6511183;882.0301677;1130.087914;1557.484589;2041.652671;2962.702346;3777.668593;2820.592655;3041.344507;3349.553098;3511.563997;3680.166922;3852.118006;3512.393503;3524.424769;3869.053739;4196.005623;4597.228874;4268.680933;4685.179971;6571.974455;8159.08721;8556.21407;9474.018493
American Samoa;ASM;GDP per capita (current US$);NY.GDP.PCAP.CD;;;;;;;;;;;;;;;;;;;;;;;;;;;;;;;;;;;;;;;;;;;8972.696365;9197.661968;8958.428667;8831.26976;8745.166211;9231.372409;10030.80891;12156.02939;10375.17201;10383.45933;11745.48992;11813.5022;12026.33449;12727.41027;12843.33429;11863.68395;12552.05469;12886.13595;14489.25866;15236.16049;18017.45894;;;
Antigua and Barbuda;ATG;GDP per capita (current US$);NY.GDP.PCAP.CD;;;;;;;;;;;;;;;;;;1213.670217;1374.820275;1705.14199;2053.103279;2310.196998;2569.181824;2846.993357;3270.78103;3814.314229;4629.456764;5424.368478;6466.156835;7187.904841;7590.754424;7956.474309;8153.737863;8624.620168;9351.487538;9034.475529;9756.08718;10336.25916;10906.87854;11342.33492;12027.49498;11539.18251;11658.69499;12173.23199;13037.88958;14368.57088;16173.81363;18204.5124;18786.67431;16472.24785;15217.39508;14911.72751;15639.80781;15051.51136;15532.10621;16077.63408;16556.85518;16965.72883;18273.42707;18896.37218;15369.60823;17348.6007;20003.39094;22012.26259;23059.83307;24819.24547
Australia;AUS;GDP per capita (current US$);NY.GDP.PCAP.CD;1813.431099;1880.484895;1857.561273;1970.177484;2134.489461;2284.355827;2347.376566;2583.907524;2728.234261;2995.861199;3309.763063;3500.336032;3955.224304;4777.513169;6491.745216;7013.671598;7497.281754;7786.408041;8264.438904;9307.82128;10223.28867;11870.86331;12797.6759;11532.40281;12436.29691;11455.37971;11406.1093;11665.52983;14303.09305;17857.55206;18273.56153;18885.42745;18650.36755;17724.53995;18155.6282;20479.17483;22055.83849;23683.4949;21516.04031;20749.64438;21908.9968;19733.65101;20335.09602;23757.58985;30886.05009;34535.20727;36658.82435;41128.24766;49811.20672;42954.84949;52313.8939;62799.3895;68301.44025;68476.67885;62817.20618;56970.3613;50084.44406;54117.54772;57410.17373;55194.75851;51983.45237;60758.90444;65169.51911;65058.37731;64609.98651;65129.7228
Austria;AUT;GDP per capita (current US$);NY.GDP.PCAP.CD;939.9148147;1036.728204;1093.014191;1172.557446;1275.457153;1381.077258;1494.049114;1577.141477;1685.662117;1834.078078;2050.705154;2371.65248;2912.595771;3875.483056;4612.619208;5264.91772;5656.145138;6783.951422;8173.329263;9755.404456;10826.97183;9348.488324;9373.488206;9500.050704;8955.848292;9136.170926;13031.8281;16328.5613;17509.76587;17400.52266;21596.06822;22323.13125;24782.71188;23987.20372;25546.24605;30207.06743;29645.94513;26571.75236;27212.46429;27078.70816;24487.29747;24430.49598;26334.86222;32110.11597;36614.25065;38157.37023;40382.20783;46622.96229;51581.39824;47857.44466;46611.13934;51116.89535;48250.40591;50305.35458;51314.97226;43915.22802;45061.49939;47163.74258;51194.07498;49885.99474;48716.40989;53648.6438;52336.77252;56579.50418;58268.87877;62930.03513
Azerbaijan;AZE;GDP per capita (current US$);NY.GDP.PCAP.CD;;;;;;;;;;;;;;;;;;;;;;;;;;;;;;;1238.271893;734.9442328;60.23512054;209.5309545;157.0635499;314.5580191;409.1855438;505.5162042;561.9068079;573.8935287;655.0972496;703.6709986;763.1088955;883.6925807;1045.013633;1578.36733;2472.957257;3851.330152;5574.468104;4950.39949;5843.533768;7189.818692;7495.865277;7875.345367;7890.840281;5500.503646;3880.685228;4147.198142;4739.794312;4805.753718;4229.910649;5408.045352;7770.594223;7133.02838;7294.642761;7410.722817
Burundi;BDI;GDP per capita (current US$);NY.GDP.PCAP.CD;70.90510003;71.60192994;73.41959798;78.37119832;85.33372867;50.61330401;51.41287382;54.01814253;54.19497827;55.0588389;68.75435398;69.89828176;68.23219179;84.25810693;93.22400483;110.8848275;115.4921318;137.4480444;148.8232325;186.1522736;209.8057367;212.2303319;216.4361914;225.2095245;200.3757118;228.4405426;234.2812448;215.6083115;201.7404008;203.5789442;202.6294462;204.6682584;184.8689705;165.3441203;161.8925843;164.9153117;143.1567412;160.278342;144.4569483;127.5141958;134.5378618;132.1595545;120.9523086;111.4066828;125.1949652;147.2346193;161.8927556;166.1627449;189.5020746;198.431524;216.7277053;230.0697614;231.0987878;234.8447702;250.5444922;254.4025852;232.9378121;246.0607257;245.6616783;234.3106159;252.7024528;264.1728441;301.8322558;249.795164;216.2319285;233.8230134
Belgium;BEL;GDP per capita (current US$);NY.GDP.PCAP.CD;1290.286072;1367.788852;1457.26517;1555.022932;1724.018942;1859.509987;1983.131198;2113.821941;2251.315759;2490.107173;2765.890997;3082.927989;3831.6319;4900.962201;5733.798139;6701.377361;7243.047341;8426.946959;10289.76842;11810.61588;12864.00257;10622.80248;9343.8611;8846.234298;8457.268803;8750.818513;12170.0407;15135.85231;16391.09383;16525.06174;20600.37528;21041.66065;23372.61917;22283.93602;24208.55479;28413.82644;27489.55518;24820.93805;25338.44329;25252.80191;23098.88651;23015.07126;25006.1914;30655.20927;35429.40779;36809.70134;38705.1068;44319.16545;48303.39796;44923.34001;44197.39367;47760.82988;44874.17092;46964.59468;47995.7787;40893.80454;41854.54983;44035.32394;47487.21004;46716.62275;45906.28758;51658.23829;50639.02649;55244.68146;56581.93756;60750.27359
Benin;BEN;GDP per capita (current US$);NY.GDP.PCAP.CD;89.85692465;92.08584813;90.77386101;95.71673698;99.7850246;105.1179869;107.6372119;106.5862419;111.2114942;110.3147947;108.8487795;106.8892927;127.927157;153.6094681;164.9465941;196.455786;197.7263611;207.0129622;249.8029262;310.6513871;358.0030542;319.718186;305.0040635;255.9836016;238.5744574;230.4341172;285.7715511;324.2537652;326.1797577;293.3219496;371.1016043;364.689296;301.773297;387.3100548;262.1298074;348.4352389;369.3943841;344.5504915;361.6019831;525.1305972;487.4241414;492.4014995;546.4638297;676.0028781;758.6958038;779.4377778;809.1470725;912.3382472;1060.602545;1024.102779;973.2442549;1059.413589;1071.525837;1168.926993;1204.399187;1002.418869;1010.533896;1054.974081;1151.74097;1130.821353;1200.194266;1318.651581;1266.42711;1394.177847;1485.380189;1658.273127
Burkina Faso;BFA;GDP per capita (current US$);NY.GDP.PCAP.CD;69.15024561;72.24237871;77.15292793;78.90877367;80.91478877;82.07461599;82.83606649;84.62720114;84.97378484;86.75553957;81.70756322;84.51493757;99.63358149;114.1376695;124.6714355;152.9015296;155.4854227;175.9638645;223.879112;258.501729;277.5975314;248.7079739;239.0194836;211.9257405;187.8322243;194.0632263;247.4591346;280.2180922;301.1292147;293.1887037;338.5937591;333.7060551;348.5924439;324.1115767;187.2114237;229.0922945;242.7331714;223.8539585;249.5317329;292.8369587;248.9085269;259.4852234;285.6540876;362.3739;403.8128374;441.164148;455.5136556;514.6844512;619.4375333;601.5695207;624.9572522;725.0247677;731.4701389;759.7620652;764.8616751;630.1247508;663.7423648;709.0915359;777.4656185;764.8530778;825.2370388;895.5352884;827.3308435;873.1980617;982.4931004;1147.571316
Bangladesh;BGD;GDP per capita (current US$);NY.GDP.PCAP.CD;82.48127741;90.36857863;92.58942118;94.1423743;92.57829779;98.60414704;104.4220547;114.2098817;114.4149675;125.8803117;130.2181608;124.5339631;87.77376519;109.6917268;164.9863936;249.804254;126.6930442;117.8877714;158.3242552;181.1307067;206.0757143;224.2413924;199.5959446;184.7067729;193.435021;222.2201804;212.1489939;231.4995845;247.901466;263.0057208;283.0537371;272.0649485;273.4650725;280.7572745;280.6030318;309.4586808;371.9179377;379.2849177;385.6168818;388.0956843;396.6707302;394.65641;393.8864223;426.7488075;455.6140169;480.0858508;490.3880265;537.9554928;613.062041;679.2114774;757.3852804;837.3369447;859.6805364;958.2629898;1094.461997;1224.386477;1649.283809;1811.082217;1965.243727;2129.79897;2248.850788;2482.849178;2716.485928;2551.017738;2593.416117;2597.343523
Bulgaria;BGR;GDP per capita (current US$);NY.GDP.PCAP.CD;;;;;;;;;;;;;;;;;;;;;2261.407773;2255.699197;2220.770409;1897.055699;1943.032997;1959.955173;2261.795029;3168.830779;2561.169294;2449.741471;2377.370795;883.7396221;1007.342964;1278.522358;1149.893471;2259.366794;1470.267219;1361.479046;1820.541526;1660.993592;1621.345249;1770.997482;2093.089677;2719.63335;3389.86048;3900.02502;4523.377973;5888.870946;7271.674437;6988.630484;6854.298784;7849.982197;7432.337534;7796.379452;8070.012893;7269.025865;7822.898864;8697.133733;9849.8877;10354.25004;10760.76162;12966.80852;13999.91134;15854.01929;17596.91676;20328.16671
Bahrain;BHR;GDP per capita (current US$);NY.GDP.PCAP.CD;;;;;;;;;;;1741.822454;1829.740705;2205.917004;2981.092531;3873.716291;3880.440472;5310.191326;6358.420842;6925.988932;7890.829825;9732.725872;10556.50917;10712.15294;10598.84272;10696.93311;9648.65643;7776.956577;8332.914254;8771.785353;8833.411343;9342.538914;10434.1324;10460.15832;11151.8715;11629.35952;11900.93178;12091.78022;12254.66626;11625.03438;12123.35347;14214.48368;13573.23399;13501.47088;14486.0269;15963.94932;17966.16578;19267.28262;20908.40425;23299.49928;19465.31407;21819.32911;25032.78677;26438.67332;26989.76011;26451.79656;23734.05511;23800.00144;24784.76935;26324.40665;27259.74386;24342.84446;27147.80839;30470.52193;29290.12842;29717.14246;30596.57949
Bahamas, The;BHS;GDP per capita (current US$);NY.GDP.PCAP.CD;1459.253825;1555.046608;1651.218619;1759.236922;1883.44386;2029.523413;2239.23964;2452.747632;2668.01498;3026.727572;2916.499984;3004.343566;3013.950167;3341.285217;3079.740141;2840.589653;2993.459238;3253.375434;3720.040579;4994.085352;5742.583625;6028.80641;6559.468693;7081.381948;8201.701338;9167.146875;9600.599528;10361.34881;10575.79715;11291.47645;11473.30084;11082.35286;10873.40475;10613.06588;10991.23467;11374.60567;11783.7972;20367.57327;21667.44882;24041.09332;24940.07751;25371.92377;26781.61959;26429.12478;26650.29342;28602.41819;29184.78651;30051.84896;29392.38244;27512.9131;27473.10043;27090.83768;28552.02427;27642.74198;29137.21756;30719.40542;30616.53632;31875.48817;32642.33532;33640.33699;26178.75376;30367.86058;34957.16133;38231.77448;39455.44665;
Bosnia and Herzegovina;BIH;GDP per capita (current US$);NY.GDP.PCAP.CD;;;;;;;;;;;;;;;;;;;;;;;;;;;;;;;1742.882622;1373.371045;1118.175699;929.8721187;337.090896;502.365981;718.9337971;913.8133991;1006.704797;1134.60298;1338.480596;1387.893629;1606.546745;2033.947009;2452.686092;2739.610769;3166.128653;3931.489487;4841.693119;4539.918638;4506.478285;4982.693758;4693.788991;5034.566348;5206.065735;4662.258692;4928.56659;5345.019788;6047.847072;6122.375414;6130.31188;7295.343787;7655.59421;8663.023265;9397.909429;10381.84607
Belarus;BLR;GDP per capita (current US$);NY.GDP.PCAP.CD;;;;;;;;;;;;;;;;;;;;;;;;;;;;;;;1706.640919;1805.455925;1658.086413;1589.510113;1460.007914;1370.699914;1427.268964;1396.442019;1511.325316;1210.61172;1276.288034;1244.373185;1479.380663;1819.526531;2378.337005;3126.071767;3848.223503;4735.481076;6376.175692;5352.488092;6034.678852;6527.659343;6953.215917;7998.080205;8341.318093;5967.055951;5039.775609;5785.544919;6360.037502;6837.773396;6542.8558;7489.718947;7994.648061;7896.753883;8605.609546;10279.25472
Belize;BLZ;GDP per capita (current US$);NY.GDP.PCAP.CD;307.4145083;320.0294767;331.7047943;341.9325838;356.2354084;383.1864353;411.9330199;426.2640714;392.2825661;401.5579905;441.7894689;481.0446415;529.3566475;618.5675023;804.7778636;906.4862774;729.4887808;865.7929015;982.6043702;1071.443696;1774.413699;1752.517038;1629.323229;1677.255482;1814.188598;1754.011087;1859.10214;2165.894314;2405.811166;2741.936384;2986.469621;3190.130988;3642.948063;3859.658444;3876.69327;4009.827525;4043.26518;4014.403806;4125.9254;4289.527759;4726.506755;4718.777151;4858.860626;4959.740124;5153.713083;5270.414791;5524.781678;5762.210233;5711.814589;5399.671;5461.40736;5596.052222;5732.665199;5957.349536;6128.120531;6154.622642;6140.867139;6071.854518;6011.990369;6171.614498;5238.540782;6142.989306;7068.21728;7424.758213;7681.244006;7865.479377
Bermuda;BMU;GDP per capita (current US$);NY.GDP.PCAP.CD;1715.314632;1773.995316;1824.182283;1821.790913;1986.64081;2064.853248;2369.472947;2722.462334;2975.954289;3214.049039;3574.169289;4012.773965;4458.080033;5090.091792;5891.887817;6493.628715;7259.91355;8383.031394;8904.942823;9664.218846;11426.60123;13687.79806;14442.79023;16236.7417;17866.91744;18713.88251;20996.97672;23042.74359;24958.1127;26282.6241;27665.52581;28195.70916;28761.96346;30950.07991;31543.06349;34115.34456;45063.61493;48736.6768;51629.28149;54388.34173;56542.95695;59490.2452;63358.56587;67106.80281;71692.1589;77628.10352;97781.4559;107395.6515;110268.5624;104711.7124;104111.8242;99049.01699;100213.4934;101704.4075;100961.5766;104855.3668;108747.3561;112339.4256;113204.8221;115798.0408;106976.5462;112765.0817;119969.1733;132961.7608;142250.4332;
Bolivia;BOL;GDP per capita (current US$);NY.GDP.PCAP.CD;101.833417;108.5287654;116.2414743;122.5790676;135.2284638;147.0576896;159.3484824;176.0734778;195.4712701;207.1260197;221.5688783;233.3922189;261.9498871;257.2132532;418.1702995;468.0641161;519.7348211;599.988229;682.8010365;785.1988897;787.9073449;1000.592668;929.5521051;881.8676063;982.1096568;838.0800359;604.2572335;649.7087694;672.6072681;675.4699939;682.6768103;733.9354876;759.571135;756.637016;774.0356696;852.7540349;922.1132591;970.3518434;1022.145065;979.344495;975.7770604;930.1682272;888.221329;893.0137602;953.1918932;1020.123262;1202.711504;1354.549059;1692.672485;1731.181721;1929.783731;2315.521219;2575.598571;2870.02377;3041.435032;2996.012898;3035.873477;4048.401197;4206.855294;4203.154929;3580.967618;4010.760537;4219.461137;4274.708205;4421.166099;5147.81082
Brazil;BRA;GDP per capita (current US$);NY.GDP.PCAP.CD;235.2660095;231.5640633;250.2005729;294.1696194;257.2597269;268.0287606;328.3437915;351.4726004;373.9254326;399.4984191;443.799485;500.001989;583.4920349;814.7317806;1044.769809;1200.558237;1389.749523;1562.29143;1732.500122;1869.713376;1958.571592;2079.709084;2137.625036;1461.255827;1419.731546;1556.129718;1854.037752;2006.002262;2140.650276;2818.99278;2581.141874;2257.609297;2127.316427;2348.882477;3298.712507;4756.748408;5179.13052;5299.396304;5105.890995;3493.571625;3766.548115;3176.289357;2855.940189;3090.60701;3663.823188;4827.781731;5934.144709;7409.691307;8908.331765;8678.659224;11403.28213;13396.62436;12521.72135;12458.89121;12274.99397;8936.196617;8836.286527;10080.50928;9300.661649;9029.833267;7074.193783;7972.53665;9281.333344;10377.58928;10310.5487;10713.28569
Barbados;BRB;GDP per capita (current US$);NY.GDP.PCAP.CD;346.5754568;366.1354991;377.4384564;420.5043895;413.6254322;433.2286798;462.0284526;508.1286195;505.8890661;566.833205;666.4750087;749.801351;856.0719731;1041.729563;1243.354175;1601.188833;1733.645408;1967.593444;2197.899062;2667.90751;4024.588566;4416.715199;4598.76264;4866.359991;5283.579441;5509.874603;6031.358608;6624.599395;7032.653708;7772.550228;7781.405733;7790.262294;7519.201435;7904.707624;8223.166812;8460.473809;9011.778848;9521.571274;10734.36372;11244.30877;11674.67365;11639.51605;11760.45247;12075.9587;12886.36653;14214.42022;15619.6006;17235.43964;17565.693;16294.90995;19723.23819;20146.23813;19811.29531;20384.49102;20423.71779;20429.47471;20311.40942;20870.75964;21378.22013;21929.43561;19180.99152;21084.40139;24393.21935;25583.87223;26897.2002;28364.81815
Brunei Darussalam;BRN;GDP per capita (current US$);NY.GDP.PCAP.CD;;;;;;1028.884503;1145.705922;1148.843032;1274.090379;1226.436989;1325.155984;1432.166007;1904.667605;2938.850957;15194.79231;15793.13126;18671.36241;21746.85591;23446.53412;33501.27827;58005.34248;48793.44226;45074.54992;38720.09393;36061.38153;31827.40596;18500.54086;21029.71898;18824.76373;20090.06902;23658.71663;23932.18973;23450.89641;22397.07374;22766.58718;26443.25647;25692.23573;25522.3975;17769.24635;19752.20133;20130.25723;18287.82723;18621.29226;20677.90011;24423.0947;29386.27038;34674.79952;36217.32907;42156.56858;30946.46738;34937.55554;46382.82743;46968.59712;44003.06443;41026.50842;30625.12877;26663.2973;28024.38246;30988.11903;30426.57307;26834.35922;31006.96363;36632.9281;32890.54918;33153.47389;32234.64284
Bhutan;BTN;GDP per capita (current US$);NY.GDP.PCAP.CD;;;;;;;;;;;200.3452298;207.6665601;212.3751508;230.90177;262.7773662;237.3507344;233.7215323;249.9353583;232.1723697;251.3788053;296.8805108;310.7704117;305.824659;328.2040169;325.545257;321.186831;364.6945696;449.0604439;488.8777574;461.6546188;488.3274315;400.6347052;415.7915226;407.3998425;467.0083121;530.1036769;552.8738914;630.4474101;638.2789623;685.4198306;771.9249114;812.2382108;895.7994899;1022.382403;1130.359346;1299.949386;1405.607162;1850.415704;1919.597749;1918.395992;2435.579806;2787.979676;2751.212886;2679.952172;2849.499986;2954.040819;3152.309051;3435.288047;3400.204172;3576.879871;3191.66907;3570.61258;3711.32768;3831.325356;4228.051024;4492.784003
Botswana;BWA;GDP per capita (current US$);NY.GDP.PCAP.CD;58.91800811;62.32240069;65.9864503;68.88641047;73.49257732;79.67907566;89.06157378;100.9451246;113.4457167;131.7765745;163.0318323;212.2442067;264.2337168;374.1894091;446.4878554;493.0294727;490.4695705;564.8317482;695.2193369;909.2071333;1131.63379;1107.028101;1005.624562;1120.532394;1145.029038;993.6167483;1199.846779;1638.826694;2140.514392;2427.68262;2903.153816;2938.594427;3004.612634;2929.43119;2917.255142;3156.181945;3156.268657;3194.181061;2981.196397;3339.99596;3450.811806;3206.071237;3117.250872;4230.123269;4956.692877;5391.070766;5291.583791;5529.125746;5503.073953;5082.933883;6215.732161;7287.382953;6595.53845;6666.912196;7122.364234;6141.203947;6749.059943;7104.964011;7407.959401;7172.089565;6323.297497;7807.887946;8328.709057;7827.30028;7649.816637;7778.115109
Central African Republic;CAF;GDP per capita (current US$);NY.GDP.PCAP.CD;65.88296298;70.98812592;70.40422927;71.75518757;77.2050398;80.18450604;82.33746946;83.56296511;95.63983921;91.65870595;90.1578443;94.0721473;105.4680616;121.8248461;124.0003497;163.6446683;192.0969908;213.785551;254.6240877;289.1189382;325.2547703;280.3433918;298.4445449;259.5883945;248.313551;332.5153585;426.0269926;449.9521301;466.0705969;443.2268598;501.6562006;464.8282836;461.5873035;404.9545469;261.2603974;333.1458632;293.3065753;265.5212824;266.5705446;267.995954;239.1541337;237.9517025;248.639291;278.4039922;303.4613212;311.9500231;333.9425199;380.8870488;437.2482747;456.4716739;476.873787;534.0572815;544.3958491;364.3669626;409.850486;366.3228539;387.1762034;432.3240257;455.2439629;449.2284676;462.8790713;492.2631428;467.359825;495.9788973;516.161;556.131398
Canada;CAN;GDP per capita (current US$);NY.GDP.PCAP.CD;2264.948497;2246.083566;2274.428471;2380.317329;2561.638491;2777.183173;3055.288079;3226.382737;3473.237226;3776.156131;4135.821498;4535.393389;5106.73708;5858.334073;7056.708475;7536.520098;8838.947107;8949.109893;9154.433253;10077.50267;11208.20274;12379.03686;12527.31353;13477.10317;13930.47455;14170.12494;14521.18008;16377.69021;19012.57233;20794.68223;21525.86114;21846.79305;20950.33053;20186.79888;19997.62374;20679.63479;21296.97235;21901.587;21024.56271;22315.31309;24271.00206;23822.09621;24256.05987;28301.90971;32145.56533;36383.96713;40504.84903;44660.08389;46710.36544;40874.96123;47560.83788;52224.12378;52670.14295;52637.73132;50960.89421;43594.23791;42314.10336;45129.73353;46539.21779;46352.96952;43537.89812;52886.64078;56496.92753;54847.53701;55015.70669;55697.66397
Central Europe and the Baltics;CEB;GDP per capita (current US$);NY.GDP.PCAP.CD;;;;;;;;;;;;;;;;;;;;;;;;;;;;;;;2499.272579;2210.978714;2291.902375;2432.47858;2767.168147;3539.724881;3750.803094;3704.238824;4053.332611;3909.239726;3880.426959;4274.132364;4843.410648;5828.296601;7046.221888;8223.09811;9337.740497;11906.49597;14534.24675;12302.05933;12635.77821;13997.32978;13104.08731;13712.70779;14208.43905;12596.91511;12874.72806;14339.84886;16227.28453;16534.96619;16581.38333;19224.32877;19526.24634;22693.95045;24616.09579;27676.93897
Switzerland;CHE;GDP per capita (current US$);NY.GDP.PCAP.CD;1983.759947;2187.929462;2365.594246;2546.27333;2776.141454;2908.419852;3090.726942;3286.054074;3464.929899;3712.31668;4105.364133;4907.592877;5973.450107;7974.295995;9140.477482;10483.73832;11028.69027;11819.09927;16527.54189;18540.7939;19686.11766;17931.19956;18271.20226;18128.3446;17247.27883;17410.55156;24828.42748;30899.20432;33183.02676;31780.42593;40170.86968;40140.37189;41327.18329;39828.36403;43741.10648;50868.97345;48837.80726;42159.99627;43165.63965;42260.86905;39298.0968;40133.6102;43094.24928;49947.39102;55349.61646;57080.07043;59910.29341;66082.1234;75147.53767;72788.20495;77956.1262;91910.39646;87269.55948;88851.23745;90511.64846;85265.06205;83432.41116;83610.24861;87002.33823;85872.97023;87529.70164;96582.86871;97809.09557;104449.7545;107702.0659;114769.0123
Channel Islands;CHI;GDP per capita (current US$);NY.GDP.PCAP.CD;;;;;;;;;;;;;;;;;;;;;;;;;;;;;;;;;;;;;;;40472.66535;42443.71997;43479.19408;41873.74061;44459.73182;48570.77966;56259.53442;57647.11889;62745.10066;74139.97799;;57778.54071;56123.4598;60415.26321;58809.56989;59308.46666;64697.5485;61847.82122;55947.57981;55806.35543;60784.81254;60564.6294;56785.9402;66915.39639;67627.14173;74585.52241;;
Chile;CHL;GDP per capita (current US$);NY.GDP.PCAP.CD;516.4875391;594.4363062;678.5843366;657.7191966;685.9702029;686.123542;790.3617738;764.2651287;765.8474016;873.5818899;940.6483451;1098.9147;1185.049948;1666.995428;1578.583676;732.0544068;970.9573149;1296.868547;1465.456056;1962.081856;2570.843119;3012.344782;1663.280433;1715.403457;1636.224762;1446.806046;1524.978095;1767.413897;2013.539878;2277.847643;2487.768297;2798.342624;3351.841089;3540.913773;4012.101599;5081.468277;5333.504387;5741.95843;5419.824173;4933.555815;5052.992458;4563.595299;4430.847412;4773.401775;6120.591521;7480.32331;9318.656553;10346.41382;10683.21888;10098.80172;12632.87047;14487.39278;15241.907;15683.54864;14529.67672;13433.9203;13649.85205;14879.90862;15659.48087;14496.93456;13117.99302;16216.18409;15399.10447;17081.51807;16658.96527;17994.5912
China;CHN;GDP per capita (current US$);NY.GDP.PCAP.CD;89.71507492;75.96550111;71.0616846;74.46815409;85.66110746;98.66816887;104.5064635;96.76144801;91.64545818;100.3081395;113.346243;118.8424916;132.0974104;157.3398881;160.4025469;178.6212493;165.6809877;185.7286207;156.6556169;184.2858531;195.14948;197.425511;203.7227884;225.865347;251.1926865;295.0074458;282.4456031;252.2567601;284.0235731;311.4294612;318.5033536;334.1302881;367.8226519;378.9393531;475.6778744;612.6802779;713.3373878;786.7435485;835.0953486;881.1466141;969.1995137;1065.405976;1163.559577;1306.972454;1530.927262;1777.644968;2129.25697;2734.727099;3523.443021;3898.244592;4629.245517;5703.76028;6405.057424;7147.035186;7781.065975;8175.332851;8254.868593;8979.676527;10085.66381;10342.90095;10627.4638;12887.43572;12970.60564;12951.17824;13293.11623;13861.97022
Cote d'Ivoire;CIV;GDP per capita (current US$);NY.GDP.PCAP.CD;148.680789;162.2627644;163.0766797;185.076826;215.5062403;207.0448386;221.7863922;225.6209341;256.7687143;262.192286;268.9577336;280.3336602;312.9423481;405.5689795;474.2238614;574.6264059;660.5386182;855.6556914;1039.114983;1157.001398;1237.802168;985.5075479;849.4797054;737.4499687;708.9402522;694.9516915;877.1549568;929.611363;909.5341822;832.559838;885.6478422;827.2418892;844.9022238;804.1496572;581.8884686;740.4730999;1170.23622;1124.656749;1177.371338;1096.135206;936.6365413;924.727295;967.8158644;1111.171351;1199.825245;1197.74617;1230.430568;1367.538177;1583.970667;1540.453936;1553.54887;1596.628266;1546.946018;1786.15862;1991.365394;1814.718551;1862.595971;1964.299303;2130.866194;2141.768362;2179.729348;2455.981276;2333.371283;2591.965905;2727.893522;3050.102023
Cameroon;CMR;GDP per capita (current US$);NY.GDP.PCAP.CD;119.0539412;124.5931656;130.0425699;131.6420147;139.2281096;142.7043076;145.8059828;156.6212907;170.7826665;175.1504964;178.488983;186.7248204;220.108721;271.7572901;299.9083395;386.2364503;381.4299153;435.4086563;581.989336;718.356902;784.1162271;749.8475413;732.2507197;745.5131895;771.702146;875.3377217;1178.59375;1258.314128;1145.16556;1000.892613;1086.717009;1014.828973;1005.448976;1309.9363;700.7095019;832.0066745;826.9653223;783.2516019;798.7456214;796.2626498;708.5657316;715.4702965;789.6238111;988.2412768;1133.393267;1142.624663;1191.45459;1325.672482;1492.142698;1461.389992;1398.58702;1513.96057;1449.098744;1575.928821;1649.443391;1415.000097;1441.720173;1496.089518;1610.696416;1555.226605;1555.603707;1672.326573;1604.87727;1720.475102;1830.008337;1972.38158
Congo, Dem. Rep.;COD;GDP per capita (current US$);NY.GDP.PCAP.CD;220.0745502;197.0803952;235.1272906;376.38337;169.9492598;232.0373974;252.7703618;183.2910865;205.6459958;257.1446367;242.2197598;270.336629;290.5118033;360.5625916;428.0749545;444.6938995;408.422391;509.4883687;615.0841953;582.0894322;538.9118394;455.912227;481.7409782;376.2854799;259.8018895;230.1322552;250.900914;230.0864158;257.7251517;254.2310379;254.8726563;253.7964277;209.7265488;263.3355828;136.5425477;127.0080787;127.4161328;132.3235208;131.4613389;96.31922435;377.9254215;142.6781426;162.3805291;161.4915535;180.664765;214.5397405;255.4452296;294.1016151;352.9003634;280.178991;352.4003988;372.5142739;409.9314248;460.3703349;489.1759521;495.826633;459.7650366;431.0525591;518.1696269;504.0041914;486.4255727;595.7430744;687.7385876;660.2120524;692.8876651;806.7760007
Congo, Rep.;COG;GDP per capita (current US$);NY.GDP.PCAP.CD;124.6596704;139.8720744;149.5912499;150.650752;158.0619645;164.1868928;177.5513442;185.6566036;190.8422573;195.4310236;196.7324156;223.5387238;276.2718495;353.3809938;369.9451839;471.4736282;452.5781472;448.1367824;502.7042514;670.2452231;932.6467155;1066.186777;1130.97081;1075.348258;1097.049586;1049.318214;872.0486976;1052.338935;984.3762858;1032.864975;1175.667091;1112.535212;1164.22443;1034.372008;661.9042737;769.6067948;898.7940502;804.3040501;660.3797751;776.4163497;1024.301591;854.5983144;905.5381355;1016.823634;1306.101363;1799.051584;2103.582138;2206.471019;2832.091778;2271.152192;2946.557981;3396.165058;3732.327373;3697.417059;3601.236581;2439.351894;2093.107286;2211.633099;2694.434132;2488.424667;1993.586672;2516.162551;2620.838043;2477.978455;2482.248995;2514.733936
Colombia;COL;GDP per capita (current US$);NY.GDP.PCAP.CD;258.3044336;282.0994405;298.5442078;282.5883303;338.6759353;317.0645634;290.253386;302.8325078;301.5265028;317.8687981;345.8791016;366.8251679;397.4121174;462.0643757;541.7499016;561.0980361;643.0079145;798.2030216;932.3926951;1095.031384;1279.501167;1362.183325;1425.399368;1383.792461;1335.528218;1192.218498;1169.462121;1192.588286;1259.617411;1244.326946;1474.845529;1485.739719;1730.390918;1929.267218;2325.91873;2583.665763;2664.640561;2873.281435;2604.87167;2241.229118;2555.00751;2472.99084;2428.929698;2311.942188;2818.571954;3456.066109;3789.853612;4769.926147;5541.836297;5250.972924;6398.295845;7400.99407;8108.598382;8279.102556;8187.208249;6248.514905;5959.842504;6479.532313;6816.968183;6472.545449;5339.687114;6222.621644;6680.445069;7012.491691;7951.08624;8561.620919
Comoros;COM;GDP per capita (current US$);NY.GDP.PCAP.CD;;;;;;;;;;;;;;;;;;;;;720.6851097;613.0380432;566.0330061;534.247684;500.752665;494.2549326;646.4619749;763.3103164;797.801503;758.8612428;903.2043058;879.3488893;938.5953997;903.0337291;652.8980177;800.6235678;786.3807735;714.5199687;704.4798174;707.2287767;633.3090328;681.1638576;764.6134983;959.6910494;1072.28409;1105.787969;1138.479084;1289.736311;1455.027686;1410.30517;1386.575336;1531.439693;1490.314257;1603.326535;1615.717098;1329.370482;1365.484034;1423.924803;1540.711323;1519.263864;1527.16991;1587.729887;1533.877554;1723.894749;1857.870607;2055.759216
Cabo Verde;CPV;GDP per capita (current US$);NY.GDP.PCAP.CD;;;;;;;;;;;;;;;;;;;;;439.9826024;425.4076887;422.664668;410.1126467;385.45142;396.4941915;541.1429856;658.4151914;729.4700128;727.1516856;817.4429255;831.6138876;907.8479095;1220.049979;991.1089744;1165.138323;1179.515227;1133.574226;1186.742948;1326.744669;1189.514793;1223.330553;1328.578743;1717.975654;1929.490815;2004.146804;2256.996662;3324.576752;3908.648858;3659.720464;3579.460061;4002.013869;3736.81517;3960.975968;3985.607065;3415.062667;3608.966052;3893.095714;4294.9651;4380.781173;3539.226612;3971.444092;4323.31362;4794.901198;5170.205319;5796.472079
Costa Rica;CRI;GDP per capita (current US$);NY.GDP.PCAP.CD;382.3091218;355.8444479;335.221589;345.5053691;353.7108968;373.8356901;395.1524985;413.996506;444.8052569;477.0813467;535.5396797;570.3602295;638.8510116;768.9447174;817.0766914;936.9931967;1123.281791;1393.375138;1555.837161;1734.595602;2020.990675;1068.046722;1032.405482;1212.557653;1372.201498;1429.378364;1568.564097;1567.032051;1554.740485;1725.139362;1829.668709;2253.381961;2612.387624;2840.387091;3039.563317;3275.252585;3226.964017;3407.776113;3617.45758;3690.961548;3812.753862;3985.12988;4067.718542;4173.148538;4431.01172;4703.007205;5256.596413;6137.711994;6937.242617;6832.698282;8265.788206;9276.391094;10126.99912;10803.24018;10911.49787;11714.71061;12091.03016;12317.09028;12620.02073;12951.85884;12475.68521;12962.27161;13971.765;17140.77143;18853.28287;19970.09891
Caribbean small states;CSS;GDP per capita (current US$);NY.GDP.PCAP.CD;455.4904416;486.57113;507.8473341;530.7335807;555.2359367;584.0326369;609.2049347;654.5117418;659.5571199;704.371935;730.7040868;780.6642195;858.3760523;987.0499043;1295.57997;1474.073137;1497.922744;1786.946331;2023.785937;2491.901121;3199.783024;3496.708152;3851.960974;3793.640926;3908.462776;3907.19546;3307.339047;3439.600463;3530.076897;3468.589398;3713.695348;3792.220749;3842.681385;3698.863807;3930.33085;4144.506196;4424.439578;5198.506326;5558.824229;5959.884733;6477.264821;6647.625478;6903.074186;7551.089834;8233.610825;9439.337206;10883.04755;12134.9067;13890.13031;11554.05892;12652.56913;13503.15828;14225.61115;14575.49189;14962.94335;14497.87986;13377.82607;13708.75259;13896.54841;13995.76266;11961.40854;13996.44751;17449.51934;17609.68271;19923.57459;20880.06068
Cuba;CUB;GDP per capita (current US$);NY.GDP.PCAP.CD;;;;;;;;;;;645.1449178;770.0849697;891.6317492;1079.130815;1216.741482;1374.23964;1440.730461;1472.378817;1837.39107;2005.913263;2030.933623;2045.852312;2113.808589;2222.488512;2386.445951;2256.569487;2364.895598;2439.584003;2632.041768;2565.541179;2694.31698;2268.834932;2047.679003;2063.203663;2613.289719;2785.24443;2282.188093;2306.424834;2332.306561;2561.779804;2751.381771;2842.967043;3005.211042;3202.781099;3399.219629;3786.337992;4329.98266;4807.43889;4986.124365;5089.235198;5272.267558;6104.461052;6470.836734;6828.364282;7146.704591;7727.919972;8110.558743;8610.608296;8911.46206;9232.261159;9605.279146;;;;;
Curacao;CUW;GDP per capita (current US$);NY.GDP.PCAP.CD;;;;;;;;;;;;;;;;;;;;;;;;;;;;;;;;;;;;;;;;;15841.26124;16609.84545;16723.69253;16695.73511;16671.34034;17032.33566;17400.16378;18005.71659;19423.33524;19540.24766;19847.23101;19426.32638;19809.82232;19721.29216;19623.02999;19361.813;18944.09615;18938.24405;19119.12439;19220.6867;16299.81347;17795.58265;20057.1405;21217.81092;22832.8955;
Cayman Islands;CYM;GDP per capita (current US$);NY.GDP.PCAP.CD;;;;;;;;;;;;;;;;;;;;;;;;;;;;;;;;;;;;;;;;;;;;;;;87085.09374;89888.26182;89655.11962;81373.57115;76837.66996;75280.96076;75101.59136;75113.73324;75845.30604;76379.20951;77802.25416;80053.94445;83865.55316;88254.29037;82338.79774;86449.6749;92937.88383;100065.2338;104292.9007;
Cyprus;CYP;GDP per capita (current US$);NY.GDP.PCAP.CD;;;;;;;;;;;;;;;;976.329895;1157.411621;1476.247559;1929.399292;2559.229004;4232.022949;4033.240479;4122.784668;4091.048584;4258.743652;4488.287109;5642.631348;6690.578125;7645.629883;8038.914063;9641.575195;9696.099609;11310.07227;10526.1416;11617.69238;15261.41699;15139.2207;14234.24121;15092.82813;15287.91797;14388.35254;14821.44922;16093.21582;20252.24609;23792.61914;24959.26172;26729.28125;31244.87891;35541.88672;32236.46289;31105.02734;32485.80469;28991.92969;27764.72656;26993.0957;23088.42969;24280.04492;26247.46484;29120.38672;29227.16797;28130.33008;32937.83594;33231.05078;36623.70703;38674.3125;41783.08984
Czechia;CZE;GDP per capita (current US$);NY.GDP.PCAP.CD;;;;;;;;;;;;;;;;;;;;;;;;;;;;;;;3969.367335;2917.086555;3396.709724;3984.146344;4663.286653;5865.294606;6573.196431;6069.387624;6526.596358;6377.621108;6062.921528;6669.074948;8101.260186;9852.456779;11782.55467;13442.49163;15259.07882;18452.65328;22774.70451;19817.42158;20160.43551;22049.10808;20014.0354;20260.4955;20038.41632;17931.59877;18753.96867;20913.19763;23705.93298;24062.719;23472.89155;27696.46195;28282.22367;31761.59441;31827.75525;35917.27241
Germany;DEU;GDP per capita (current US$);NY.GDP.PCAP.CD;1162.122668;1315.907878;1430.520955;1502.154529;1637.455228;1774.19869;1870.805403;1885.615966;2025.081595;2281.275982;2771.283105;3203.828848;3823.940326;5065.245233;5659.737878;6259.207445;6659.165466;7711.10232;9516.782832;11322.35434;12182.78002;10246.47676;9950.05926;9900.485592;9347.290684;9464.116947;13511.152;16738.61328;17996.97835;17829.46095;22385.67783;23443.33508;26559.85439;25616.65088;27201.95936;31747.24494;30599.7891;27046.95655;27395.94406;26965.49228;23925.85599;23878.36415;25486.5942;30711.10225;34566.73591;35084.43635;36980.33499;42350.92172;46379.1648;42471.88686;42396.9666;47630.97619;44718.01592;47206.83535;48959.59912;41929.75491;42948.93819;45553.93415;48916.16866;47656.19974;47394.87345;52349.246;50506.51796;54776.76682;56103.73232;60496.43508
Djibouti;DJI;GDP per capita (current US$);NY.GDP.PCAP.CD;;;;;;;;;;;;;;;;;;;;;;;;;;846.7855381;;821.6825704;816.8746141;781.9168387;780.4977194;732.7331016;763.6592145;758.7338427;784.5562074;786.2018667;761.9436595;748.2328402;735.3491079;740.2193098;737.6121836;742.1337911;743.0132704;764.6344652;806.2616529;844.4483574;898.4646281;969.5732202;1119.152333;1150.937586;1213.233526;1306.345528;1400.193579;2075.944984;2214.620841;2376.125547;2510.430008;2618.955211;2718.083388;2837.169023;2844.888106;3025.911264;3133.257798;3381.297797;3552.723351;3905.604955
Dominica;DMA;GDP per capita (current US$);NY.GDP.PCAP.CD;;;;;;;;;;;;;;;;;;633.5517417;785.5758148;754.0914608;996.1913623;1124.974531;1231.669281;1363.438008;1514.892177;1665.532072;1892.865565;2138.303851;2423.325743;2639.049548;2892.981597;3171.365778;3376.260501;3536.156092;3805.202788;3951.722671;4210.99532;4372.19713;4664.242681;4817.181055;4867.398963;5527.515273;5488.02785;5447.440115;5778.833065;5695.224424;6055.781096;6459.035037;6971.326338;7487.490104;7549.619647;7705.407172;7528.51002;7822.217972;8131.748761;8282.598747;8802.56172;8224.648966;9215.308541;9491.14996;7827.748427;8376.404141;9323.660895;9912.962128;10405.27878;10989.04312
Denmark;DNK;GDP per capita (current US$);NY.GDP.PCAP.CD;1389.021394;1530.53779;1711.218138;1807.252792;2049.397243;2284.228505;2487.136271;2700.746379;2776.135445;3151.133243;3464.455183;3845.599068;4653.955879;6116.891992;6763.865929;7988.156133;8773.339616;9769.578643;11817.62509;13757.23437;13822.15784;12000.21038;11740.21991;11796.5692;11516.68216;12212.7874;17136.62974;21295.67686;22524.57926;21882.15175;26885.69942;27002.80577;29579.49136;27581.72411;29967.83039;35321.09808;35621.98781;32779.87905;33346.48843;33426.23811;30722.02518;30768.47755;33257.16226;40519.09749;46625.0501;48925.80767;52119.1788;58631.65664;64616.66576;58412.74724;58104.54456;61809.7379;58443.77471;61377.59406;62520.45097;53094.01336;54500.92604;57521.5515;61324.7665;59404.26632;60985.48856;69340.73349;67781.09409;68043.5467;71026.48323;76970.15352
Dominican Republic;DOM;GDP per capita (current US$);NY.GDP.PCAP.CD;205.7315099;193.9089888;236.8147;262.186358;277.2971582;233.1605742;250.8766915;256.2065974;259.5744384;287.6993057;337.6681237;368.3496477;427.2248464;490.3154953;595.3566778;713.1681691;762.778347;862.9760492;868.3973718;983.7397065;1180.180893;1288.465631;1376.268205;1499.955753;1843.524608;784.4888096;931.6595301;868.0875578;783.9131421;954.9145044;989.1639412;1345.846737;1558.297821;1722.41996;1891.670557;2109.169407;2270.865587;2448.893935;2607.854573;2620.889682;2831.458836;2935.893673;3065.603295;2383.261718;2451.691616;3878.312067;4055.142703;4649.645589;5023.585134;4973.95187;5478.624704;5826.510141;6013.81965;6136.594293;6496.45167;6800.953094;7160.44201;7412.715716;7882.982216;8183.016236;7135.222733;8527.075486;10104.2464;10630.43174;10875.66184;11059.20815
Algeria;DZA;GDP per capita (current US$);NY.GDP.PCAP.CD;238.3924767;209.3706727;169.6028627;225.5846602;238.8638015;253.62206;241.4489696;261.7924421;292.4360364;315.9146557;352.8457666;360.1110817;469.0309965;589.5181269;872.8892774;992.3020374;1080.386207;1232.494187;1505.942221;1843.119296;2275.779712;2307.334344;2274.87801;2373.82512;2524.380714;2632.517111;2800.202708;2847.077669;2450.872421;2247.460271;2445.183327;1759.112016;1802.693008;1831.04801;1525.540618;1466.948068;1616.831987;1628.761006;1603.366232;1596.118222;1772.928691;1896.300209;1937.464114;2283.772993;2816.99385;3233.133396;3660.661047;4167.451699;5180.918815;4235.429905;4912.785855;5916.313644;6033.648847;5979.60139;6094.693923;4685.059027;4424.98529;4554.66754;4577.210292;4468.453419;3743.541952;4160.559267;4960.303343;5370.477235;5752.990767;6051.003227
East Asia & Pacific (excluding high income);EAP;GDP per capita (current US$);NY.GDP.PCAP.CD;90.27850187;79.55850823;71.61552905;75.51312196;85.11818463;96.78543962;103.0429053;97.50380997;96.03955731;105.1089773;113.9225173;119.1124825;132.3362846;162.6457251;180.408281;198.6725103;198.554468;225.2430138;215.1843126;245.2678867;278.6755518;292.9648714;302.5166856;311.4727944;332.1532584;357.9054674;351.0288161;340.9367665;371.9254393;395.42603;416.9387823;445.8047532;493.0608837;533.8860617;634.195223;772.3046021;876.0380215;895.6288608;809.0075805;881.6357502;961.3014224;1014.52467;1113.999152;1251.277715;1439.932145;1653.679713;1976.632047;2481.387558;3117.832792;3359.518415;4057.865905;4913.894554;5434.825851;5952.821487;6373.70121;6589.818242;6683.235297;7241.983213;8046.004463;8286.457497;8391.238983;9974.579179;10107.05695;10126.43041;10391.15261;10843.4364
Early-demographic dividend;EAR;GDP per capita (current US$);NY.GDP.PCAP.CD;149.3636063;158.5139737;156.2879057;168.1401302;187.9105573;198.8159336;192.1841774;197.9392644;210.4935113;229.4806776;238.2879516;250.4911419;269.8556234;336.8905871;460.7182052;481.1726199;512.9009826;559.6427903;623.7500679;716.2905513;868.4168568;937.4498522;870.6369443;856.419128;846.7230239;823.4531249;807.3838634;800.400192;824.7437946;819.296076;936.9711611;971.300796;1032.290065;1090.28778;1122.641038;1150.885889;1221.856749;1278.95401;1209.047117;1255.030016;1346.198726;1311.076578;1251.30345;1368.429992;1563.060388;1788.22041;2011.023508;2342.587821;2595.480336;2458.164651;2941.653304;3266.19695;3362.322079;3332.304075;3351.664296;3178.867161;3227.648143;3457.917195;3460.86264;3481.755309;3185.497874;3697.410383;4017.489563;4212.169248;4405.284926;4566.4267
East Asia & Pacific;EAS;GDP per capita (current US$);NY.GDP.PCAP.CD;151.7966956;152.8997507;154.4868543;168.3411051;188.8624396;205.3706466;224.0840946;237.9084305;256.6321962;288.4963229;323.9525097;350.7770658;426.3203153;549.8310693;621.1696837;667.4104266;722.2590931;847.936611;1056.485442;1129.487143;1203.490373;1305.908266;1257.881933;1318.052093;1388.761625;1442.973536;1859.670756;2149.680326;2543.242851;2606.15886;2679.403568;2984.564066;3219.101942;3556.030953;3927.621565;4393.561618;4187.959096;3953.641804;3485.791697;3853.871312;4139.471267;3814.309464;3844.086814;4188.4628;4657.508348;4931.626056;5191.9067;5760.129388;6593.644773;6735.160595;7808.070104;8976.494847;9534.444915;9580.350948;9832.431965;9730.644055;10011.55267;10612.79308;11487.50968;11677.44294;11697.51568;13416.97734;13219.58636;13251.51198;13482.47888;14077.2712
Europe & Central Asia (excluding high income);ECA;GDP per capita (current US$);NY.GDP.PCAP.CD;;;;;;;;;;;;;;;;;;;;;;;;;;;;1174.544459;1284.389131;1438.838946;1700.961399;1622.937932;1549.08489;1589.725406;1239.774365;1737.91189;1830.625682;1941.278992;1940.965606;1767.138919;1790.79766;1529.629167;1771.95606;2249.779066;2883.617481;3576.780422;4142.519455;5206.581567;6191.249019;5125.282385;6044.407421;6817.023661;7126.813595;7707.279553;7334.843386;6338.80741;6023.547532;6129.930835;5947.153605;6036.151753;5734.461913;6632.57221;7264.373219;8609.122963;9801.700547;11117.61379
Europe & Central Asia;ECS;GDP per capita (current US$);NY.GDP.PCAP.CD;639.3486317;695.598966;751.9397264;812.8604544;888.2908309;958.2208159;1026.426663;1080.279833;1127.679641;1239.644537;1382.980222;1548.866872;1841.54086;2323.926421;2606.474795;3022.559239;3119.761035;3504.405765;4266.619228;5166.997021;5800.099992;5133.203005;4919.176349;4743.134345;4531.445544;4660.798927;6317.469792;7753.658236;8578.862322;8638.085797;10503.76009;10761.20979;11479.85958;10514.39703;10968.73522;12729.10872;12970.56219;12296.60825;12507.2303;12364.11427;11645.63781;11750.20181;12842.35971;15575.04178;18104.0503;19220.71377;20762.31759;24200.33248;26536.48464;23278.87828;23731.66686;26273.04433;25199.97857;26236.28543;26517.01787;22742.47399;22554.68212;23839.73197;25435.6875;25045.1219;24187.24518;27700.99967;27968.28615;30015.76409;31630.85529;34603.48089
Ecuador;ECU;GDP per capita (current US$);NY.GDP.PCAP.CD;450.7763171;371.3951765;312.4354102;364.7435941;435.7634632;450.0497827;444.623112;453.6452859;445.2279892;520.8439846;465.0403198;434.4158803;487.9720472;578.9549308;953.8465583;1086.176151;1241.910985;1464.940584;1541.137604;1783.292806;2189.784177;2600.571528;2314.383545;1940.233932;1863.682135;1841.779055;1604.246981;1426.016292;1303.779061;1356.280456;1455.007485;1587.3605;1655.446132;1697.888841;1996.858948;2108.006982;2135.847937;2340.766;2284.015728;1575.302347;1382.234218;1791.303597;2059.158554;2315.622152;2586.209147;2909.02606;3243.670104;3478.924888;4194.757507;4053.363311;4520.30959;5153.691642;5634.083932;6109.290315;6405.799793;5976.159681;5917.637713;6233.322448;6303.918867;6205.057652;5463.645153;6061.323502;6515.585284;6718.144794;6826.529414;7125.276185
Egypt, Arab Rep.;EGY;GDP per capita (current US$);NY.GDP.PCAP.CD;156.3873975;162.8416442;142.4095767;143.9284025;157.7165365;161.5671236;168.0543429;174.1030445;179.7740967;192.9649088;232.2724923;242.9710703;256.4828156;272.1827101;243.0614739;299.2175183;334.6099185;353.4038337;354.6742463;420.8582169;493.0535733;490.3087969;595.9188982;648.0136298;689.8076755;769.7551371;790.2017937;753.7222637;633.8393695;701.0377179;735.982935;622.829605;680.7992386;740.3342174;807.3035372;916.3266177;1008.976376;1146.201721;1212.822598;1268.309492;1366.092744;1295.137418;1116.828846;1031.275563;991.2556891;1105.539207;1298.979002;1547.741707;1896.215943;2161.639646;2455.081946;2590.643849;2996.067707;3025.525636;3133.391023;3306.981594;3270.628777;2395.103333;2484.703156;2962.98892;3511.11381;3827.354154;4233.307837;3456.789652;3338.47371;3085.80712
Euro area;EMU;GDP per capita (current US$);NY.GDP.PCAP.CD;911.8274758;1006.277239;1103.196107;1203.502398;1322.006179;1432.874351;1537.690599;1622.431591;1732.472173;1922.225793;2165.44972;2440.430088;2927.443143;3775.785737;4258.033357;4912.290168;5103.592553;5783.777626;7053.254962;8510.117717;9488.251883;8219.701619;7937.54646;7720.65113;7398.898509;7586.174013;10614.22716;13104.53846;14340.42275;14584.52157;18258.73286;18809.99905;20643.68563;18837.40679;19839.93707;22873.51913;23072.6627;21057.84819;21618.32632;21480.40422;19563.09088;19818.8194;21551.1261;26413.87679;30138.88748;31116.27036;32961.28863;37801.93161;41406.65989;37790.12017;36841.2601;39878.1184;36851.33557;38455.05659;39333.11972;33928.61414;34690.24256;36691.21092;39562.08142;38679.61189;37727.45431;42432.29157;41105.34621;44797.64453;46424.24131;50214.0783
Eritrea;ERI;GDP per capita (current US$);NY.GDP.PCAP.CD;;;;;;;;;;;;;;;;;;;;;;;;;;;;;;;;;265.240963;252.0857771;277.8014236;285.402184;325.8387054;318.9809608;341.917364;311.3362093;314.3573968;325.4091615;304.7757565;348.9503271;426.8409479;412.7530792;447.9974047;480.4476237;490.066956;642.9257229;539.6995121;688.6816596;;;;;;;;;;;;;;
Spain;ESP;GDP per capita (current US$);NY.GDP.PCAP.CD;407.9630279;463.1904409;535.3910595;627.278451;694.9520868;797.3770662;915.6292337;996.5718635;978.2923738;1109.136371;1211.423433;1361.192519;1707.588001;2245.947991;2747.960367;3207.544651;3276.970233;3624.999403;4353.327374;5766.092967;6204.143215;5367.329763;5156.023038;4475.301268;4486.781739;4696.298796;6508.850655;8233.72823;9696.192854;10674.34102;13795.01594;14801.32262;16100.67994;13330.37982;13405.70441;15460.91103;16100.62158;14722.37176;15382.33486;15707.94731;14743.2671;15368.2338;17111.06851;21522.0171;24925.02678;26450.95301;28421.68653;32652.01559;35603.24833;32279.82085;30658.74223;31824.62191;28456.44382;29228.84656;29707.76551;25982.44162;26755.60611;28381.34256;30602.42129;29786.52457;27233.94265;30799.47759;30319.49872;33493.22254;35326.76831;38627.24721
Estonia;EST;GDP per capita (current US$);NY.GDP.PCAP.CD;;;;;;;;;;;;;;;;;;;;;;;;;;;;;;;;;;2685.908893;2819.126121;3134.389753;3380.926302;3682.952301;4093.392477;4140.936602;4070.609024;4502.66615;5343.183108;7205.407033;8916.072827;10414.63812;12641.4801;16745.4308;18205.90641;14712.44942;14663.7041;17555.54552;17568.2138;19310.38749;20581.7899;17722.15577;18666.37365;20851.52235;23618.13613;24021.25014;23933.99394;27951.16593;28340.38265;30264.00649;31428.35478;34417.63208
Ethiopia;ETH;GDP per capita (current US$);NY.GDP.PCAP.CD;75.33960907;76.73019664;77.79018498;79.17263437;83.83686483;88.85002941;93.15494679;96.08647474;99.4743651;102.2801777;109.4304663;112.7366743;119.8399971;134.935511;147.8557225;144.2805376;151.9561866;170.4041437;178.3024806;192.3571173;203.6853944;212.657518;215.2509855;232.6834744;214.2288604;243.8973826;245.9772288;254.1213294;253.2482625;256.3864753;262.1089711;277.5659104;207.4064009;168.5204014;127.6859235;136.5236191;147.3274589;143.3695315;126.4650958;120.7346315;122.2692026;118.4572043;109.5938136;116.8004911;133.1698125;158.2434581;189.3457375;237.146256;316.4104751;368.5747123;330.6194128;343.0249424;452.1010319;484.0398331;549.9865771;597.9121132;641.6515233;696.3484291;739.7020223;793.4732472;829.7909826;893.0098354;982.1031615;1055.810916;1133.882797;932.7293528
European Union;EUU;GDP per capita (current US$);NY.GDP.PCAP.CD;797.7179912;879.3910062;963.654236;1049.548897;1154.084108;1252.491022;1345.22836;1421.380933;1514.607826;1678.550638;1887.777496;2122.171561;2542.211832;3267.802321;3677.095419;4256.760057;4435.299653;5000.512254;6062.01605;7293.964115;8122.15331;7058.626672;6788.83741;6583.821115;6329.659051;6495.442997;9047.939604;11152.92095;12205.82326;12421.71411;15480.55847;15946.10023;17463.53436;15902.31769;16816.16459;19456.32119;19740.4112;18080.0133;18600.01155;18484.01568;16956.04049;17208.90358;18773.50394;22991.23677;26335.85026;27400.00968;29169.38971;33682.86282;37160.01022;33632.1593;33119.57301;35963.32181;33324.77585;34804.73592;35590.10743;30771.66352;31456.90358;33394.59449;36076.9018;35374.14939;34694.7105;39206.96634;38066.82404;41566.89924;43313.76682;47089.16384
Finland;FIN;GDP per capita (current US$);NY.GDP.PCAP.CD;1191.855089;1341.499006;1426.667564;1538.457034;1725.604835;1902.038472;2031.523314;2055.753068;1927.293805;2201.124152;2465.864555;2716.432235;3177.928793;4173.544852;5298.080088;6256.102451;6740.291453;7069.735651;7629.495725;9333.076956;11224.938;10925.09572;10935.31106;10493.96266;10830.21852;11394.1921;14946.99262;18565.02644;22043.77016;23969.0528;28366.20428;25488.84505;22320.11247;17588.67817;20278.2911;26246.27432;25756.67771;24682.29083;25999.98617;26180.41286;24335.92251;24965.203;26989.38926;32920.08572;37768.13342;39049.87038;41214.01878;48473.02401;53769.47262;47478.34953;46506.2919;51060.32426;47551.67408;49691.01452;50073.77608;42560.34568;43451.25624;46085.01747;49654.2497;48358.18078;48828.68469;53099.13514;50440.56022;52864.69316;53155.54512;56148.58095
Fiji;FJI;GDP per capita (current US$);NY.GDP.PCAP.CD;277.4315355;280.2733667;285.473073;291.3835738;305.5322031;311.2410729;309.574409;325.9865454;327.3574165;349.813973;413.9372165;457.8445999;575.2174821;761.6840674;984.3135239;1188.184242;1186.166485;1203.57268;1354.811441;1626.66019;1873.31098;1879.363151;1773.143925;1628.049012;1666.865725;1576.720691;1745.241266;1569.46727;1463.047202;1543.296172;1728.940769;1774.992111;1951.255929;2070.047341;2297.180059;2466.743478;2648.327663;2573.723386;2010.496361;2327.957205;1995.720712;1944.997415;2136.567941;2655.580796;3097.190967;3377.69127;3455.105999;3762.746928;3899.922315;3164.132754;3449.144529;4139.602886;4341.403387;4572.443775;5293.356767;5097.531069;5363.790267;5826.848145;6085.419795;5842.073446;4620.645724;4536.733121;5414.120921;5926.205864;6425.741517;6642.004495
France;FRA;GDP per capita (current US$);NY.GDP.PCAP.CD;1306.796299;1401.871904;1553.993232;1723.236483;1891.120615;2023.501845;2172.593396;2328.117855;2518.158256;2729.371248;2832.549138;3137.0593;3809.09946;4906.535554;5260.600259;6616.767225;6792.309904;7458.764241;9166.59012;11062.57317;12565.16394;10955.9003;10359.89207;9862.284494;9311.894265;9657.019385;13430.48246;16175.70905;17549.64405;17547.26454;21586.46746;21500.77784;23615.01686;22238.82506;23359.89851;26791.8152;26757.63515;24169.40081;24869.40308;24576.31523;22340.59395;22331.79483;24144.5727;29479.52221;33644.92822;34696.37183;36431.56589;41486.19078;45464.81814;41728.08842;40694.82117;43929.78409;40863.58144;42669.17951;43148.04593;36702.43237;37024.21571;38687.16264;41418.17665;40408.28486;39169.8606;43725.09995;40988.63964;44700.13842;46103.08409;48985.73078
Faroe Islands;FRO;GDP per capita (current US$);NY.GDP.PCAP.CD;;;;;;1594.478841;1749.161535;1780.157076;1735.534256;1849.438538;2219.376867;2563.601862;3046.45915;4067.929807;4906.275143;5605.512621;6593.621293;8387.149239;9479.437545;10549.34015;11446.28297;10458.09653;10052.91923;10893.33171;9437.293474;10048.50863;14933.5448;18982.24107;20453.09901;18180.84928;20125.37251;19163.55544;19300.6622;16373.82601;16975.92972;20669.20524;22705.69548;21158.41302;24729.01991;24978.62108;23322.75934;24879.77296;26937.65056;31269.6032;35647.54404;36389.08164;41743.68128;48348.73937;51287.89111;47060.15926;47924.13648;51620.05416;50263.00246;55759.3641;60173.30579;52638.26682;56876.43024;59388.5366;62525.26477;63070.72281;62247.92739;69421.69817;67069.39874;72486.6911;74175.27763;
Micronesia, Fed. Sts.;FSM;GDP per capita (current US$);NY.GDP.PCAP.CD;;;;;;;;;;;337.4957741;359.2446401;403.0464691;544.2044666;701.0779632;683.9767456;677.9706151;668.6014727;737.5104324;803.0321902;829.2098131;958.3744266;973.6886364;993.2729452;971.3237359;1136.276333;1216.157631;1230.441567;1284.282728;1365.615183;1459.043692;1617.455282;1699.330191;1853.062597;1856.520743;1995.191872;1955.97507;1840.239126;1944.033328;1944.832557;2049.3449;2103.748498;2113.459555;2145.8779;2104.427965;2216.996374;2257.764452;2302.511831;2395.902181;2565.836398;2715.268737;2859.848837;3003.058671;2904.15368;2915.236725;2869.862762;2997.937199;3297.3758;3584.783776;3581.726846;3362.028021;3508.223142;3703.666803;3933.01607;4251.690527;4414.007371
Gabon;GAB;GDP per capita (current US$);NY.GDP.PCAP.CD;276.1361695;323.4592027;348.4168201;290.6758165;400.4029565;414.5542181;443.4015999;482.2230905;514.5739838;545.4102371;543.4331614;627.4156776;693.2948314;1140.041643;2384.186289;3258.234242;4441.094486;4048.146743;3359.572681;4154.58594;5718.467191;5026.476468;4583.899678;4181.571916;4272.882169;3898.463169;3864.674538;3624.376759;4118.60473;4373.884919;6050.71469;5345.09653;5385.688117;4105.987013;3828.211181;4414.875583;4942.6787;4508.753405;3699.995139;3751.35319;3982.906201;3835.757183;3966.480019;4710.748628;5465.791936;6547.87614;6847.009857;8003.542897;9688.645197;7290.575261;8356.74662;10219.11393;9296.965879;9197.701063;9201.362766;7047.126546;6677.070039;6921.733731;7624.277523;7441.178647;6605.803461;8181.409141;8409.207415;7802.824333;8230.043115;8263.033216
United Kingdom;GBR;GDP per capita (current US$);NY.GDP.PCAP.CD;1397.594803;1472.385714;1525.775853;1613.456884;1748.288118;1873.567774;1986.747159;2058.781882;1951.758596;2100.667869;2347.544318;2649.801514;3030.432514;3426.276221;3665.862798;4299.745618;4138.167788;4681.439932;5976.938169;7804.762081;10032.06208;9599.306222;9146.077357;8691.518813;8179.194441;8652.216542;10611.11221;13118.58653;15987.16808;16239.2822;19095.467;19900.72665;20487.17079;18389.01957;19709.2381;23252.61571;24503.38296;26910.13815;28396.35235;28858.00653;28383.87611;28013.87296;30158.70178;34556.77261;40504.41181;42240.2463;44695.16102;50629.07992;47652.40307;39009.37155;39778.32205;42295.92738;42688.32637;43607.66368;47746.98106;45256.04023;41258.53743;40918.05209;43704.31623;43160.6844;40815.12554;47695.64915;47034.77956;49919.68966;53341.31311;57601.96212
Georgia;GEO;GDP per capita (current US$);NY.GDP.PCAP.CD;;;;;;;;;;;;;;;;;;;;;;;;;;;;1543.582025;1843.903432;1853.440908;1610.980271;1307.823427;757.2235485;550.0155426;519.8155788;578.3369235;689.0346342;807.0322858;851.5155425;673.5377829;749.908535;801.9838371;853.5261719;1010.031516;1305.047486;1642.783594;1996.020133;2635.366503;3324.753721;2822.689397;3281.729309;4119.668183;4530.695334;4712.002294;4830.334862;4086.622347;4143.401257;4418.752065;4804.054604;4741.283272;4300.857013;5083.606955;6729.846599;8283.669607;8967.675256;9691.534724
Ghana;GHA;GDP per capita (current US$);NY.GDP.PCAP.CD;174.8588565;181.8700108;188.4210163;205.0374224;224.9681544;260.5055952;263.3345894;211.2192965;196.6685718;225.772622;248.1598694;263.4087879;223.8028638;309.5095523;289.4258568;272.9767152;260.9982958;292.2897981;325.5984767;346.6534038;372.2520264;343.7991267;319.2069103;311.3834382;329.9988889;329.7146049;410.7116584;355.1537249;355.1218449;349.9649419;382.5424637;418.2541213;396.4264076;359.8008441;320.5039034;371.537243;389.2712679;377.8419355;400.3667995;403.0373261;253.7469362;263.5421565;297.4616447;358.3992714;406.1321053;478.6119092;906.4410276;1050.124615;1182.657613;1047.704301;1263.892518;1507.435732;1543.775242;2294.795847;1949.908329;1722.772828;1912.479913;2012.286626;2195.32166;2186.658227;2195.454817;2445.186625;2229.891227;2383.904105;2419.251867;3257.15889
Gibraltar;GIB;GDP per capita (current US$);NY.GDP.PCAP.CD;;;;;;;;;;;;;;;;;;;;;;;;;;;;;;;;;;;;;;;;;;;;;;;;;;;;;;;;;;;;;;;;;;
Guinea;GIN;GDP per capita (current US$);NY.GDP.PCAP.CD;;;;;;;;;;;752.8225036;825.2899771;948.4974213;1143.300035;1242.529225;1311.330514;1430.664353;1440.157665;1657.963932;1789.995549;1930.991843;1875.539668;2272.632987;2822.839323;3361.528202;4061.698672;505.8769443;504.5108688;574.0011272;570.493418;604.3044227;656.4237312;692.6478027;670.7417782;671.5763851;713.0314606;726.0254426;695.5817423;647.3799208;610.6148429;518.1570669;483.0851202;495.9160736;566.4854059;584.8977405;463.1776869;446.9805541;650.1485753;703.5328258;662.1859147;659.2353262;636.6949587;699.3533772;748.4550208;765.1469994;747.3569668;711.9965098;833.5986217;933.2736156;1031.341465;1053.660977;1244.965505;1416.59612;1555.493758;1694.953759;1877.254122
Gambia, The;GMB;GDP per capita (current US$);NY.GDP.PCAP.CD;;;;;;;94.36621449;96.96048688;83.10648528;88.66220216;99.78169198;103.3183223;106.5246043;131.4491821;162.6183347;189.8083934;179.3139633;213.8425432;257.5810422;300.258528;337.6925344;295.9820645;282.1413071;268.6492998;214.7943574;262.8166167;207.6544087;236.9548027;274.874466;280.9298096;300.6398957;627.5789193;623.4859278;635.3611677;608.2774908;621.6813913;651.7849457;600.2240234;610.2347115;575.4598932;538.0540723;459.8030684;376.531027;308.7191234;593.2853463;616.4836579;614.5443079;724.7264072;859.1276714;774.8880309;801.0333727;710.6084115;692.5793616;653.8627133;568.0045356;619.5363643;650.0565013;642.5226413;696.219807;738.186752;720.3351434;781.8909252;836.2448759;883.024112;871.3402875;919.0604234
Guinea-Bissau;GNB;GDP per capita (current US$);NY.GDP.PCAP.CD;;;;;;;;;;;350.221595;348.2770096;388.6437614;391.9165756;418.643114;435.2178099;420.8529374;402.9065878;402.7775257;375.8453302;346.8554416;477.4638964;502.732266;488.9938923;407.4394447;416.57614;371.1375759;487.5519494;453.8074727;578.4909858;651.3376407;672.0738788;574.3211064;581.6126818;560.8834225;589.4870231;614.7298925;598.9534702;497.7242796;478.733191;316.945495;327.138432;362.0345746;419.7848661;431.3765577;463.0739627;448.5130755;519.0697898;640.2103311;583.1900201;600.1942985;719.5395735;635.4616533;654.3045344;652.022501;645.0668372;679.6653866;783.1231866;808.5316132;811.2100041;846.918135;926.5461919;881.6026542;964.4318327;998.3760934;1123.7668
Equatorial Guinea;GNQ;GDP per capita (current US$);NY.GDP.PCAP.CD;;;132.9118591;154.7974985;177.8264176;217.1028955;226.6949639;231.9316462;211.7437587;208.4408397;206.7668587;205.5673696;211.424762;268.6349023;319.2368367;362.2621783;368.8313743;375.7059606;;;175.4510081;121.1250803;137.4688027;129.4110056;137.9036786;161.1180218;188.787027;220.9254418;228.6692328;193.2233561;236.4021884;225.3193785;263.7335471;256.6830237;183.2394827;248.3148962;391.6868682;717.0414816;577.8685253;930.9125493;1487.316551;1948.611459;2264.210656;2930.601837;4901.301274;8673.902609;10184.88412;12616.95329;18210.5553;13232.50194;13720.16587;17198.21367;17308.57239;16304.07132;15548.66247;9068.910032;7453.197979;7809.104657;8102.470848;6804.149231;5764.055029;6945.630698;7589.299649;6788.352716;7003.580557;6615.252452
Greece;GRC;GDP per capita (current US$);NY.GDP.PCAP.CD;513.0858624;582.5635036;608.4755155;685.559282;772.8055008;886.7736111;983.5575492;1053.258886;1138.38219;1305.64396;1473.603948;1629.345279;1873.254128;2468.003955;2789.405774;3109.37944;3343.388194;3832.3211;4629.339377;5626.588791;5811.690696;5305.437294;5501.637001;4950.060265;4785.07463;4746.760358;5577.832587;6473.577832;7492.352048;7737.543858;9466.662385;10046.66639;11021.01222;10257.30858;10937.02238;12779.08149;13432.52622;13015.9175;13022.96488;12742.54044;11638.20107;12156.95728;13782.19564;18020.61204;21449.25528;22054.13158;24416.0233;28440.76253;31695.83311;29425.45732;26653.0488;25504.78665;21624.34605;21573.34498;21474.72571;17980.72982;17919.24264;18631.99301;19873.40152;19335.3602;17886.73317;20652.8966;20884.67734;23343.7104;24626.14819;26948.00704
Grenada;GRD;GDP per capita (current US$);NY.GDP.PCAP.CD;;;;;;;;;;;;;;;;;;736.9274992;917.1111188;1070.733713;1173.078096;1229.659326;1329.006177;1388.165651;1523.940928;1745.153574;1938.108509;2204.638452;2404.255236;2696.982902;2782.183969;2983.916432;3052.700187;3026.041542;3152.202048;3294.269883;3508.294237;3724.754662;4206.280529;4516.283324;4839.828111;4819.507767;4984.474059;5427.963773;5480.261176;6338.560114;6344.038377;6864.548168;7448.204056;6932.564722;6909.601696;6947.381361;7092.719854;7424.802123;7986.334212;8694.12438;9221.234611;9751.426612;10083.02128;10462.79292;8968.558901;9617.289029;10469.3867;11414.47817;11528.92208;12106.87901
Greenland;GRL;GDP per capita (current US$);NY.GDP.PCAP.CD;;;;;;;;;;;1498.276437;1874.295302;2196.71424;2860.280576;3432.706033;4257.875611;4844.656293;5713.962534;7235.516939;8480.762531;9483.102406;8544.09791;7813.651282;7988.177947;7198.707808;7760.834264;11271.33257;14554.35137;16397.95019;16813.74145;18326.9295;18315.31656;18768.82753;16797.35782;18124.09981;21665.82952;21422.46099;19145.61489;20496.57878;20170.32276;19009.07744;19265.51915;20657.95063;27466.64945;32030.99879;32489.72773;35457.62976;39780.94414;44366.78587;44918.84138;44277.19934;47186.876;45936.95628;47535.48838;50485.22441;44536.35497;48181.74535;50765.74947;54545.13586;53309.20359;54812.66618;58135.99399;55635.00065;58498.9708;;
Guatemala;GTM;GDP per capita (current US$);NY.GDP.PCAP.CD;256.8131153;257.2021506;265.2106518;284.3975043;284.1979703;282.9776417;287.2778487;291.9341809;314.6668761;326.3027334;352.7908088;358.3735604;369.7627574;440.5628717;528.57311;594.8866087;697.0646097;856.1254953;925.1800265;1025.982235;1141.805498;1216.496397;1203.965407;1219.735454;1241.042426;1238.475452;896.0632635;853.9037725;919.0707731;958.4274712;847.6885618;1014.402797;1096.45977;1165.674427;1292.672028;1421.061778;1481.059868;1638.462819;1741.201142;1603.647761;1648.96579;1537.686636;1669.335175;1722.547019;1840.911849;2046.466117;2225.123475;2458.815739;2763.059882;2611.646328;2805.259602;3168.983706;3286.619593;3444.158023;3689.145104;3893.505333;4060.137847;4324.997689;4352.945933;4511.998396;4477.61785;4912.622404;5356.924359;5754.428339;6150.894653;6598.18033
Guam;GUM;GDP per capita (current US$);NY.GDP.PCAP.CD;;;;;;;;;;;;;;;;;;;;;;;;;;;;;;;;;;;;;;;;;;;20909.95903;21877.31784;23618.82669;25631.97761;25709.93515;26605.43242;28112.23166;29054.05812;29719.79678;29926.20524;31653.75065;32530.75931;33900.14865;35165.70146;35930.65949;36779.00789;37195.95031;39274.94314;36482.9364;38074.87937;41833.15171;;;
Guyana;GUY;GDP per capita (current US$);NY.GDP.PCAP.CD;299.0746458;319.0177548;327.3925792;288.8203904;313.2611619;335.7359369;352.589675;377.732622;339.7864411;361.1876162;381.0987541;395.7696636;395.4742646;420.5336786;587.968877;663.7997227;604.1052678;592.9975984;663.2085861;688.8276528;778.9588141;734.5674589;620.5646366;630.6727792;565.3344356;587.8183952;657.0140002;464.0525663;544.7152092;503.1090191;528.8510953;466.039939;498.1566366;603.0843167;721.4375611;819.6685416;927.5238472;982.8047538;939.6854882;908.7906314;931.7966517;931.5747238;950.8669325;973.7425981;1033.310309;1084.065414;3135.605535;3608.286852;4008.962867;4209.132306;4581.761797;4947.221706;5444.397519;5556.912312;5472.688205;5640.415606;5870.878238;6178.665044;6048.386972;6405.824434;6775.709391;9860.870148;17913.49281;20473.70022;29675.25016;32413.79308
High income;HIC;GDP per capita (current US$);NY.GDP.PCAP.CD;1205.228067;1269.994821;1356.633916;1441.780566;1557.242275;1673.405672;1812.927316;1918.491177;2061.779225;2251.311035;2448.680721;2691.139572;3097.158028;3724.028766;4174.528915;4617.804298;4988.942954;5604.017447;6677.233142;7652.356549;8474.014411;8537.574961;8391.40363;8611.956909;8919.829229;9299.051095;11227.38345;12932.54619;14461.03241;14952.83236;16636.48923;17431.57245;18533.16216;18549.97521;19720.31759;21739.93193;21791.19912;21308.60652;21128.26551;22013.57806;22428.17261;22129.019;22974.35927;25642.09987;28482.30428;30080.78347;31743.31084;34703.22155;36948.69374;34160.34434;35833.71158;38837.32784;38756.75929;39099.88241;39576.13635;36734.63102;37232.23552;38970.46604;41295.62622;41570.37608;40453.96865;45545.94747;47056.4875;49141.54007;50907.27615;53997.25795
Hong Kong SAR, China;HKG;GDP per capita (current US$);NY.GDP.PCAP.CD;426.7738079;436.7544115;487.8211341;565.7278104;629.5915258;676.8055071;685.9266141;723.2392256;714.4829696;825.5234491;960.0319615;1106.469717;1384.734265;1893.181242;2144.614959;2252.126941;2850.01461;3429.420276;3923.971378;4569.48385;5700.432109;5991.284888;6133.7669;5595.260553;6208.226159;6542.973528;7434.999255;9071.390765;10609.74564;12097.74879;13485.63145;15465.92453;17976.46886;20395.56219;22502.53024;23497.39208;24818.30216;27330.09336;25808.86099;25091.6666;25756.77287;25230.37809;24665.83623;23977.17341;24928.10037;26649.63772;28224.09516;30593.95117;31515.52921;30697.53839;32550.13649;35142.48793;36730.7962;38403.77771;40315.37395;42432.16197;43734.19807;46160.42979;48537.56689;48359.0012;46109.22999;49770.56424;48825.02723;50525.11193;54274.75478;56983.06631
Honduras;HND;GDP per capita (current US$);NY.GDP.PCAP.CD;230.6673909;237.2666579;244.0120913;246.5612831;255.9035091;273.8775773;282.8853447;298.1559948;314.4743829;316.220454;328.7872426;338.1234001;352.7114266;374.6687024;400.9889555;416.5213072;482.4163739;559.2506447;682.8341934;768.7177332;854.3740792;911.5050375;914.3088386;941.7327461;959.5342691;1001.146798;1057.812281;1097.858599;1039.294103;903.7676502;749.8181136;722.0006579;782.1115187;772.7422477;735.8861472;814.0490756;812.8170476;917.2726512;988.6559869;999.0043833;1092.564007;1132.164875;1132.499653;1156.081627;1215.139954;1304.700392;1425.847801;1577.737892;1732.490627;1781.157036;1893.327227;2073.661211;2126.034747;2081.128435;2179.88172;2271.20266;2307.344684;2413.007656;2464.642415;2502.327443;2307.614943;2735.147515;3003.289968;3227.457625;3415.960279;3598.214504
Heavily indebted poor countries (HIPC);HPC;GDP per capita (current US$);NY.GDP.PCAP.CD;133.9667066;134.9821009;143.2107071;164.108821;148.8839732;164.1933094;173.5284945;166.5844618;174.7168398;187.113862;175.837293;184.5806494;199.7626456;237.9787028;272.6414494;298.6825356;311.6888603;351.6789731;398.008726;424.9667158;459.4234856;451.7856074;445.2989536;429.6832848;425.9172031;435.2917202;389.8383997;404.2259479;413.776472;409.7118604;457.8291497;485.0562302;358.038553;360.0504316;298.852695;337.8395833;359.1397425;365.6125714;367.888388;359.3261746;377.7386355;355.439131;374.8157401;413.0815733;462.6928491;520.0519789;593.5895086;688.7988543;797.8539798;765.2277594;812.4844978;873.6500997;881.6361756;961.2176215;987.6023599;917.9241409;895.2919714;944.1058006;986.4479704;984.5533729;963.8085191;1062.586893;1123.26895;1157.852005;1220.845771;1331.899975
Croatia;HRV;GDP per capita (current US$);NY.GDP.PCAP.CD;;;;;;;;;;;;;;;;;;;;;;;;;;;;;;;5369.109786;4000.916774;2321.152041;2447.503191;3237.926463;4929.020839;5299.748879;5330.914894;5712.498293;5269.014886;4953.57515;5364.881885;6219.560937;8189.990593;9718.927715;10443.4484;11501.23274;13755.81491;15888.11844;14474.52514;13729.74729;14691.59176;13507.63499;14135.09035;14186.77122;12283.87503;12820.18727;13901.64987;15460.45608;15563.7355;14807.55592;17788.76012;18465.53147;22183.49823;24049.94417;27103.91161
Haiti;HTI;GDP per capita (current US$);NY.GDP.PCAP.CD;70.80244544;68.9905651;70.44646171;72.39834935;78.45201585;83.63325142;85.74937381;84.21726767;82.40577176;86.12698034;71.45439906;76.81161507;77.27651826;95.13418026;113.0392606;133.6317921;169.0918881;178.6969127;180.3212539;196.2019686;246.4692716;258.4680431;252.6072506;272.823695;299.2471862;324.5751561;366.9973443;317.6355207;397.3653363;407.4987081;451.7202497;496.5459874;316.2765131;258.0663723;292.1342244;372.0061047;377.229465;425.1110859;465.3633063;509.5785853;820.6000468;748.8211598;720.969568;578.9952911;683.1852982;775.8457041;828.8057003;984.5669834;1094.660584;1196.852871;1209.727335;1312.039536;1361.393966;1457.832212;1460.188986;1411.126847;1318.402682;1395.239452;1496.38049;1352.172042;1290.325387;1824.679874;1748.408901;1681.844077;2060.355918;2694.189691
Hungary;HUN;GDP per capita (current US$);NY.GDP.PCAP.CD;;;;;;;;;476.4343501;527.2316176;559.1970913;606.8527386;709.6525026;875.9819999;955.8742078;1083.474733;1248.798513;1388.395099;1617.878534;1864.671889;2158.221814;2213.052677;2255.064057;2049.716179;1991.238948;2020.022866;2330.841883;2565.973911;2812.237546;2902.435081;3323.539672;3361.22268;3747.329664;3886.666084;4187.03118;4509.417409;4542.012038;4606.056973;4751.773243;4801.959496;4629.917608;5280.94888;6658.044943;8410.092482;10291.26947;11212.2047;11478.48916;13934.60546;15762.63225;13051.18318;13189.84339;14211.46056;12950.15945;13739.46202;14352.50188;12782.94126;13215.86053;14736.16682;16605.05705;17012.85986;16386.93088;19030.62813;18428.02883;22208.65098;23305.44825;25907.47433
IBRD only;IBD;GDP per capita (current US$);NY.GDP.PCAP.CD;161.7489439;161.8556763;160.980506;173.4892551;192.1490681;205.898219;207.8346498;208.9078785;216.3557426;236.0076656;251.0504753;267.4235011;294.8718054;374.160026;463.6769795;490.7746761;522.4973634;581.1005978;630.6713237;723.3562063;843.1591344;889.0462147;859.4609892;832.9510957;846.2920775;862.9446893;879.1408394;889.1085464;932.9945457;954.4640673;1053.450725;1005.730047;1034.412594;1084.943749;1179.819755;1337.835534;1440.00849;1506.907769;1428.925241;1374.623;1477.692674;1481.392144;1487.722659;1652.807277;1947.235077;2300.558433;2700.558475;3321.081723;3945.346082;3790.752497;4561.888234;5343.533974;5618.138118;5846.259663;5950.162162;5546.819341;5535.215778;6053.47287;6392.207313;6474.804278;6189.46596;7312.405905;7679.786393;7892.133592;8186.574761;8599.358349
IDA & IBRD total;IBT;GDP per capita (current US$);NY.GDP.PCAP.CD;153.6587708;154.3679287;154.7603585;166.7765015;180.9286221;194.3429991;197.3282137;197.8083859;204.7239333;223.354173;238.1857518;250.8514175;274.4104545;342.8738488;426.3993117;456.0334105;482.3929602;532.9749114;579.2851082;661.566325;770.291764;844.7907023;810.9281831;768.748522;769.527854;782.6603408;782.7860694;790.6533231;827.0301767;841.7996324;927.8385508;893.2774672;902.9643606;943.6322382;1018.0231;1156.832879;1248.052835;1301.140937;1239.94882;1162.821074;1251.896448;1248.977966;1256.741557;1392.517434;1633.269819;1919.855402;2247.88945;2742.897339;3246.160836;3109.975187;3717.275722;4326.075951;4533.146347;4717.039164;4804.513169;4477.244097;4450.009889;4833.029701;5085.080185;5168.034806;4923.397089;5754.179901;6024.325913;6126.388091;6304.397;6613.20947
IDA total;IDA;GDP per capita (current US$);NY.GDP.PCAP.CD;109.7879138;113.1500988;118.6836559;127.8911015;123.244146;134.4560674;141.4525162;139.6749524;144.1172152;157.512077;170.5648376;168.3782786;175.6281411;198.5878989;253.6411975;290.739107;296.0238756;314.1743006;345.884959;385.4806976;447.3217851;617.1568184;572.1425091;480.6697956;439.9061292;441.7560242;389.741865;392.1157028;402.5298442;393.7785702;432.7580599;455.4408483;395.2857536;404.3380007;407.4731549;482.4660766;542.17939;553.2840838;562.035769;409.1203111;458.4501378;442.1557827;465.592286;512.5917969;585.1692956;664.9686248;775.7202506;888.098621;1033.532013;983.9671841;1114.119825;1229.705491;1268.903032;1352.928609;1426.500327;1357.905193;1321.747681;1357.477895;1411.207383;1546.572619;1467.744754;1569.430318;1651.019163;1536.733589;1487.280321;1608.084223
IDA blend;IDB;GDP per capita (current US$);NY.GDP.PCAP.CD;99.63008664;104.2745326;108.5272022;112.5505982;120.3011694;126.6068359;134.3724928;132.0353969;136.6009757;151.273009;198.6862991;181.605754;198.6326709;209.703033;289.6372021;325.4329428;380.027098;396.7574475;424.3618129;501.2511648;612.367672;1078.437792;953.5422825;708.403752;595.1726644;579.6753988;519.243541;518.7678418;524.1598798;493.693837;529.4185164;549.4053371;519.4341743;535.6862228;568.2396639;774.0766008;925.6984188;943.8951099;964.2686729;530.021606;619.8213061;602.8928718;644.972024;712.2775064;837.1397638;957.9444837;1148.891819;1296.217361;1479.932697;1350.168109;1546.664869;1719.513774;1858.796194;1985.519999;2113.887023;1967.894115;1810.821046;1808.866741;1873.738594;2210.555391;2014.81189;2148.316286;2241.229318;1922.681957;1658.962909;1841.204464
Indonesia;IDN;GDP per capita (current US$);NY.GDP.PCAP.CD;;;;;;;;53.2051867;64.65477306;74.09881141;79.11882348;78.54283939;90.11475491;129.8862311;200.7109845;231.0601206;275.7131678;330.6702141;362.4837798;353.4241758;486.620172;560.830336;577.7456327;507.6829457;519.7740631;511.4008836;469.8342413;437.6065504;476.6624834;524.1430273;578.4201211;624.3874954;673.6710395;817.3951164;899.7939829;1011.226142;1118.92133;1044.606748;454.8778008;657.2689347;763.711125;732.3070934;881.0029136;1043.210584;1126.840044;1238.214476;1558.315628;1823.219763;2124.554839;2218.485419;3065.683484;3579.464425;3632.27254;3566.602845;3441.068085;3288.222697;3521.469435;3798.883262;3860.953531;4106.948562;3853.702888;4287.17314;4730.834848;4876.299296;4925.43645;5059.625964
IDA only;IDX;GDP per capita (current US$);NY.GDP.PCAP.CD;118.8550349;121.5796346;128.0059339;140.445032;128.5691691;142.9131702;149.6676655;148.1532517;152.6524386;165.7079267;159.4885299;165.0505768;167.2303629;196.9565044;239.9037113;278.3598635;257.2979383;276.2309703;310.4960303;330.2978378;365.3278882;373.4099634;369.743481;361.4932818;360.1139934;371.1280295;322.5944737;326.1223286;339.2464614;342.8874898;384.2744604;408.3674932;330.8395974;336.0089825;322.9391593;326.4662389;335.7732858;342.6730987;344.6314319;345.9414937;373.051252;356.6990607;369.9224343;405.965046;449.9043266;507.2827974;574.0881433;667.1930094;791.3991373;784.6498624;877.9310989;961.7033905;945.9202677;1006.289675;1049.900732;1024.038925;1054.715728;1111.668192;1159.997868;1187.140579;1172.526235;1257.78054;1333.985472;1330.080057;1395.67576;1484.111599
Isle of Man;IMN;GDP per capita (current US$);NY.GDP.PCAP.CD;;;;;;;;;;;;;;;;;;;;;;;;;3892.818571;3980.230931;5507.180039;7012.142113;8768.790532;9110.774999;11049.89494;11768.1059;12150.85455;10818.51397;11708.28575;12896.52528;13979.84549;16160.71125;18753.12023;21042.14618;21161.39631;21819.71238;24471.07988;28861.61781;35564.60239;38135.85979;42627.50894;55040.2437;72276.77413;66156.10566;70587.31403;77808.85796;79329.20343;83207.65884;91885.45287;84753.51874;82025.94545;83481.30385;89393.82442;87127.5518;79513.53303;94299.96935;88328.54813;90015.20742;;
India;IND;GDP per capita (current US$);NY.GDP.PCAP.CD;84.93280848;87.85386135;92.19995836;103.4350213;117.8564308;121.508319;91.02769505;97.99514812;101.5568025;109.4776644;114.35532;120.6805955;125.270706;146.5684926;166.6996618;161.086694;164.1199996;189.5855686;209.3890636;227.9581799;271.080946;274.9643308;278.6503826;295.9997733;281.0498678;300.9282586;314.8971164;344.9410283;358.4845396;349.915155;371.0859362;305.5740559;319.1824726;302.8848062;347.7342147;375.1760054;401.0467547;416.2281162;413.6308641;441.9279914;442.7502189;450.3579005;469.149929;544.1431335;624.2588265;710.4880804;801.6683537;1021.887077;992.5195849;1094.949746;1347.519391;1445.461275;1429.321995;1432.843975;1553.883961;1583.998159;1707.508929;1950.104683;1966.254552;2041.428637;1907.042516;2239.613844;2279.981457;2434.448263;2591.991661;2702.479871
Not classified;INX;GDP per capita (current US$);NY.GDP.PCAP.CD;;;;;;;;;;;;;;;;;;;;;;;;;;;;;;;;;;;;;;;;;;;;;;;;;;;;;;;;;;;;;;;;;;
Ireland;IRL;GDP per capita (current US$);NY.GDP.PCAP.CD;706.5510223;761.8513596;821.3441131;878.1565765;994.6073316;1055.036247;1107.31823;1187.183212;1158.855498;1330.783295;1486.514527;1703.932183;2080.465147;2424.269047;2516.927686;2973.400123;2919.583087;3427.073436;4399.986805;5429.962001;6372.437775;5986.154109;6160.638293;5915.241772;5692.027386;6011.735546;8112.171363;9581.913086;10715.87028;11175.8166;14031.30257;14087.20744;15714.38475;14657.06155;15902.92968;19158.45648;20835.89771;22551.11391;24294.85477;26338.10775;26334.56721;28282.40988;32705.43456;41203.52958;47754.20232;50933.02161;54329.16186;61396.41746;61353.10656;52133.09062;48623.96664;52613.85404;49335.84081;52537.61086;57214.53798;64250.13852;64129.55715;72161.40475;80804.11232;81827.66889;86514.07061;103783.4463;105190.686;106818.9171;112894.9532;131592.4625
Iran, Islamic Rep.;IRN;GDP per capita (current US$);NY.GDP.PCAP.CD;195.5775272;200.0815293;205.7868097;209.5593763;221.7317278;247.5266755;262.8776838;283.7337058;314.2854567;344.6016875;376.6068792;457.283638;554.7480341;850.5601771;1408.965719;1531.706171;1953.519697;2243.055595;2100.770153;2352.426552;2368.392857;2393.449856;2844.876114;3397.0614;3395.336976;3634.032096;4064.346673;2513.151116;2234.462351;2124.972148;2137.942227;2194.439068;1957.485078;1038.109857;1167.762725;1550.009596;1914.781213;1790.066176;1709.193341;1739.59462;1650.013858;1881.022666;1891.257561;2208.996366;2672.422665;3132.050819;3618.916014;4687.991663;5377.411507;5415.522806;6291.194437;8025.687434;8114.080998;6222.741948;5672.063729;4952.733555;5710.599471;6000.933464;4783.010673;3997.493545;3202.500035;4605.148813;4721.204371;5049.299316;5190.16959;3924.380178
Iraq;IRQ;GDP per capita (current US$);NY.GDP.PCAP.CD;218.9178025;232.3926122;240.6534425;235.5136238;269.423093;284.777571;298.2056668;290.6436645;318.8325526;319.8601432;337.0429126;383.550287;394.418343;475.5863357;1031.250813;1165.881639;1488.543352;1608.795451;1863.217612;2871.329522;3867.645007;2700.412048;2941.974813;2743.354492;3065.717827;3087.663942;2940.406232;3436.476313;3707.208418;3791.170276;10261.41577;22.95213276;30.25390126;53.74378423;198.1821019;619.1355309;485.2584928;936.3411709;900.9371426;1560.364667;1980.18916;1435.695684;1266.159613;817.8878625;1328.371576;1762.393604;2276.554357;3128.990103;4542.96609;3714.71206;4461.751962;5775.542291;6477.596185;6650.352822;6249.39227;4440.141893;4334.420964;4759.284644;5646.689321;5671.856863;4295.189451;4868.494311;6520.731546;5965.318351;6073.610323;5409.678997
Iceland;ISL;GDP per capita (current US$);NY.GDP.PCAP.CD;1486.46439;1489.766799;1641.151554;1924.239822;2414.007074;2861.107871;3378.144722;3283.551155;2473.423726;2142.21248;2666.411866;3365.77524;4155.185098;5627.407067;7286.656585;6679.784291;7848.34897;10305.31133;11629.51587;13082.49483;15339.9113;15666.37698;14191.03022;12079.79746;12377.58602;12793.27258;16979.52173;23238.03983;25306.69261;23218.53983;26272.24522;27739.8886;28072.40411;24404.02758;24858.20313;27564.5691;28583.5209;28461.76641;31519.16475;32834.42157;32503.57896;29208.19819;32749.379;39944.21041;47809.60731;57783.77456;58172.14267;70483.01172;57489.33998;41483.78437;43776.46774;48254.95393;46594.98691;50173.33601;55140.36494;53505.69641;62854.09064;72976.373;75633.86514;69296.31444;60127.93936;70425.40643;76376.95993;82201.29085;85863.14793;98323.48495
Israel;ISR;GDP per capita (current US$);NY.GDP.PCAP.CD;1451.590311;1696.24618;1292.770876;1485.400191;1624.994517;1688.026902;1787.903268;1733.860807;1946.150386;2187.683822;2488.951646;2296.576043;2927.848253;3628.80695;5082.028405;4669.119042;4513.587005;5050.054647;4794.136435;5968.248439;6544.503627;6791.056859;7253.096494;7955.077042;7363.956694;6824.450423;8330.319056;9847.328397;11845.66817;11600.51275;13300.0985;14337.22806;15500.42015;15169.47313;16796.46381;19013.9433;20212.92298;20457.38572;20175.6254;19808.85552;21690.23734;20948.77457;19058.74629;19624.03214;20550.06947;21261.74743;22499.75417;25688.90161;30231.0191;28469.68173;31398.92669;34476.72521;33268.70667;36980.62221;38265.36519;36138.13561;37571.25612;41013.25753;42269.37703;44091.8678;44590.82373;52258.46935;54947.20913;52126.44893;54216.52181;60336.8478
Italy;ITA;GDP per capita (current US$);NY.GDP.PCAP.CD;836.9058503;923.0877838;1030.158003;1171.386963;1271.801193;1357.010616;1458.947139;1595.485781;1718.496464;1886.450027;2111.719864;2310.923761;2677.29373;3212.639496;3629.491823;4116.459649;4042.394825;4614.210049;5623.429176;7006.396991;8476.41045;7640.402413;7573.939676;7850.62789;7757.553748;8009.103476;11341.09399;14267.53682;15780.94951;16424.43016;20873.78341;22007.1351;23297.04603;18781.95294;19382.20022;20712.17987;23122.93372;21883.98727;22365.18376;22049.99906;20190.00356;20570.43859;22451.39644;27577.57003;31348.19018;32062.72383;33537.1287;37826.17546;40828.57956;37099.6134;35856.86255;38432.37428;34854.39494;35701.6746;36028.3494;30639.88298;31391.56929;32844.11566;35062.33642;33812.78872;32091.48666;36852.54254;35653.90421;39279.69978;40429.6224;43308.64031
Jamaica;JAM;GDP per capita (current US$);NY.GDP.PCAP.CD;423.6740982;447.0572737;458.3139978;480.3364997;514.4165113;549.4935604;612.2103637;633.2596806;591.0458172;642.1334211;747.9093992;808.8665061;970.8029064;971.8025132;1192.985694;1416.775468;1449.977882;1569.421271;1262.403272;1144.17563;1248.744847;1370.412779;1494.402083;1619.478456;1048.134054;916.8722928;1191.349768;1410.845987;1632.014817;1864.984976;1929.598919;1710.300582;1458.101469;2220.515183;2202.85831;2630.849354;2928.896926;3296.916348;3419.493529;3431.568135;3453.092528;3503.550267;3680.645517;3549.707584;3807.562931;4184.439749;4417.001271;4716.486125;5029.800953;4428.381533;4809.97738;5232.636449;5340.833332;5124.213014;4975.113255;5339.307183;5302.295534;5605.435412;5976.903626;6030.688964;5299.045308;5625.678063;6626.475024;7542.398558;7753.811953;8002.921041
Jordan;JOR;GDP per capita (current US$);NY.GDP.PCAP.CD;;;;;;545.5138617;558.4029811;496.9227462;408.8423528;474.4278871;408.5962575;412.2188188;459.8742441;530.7839966;651.0959485;717.7640973;872.5060194;1038.522301;1248.90326;1518.824513;1750.098011;1885.148422;1928.875896;1939.336545;1871.09075;1797.028771;2200.102782;2216.870452;1965.980318;1260.251865;1148.590055;1109.655646;1286.634736;1289.414543;1367.187218;1415.711516;1410.174242;1435.875938;1532.113804;1544.587506;1570.610029;1632.29454;1706.267444;1775.676256;1940.086413;2087.870793;2342.634596;2506.205995;3669.830127;3845.343881;4139.042832;4363.428002;4593.836097;4739.022536;4610.604603;4441.61896;4366.069996;4449.346181;4533.976584;4557.793347;4411.483218;4581.719672;4754.413622;4906.23543;5073.921036;5347.777314
Japan;JPN;GDP per capita (current US$);NY.GDP.PCAP.CD;519.4151706;621.6862049;698.9812628;791.9247375;921.8805375;1014.658996;1167.69028;1354.291884;1585.980574;1840.947894;2144.986153;2370.27536;3095.275404;4146.531233;4541.993493;4876.471632;5422.259812;6609.093384;9201.915867;9497.014236;9872.35316;10805.99007;9985.924083;10876.32753;11443.46171;12058.14694;17819.34008;21586.92603;26036.8641;25798.00548;26344.72732;30048.14018;32666.50245;37110.61144;40774.44508;44947.47636;39929.71858;36331.03115;32835.11928;37028.7169;39752.9374;34910.1664;33315.91652;35808.68168;38677.57081;38158.67583;36354.42716;36129.95351;40294.20813;41678.17831;45378.13781;49122.07763;49626.68303;41369.19485;39172.84712;35664.64461;40214.96886;39679.86353;40645.47809;41424.86556;41098.9739;41580.73904;35548.26452;35215.00354;33797.10143;35951.04495
Kazakhstan;KAZ;GDP per capita (current US$);NY.GDP.PCAP.CD;;;;;;;;;;;;;;;;;;;;;;;;;;;;;;;1570.008831;1442.424555;1437.598481;1355.134939;1246.83633;1217.791388;1281.391529;1381.635933;1414.592897;1091.547277;1180.044456;1422.273318;1573.552199;1958.020502;2722.474078;3577.35804;5030.134947;6449.439311;8123.547059;6938.011757;8793.0759;11287.14649;12018.79665;13478.45963;12427.70946;10196.12263;7475.566887;8943.084168;9472.485273;9457.126147;8781.507978;9983.601036;11255.33964;12879.42753;14154.6325;14692.13318
Kenya;KEN;GDP per capita (current US$);NY.GDP.PCAP.CD;102.8244175;99.27169571;104.6004559;107.393656;111.3005448;106.8656013;119.8334764;121.9021421;128.6546469;133.3107931;141.039391;150.8529791;172.6420448;198.5780839;227.2334421;241.2244261;248.9351082;311.4862529;355.1419822;403.2420798;453.5589734;412.8837042;373.7948357;335.0371517;334.4028358;319.503611;363.7451178;386.63093;391.2387712;374.4891937;374.4589929;344.7226421;336.6813998;228.9980328;276.447872;340.0648422;440.5270789;466.7238146;487.8832399;433.7212357;414.6263651;410.7004525;402.9363856;442.8984573;463.6627813;523.4563124;699.8023706;840.2014395;915.5443547;1047.967832;1091.518731;1096.144998;1285.005362;1370.878852;1482.815663;1489.119598;1554.126103;1667.484472;1836.452755;1960.408089;1927.66459;2061.356221;2109.562885;1942.588028;2133.461934;2362.860912
Kyrgyz Republic;KGZ;GDP per capita (current US$);NY.GDP.PCAP.CD;;;;;;;;;;;;;;;;;;;;;;;;;;;;;;;605.798145;569.548584;512.7667411;448.5541909;372.4817599;364.2503653;394.8568796;376.4279301;345.1370461;258.0480559;279.6217385;308.4112955;321.7267754;380.5058288;433.2338733;476.5481936;543.1135125;721.7715775;966.3885694;870.1988945;876.9544764;1117.401744;1168.622447;1269.663035;1264.526688;1105.651938;1103.274894;1221.390468;1283.520304;1421.999275;1229.517666;1349.997307;1739.720183;2138.222102;2514.810669;3080.968938
Cambodia;KHM;GDP per capita (current US$);NY.GDP.PCAP.CD;;;;;;;;;;;;;;;;113.8257892;128.8277773;126.3571175;147.1015734;142.2216171;143.154318;154.2538412;159.206634;166.6531993;174.7058371;182.4468523;185.7599978;158.1243754;244.1095775;191.2974924;190.18147;267.3363067;307.0949224;294.0593727;302.1307855;343.4852247;324.655871;297.5904196;258.7809532;286.7535964;296.4266875;327.5009843;350.1472766;386.6911239;444.1990675;525.7973251;612.2526486;731.6922951;866.2839998;875.7489362;952.2746163;1088.981528;1192.80263;1305.660097;1431.563965;1547.320104;1675.195557;1826.353917;2036.673776;2225.877055;2081.739142;2167.403242;2325.0305;2429.748535;2627.879698;2872.429266
Kiribati;KIR;GDP per capita (current US$);NY.GDP.PCAP.CD;;;;;;;;;;;201.0237747;210.6685941;256.1870001;421.6269971;1131.290751;730.4417926;548.0756417;519.9438947;610.7838526;572.794606;542.2535996;567.7224971;518.6224958;483.1078211;527.2914552;392.9050654;381.9187586;423.8224733;535.9151346;514.6529482;488.0675279;540.1258611;791.9961011;747.7530208;837.9717062;844.4296059;985.8859414;953.1629984;874.4843491;887.4960195;845.3672402;718.8337871;810.1087004;1020.500339;1083.268899;1161.783417;1123.19259;1352.57814;1410.622469;1316.627539;1522.100687;1771.129268;1843.553363;1772.087183;1736.705357;1639.852747;1742.667993;1854.332692;1915.560026;1750.240403;1751.871995;2223.541479;2078.764875;2200.689186;2550.983772;2558.66636
St. Kitts and Nevis;KNA;GDP per capita (current US$);NY.GDP.PCAP.CD;221.5845861;225.5991276;230.2865411;240.1396166;256.4047152;265.8231941;289.9731087;344.4571187;309.0274103;346.5920273;365.4216921;443.9385253;521.0830313;551.4133632;720.5372058;765.1253337;692.1393288;1026.253432;1143.840001;1367.339966;1597.648991;1894.442102;2022.529442;2052.111165;2341.407729;2650.986469;3140.112095;3573.284032;4205.654683;4723.453519;5373.44824;5464.610257;5947.121136;6395.314377;7065.28292;7406.444861;7788.428399;8626.722575;8710.789841;9116.28628;9319.655451;10022.59192;10453.65871;10175.62954;10944.61837;11783.78672;13837.84953;14757.95798;16604.94486;16503.41193;16622.94579;17832.45729;17532.0559;18580.13019;20219.39542;20328.80035;21387.54155;22464.98996;22901.38164;23595.49232;18859.01904;18361.14497;21011.57442;22576.92484;23960.65344;25223.02576
Korea, Rep.;KOR;GDP per capita (current US$);NY.GDP.PCAP.CD;158.8441508;94.20459387;106.6239157;147.0079048;124.2413674;109.4292765;134.4313838;162.4599077;199.982135;245.4943852;281.7856314;304.2711187;328.0214115;412.4992625;572.4886918;627.1422443;847.2057379;1072.851882;1428.88715;1813.914217;1745.576621;1918.417796;2032.258178;2245.560094;2468.686673;2542.88419;2910.829081;3657.717734;4888.685092;5989.210947;6812.901942;7872.650524;8387.163083;9179.968725;10733.98889;13001.72059;13864.93765;12821.68933;8583.435575;11062.50193;12710.29958;11981.48282;13642.94245;15211.54838;17121.63016;20167.04749;22609.70594;25078.4854;22252.31251;19937.30291;24071.26205;26175.23986;26600.54774;28449.35911;30667.09125;30171.79065;30832.06281;33296.98454;35363.95082;33826.94433;33645.77195;37518.46353;34822.40484;35674.096;36238.63991;36226.96636
Kuwait;KWT;GDP per capita (current US$);NY.GDP.PCAP.CD;;;4748.392844;4444.523086;4378.784298;4023.990378;4176.110382;3887.34562;3871.945592;3694.964978;3551.587107;4485.608427;4835.691046;5532.43234;12526.60317;10881.72164;11141.19814;11237.79672;11567.06537;17385.89429;19031.90519;15825.19192;12978.895;11965.33905;11918.61689;11321.66355;9076.708852;10895.65003;9692.347546;10964.69291;10937.54153;8147.108073;12146.19506;14317.72094;14929.74411;16168.1656;18201.09586;16977.38956;14066.95096;15853.62644;19296.34717;17374.23187;18512.7523;22690.65518;27552.28274;36122.61427;42946.63741;45709.41329;55585.18893;37907.10013;39212.25222;49169.60638;52155.22258;49651.04393;44368.78135;29882.21265;27323.68907;29047.65361;32067.96238;31707.87374;25236.07558;34018.63426;39981.7691;34091.97148;32855.72097;32312.312
Latin America & Caribbean (excluding high income);LAC;GDP per capita (current US$);NY.GDP.PCAP.CD;346.536269;371.073436;375.2055427;400.5431102;433.4570064;455.053841;487.232784;483.7785416;507.4067503;550.1210436;584.4902637;631.8952509;698.2400169;906.0797485;1175.516506;1235.051714;1317.614289;1402.340549;1645.832019;1784.065235;2109.804265;2365.716691;2152.991854;1842.820639;1900.587589;1838.963107;1819.205648;1906.994269;2053.80828;2228.260936;2423.829863;2561.220138;2735.869528;3211.208786;3703.522105;3913.749451;4173.977477;4501.26563;4475.198666;3943.314665;4315.316864;4163.091411;3657.851964;3662.999261;4155.659495;4984.727837;5770.602908;6758.189675;7812.589763;7221.643575;8899.090669;10025.17491;9967.793763;9901.44144;9758.391724;8087.332423;7751.593369;8568.05689;8231.914287;8006.022241;6651.158221;7694.611369;8838.671695;9891.46328;10065.50291;10407.4818
Lao PDR;LAO;GDP per capita (current US$);NY.GDP.PCAP.CD;;;;;;;;;;;;;;;;;;;;;;;;;483.0177817;632.8010983;461.9115524;274.7295853;147.0709429;170.3772968;200.7349055;231.8062275;247.3452862;283.4005733;320.968129;357.7581622;371.3418792;339.0931924;243.9239625;272.325307;318.7498522;320.3160054;313.3508171;355.0972162;409.2962983;466.061507;579.3919474;697.3230137;885.7473761;935.0323728;1125.916102;1361.547044;1563.565077;1812.517744;1981.039109;2121.013391;2303.22156;2432.430595;2545.107542;2589.32081;2583.777307;2526.05105;2046.404403;2066.949798;2123.979094;2324.763531
Lebanon;LBN;GDP per capita (current US$);NY.GDP.PCAP.CD;;;;;;;;;;;;;;;;;;;;;;;;;;;;;959.1539019;771.0011212;789.5263385;1278.421257;1559.381006;2078.638642;2467.769427;2958.74264;3393.050907;3834.059079;4124.855279;4086.938728;3986.835139;4009.559298;4290.852838;4437.715885;4600.683714;4602.198046;4635.251412;5125.2581;5912.045328;7090.854939;7625.810516;7834.962571;8406.984056;8162.379294;7577.64133;7714.11;8089.012088;8608.21085;9174.536662;8905.880055;5561.19167;4045.373911;3654.358455;3477.724898;4473.271344;
Liberia;LBR;GDP per capita (current US$);NY.GDP.PCAP.CD;167.1714982;157.5046865;160.280325;163.1312662;173.9264903;177.5624324;184.5836892;192.150747;198.6471048;214.7179116;220.2938481;227.0782014;238.6109797;244.3617279;299.4136607;345.6489356;347.4984567;381.0891049;394.4680783;434.6997645;443.0271717;426.0549398;422.4461425;390.7597267;390.407958;379.951476;364.2886692;409.2159401;424.3257193;312.2892554;172.8676101;177.8670066;107.8428014;74.42720286;61.49043131;62.14381406;71.40652487;122.6279937;134.6753934;156.5731669;298.4853406;300.4638286;299.5364455;239.7795567;284.140224;287.4873334;320.5580862;374.2113081;451.7138563;448.386367;492.252808;568.0878655;638.3687515;710.7445709;706.7144901;692.5900824;714.6130631;699.2690957;692.2031271;658.1641808;616.787867;667.9661051;744.6171752;799.1944702;851.4977239;915.3289726
Libya;LBY;GDP per capita (current US$);NY.GDP.PCAP.CD;269.0380731;285.3415809;382.0845057;527.8619395;764.8983894;1000.534741;1250.600188;1436.618033;1971.866325;2174.950457;2209.581176;2442.582808;2829.801452;3727.385499;6213.500275;5720.626911;7017.743407;7783.460091;7251.837542;9442.759333;11959.52227;10044.041;9063.698513;8927.364428;7811.069373;8087.363068;6018.913452;6464.73284;5736.28244;5792.579163;6502.278866;7039.83392;7302.689087;6477.870358;5933.291214;5205.257064;5591.020275;6061.81366;5301.083548;6894.518755;7214.100404;6312.800305;3718.294347;4674.099432;5773.763332;8079.249573;10048.84804;11144.94484;13906.14078;9551.054039;11600.90686;7593.839153;14975.89028;11951.71341;8926.420746;7458.489178;7525.802993;9965.832367;11196.58548;9963.194891;6650.338106;4935.827873;5986.636949;6026.515187;6569.164087;6448.824151
St. Lucia;LCA;GDP per capita (current US$);NY.GDP.PCAP.CD;;;;;;;;;;;;;;;;;;;;;1428.203289;1604.777284;1489.461384;1575.741635;1979.12504;2202.281254;2590.693315;2818.914751;3182.441701;3565.010158;4204.571619;4398.679069;4759.838678;4764.724648;4892.067336;5147.92024;5244.016651;5282.370114;5672.513738;5882.83399;5879.561914;5570.452471;5567.894284;6058.606221;6494.600349;6863.436419;7611.178567;7964.382115;8516.960755;8250.521807;8673.687203;9128.99442;9260.300066;9577.217338;10044.82184;10334.98608;10638.12694;11333.11238;11642.69847;11764.3944;8537.114955;10481.1234;12976.14897;13616.63976;14493.65847;14745.81843
Latin America & Caribbean;LCN;GDP per capita (current US$);NY.GDP.PCAP.CD;362.3512536;390.2003421;398.8459351;421.7189077;455.9873137;476.9580805;511.3970551;508.2199714;531.647637;579.0387449;616.2822483;670.8181975;736.5969335;956.596604;1210.287513;1239.540202;1328.455651;1426.210616;1668.776539;1830.953513;2177.728856;2434.064694;2191.991762;1893.263879;1950.313166;1888.886827;1874.468105;1972.150721;2121.45481;2298.34871;2498.309349;2648.101584;2841.128268;3303.336616;3793.921689;4035.547353;4294.365118;4634.237327;4618.205135;4110.681995;4472.584111;4326.639921;3839.196148;3862.137496;4385.898306;5229.898986;6047.733929;7035.799563;8077.965319;7495.059656;9183.552483;10334.03652;10328.64957;10305.4184;10146.1465;8546.917902;8241.511691;9065.823902;8778.556738;8539.959407;7169.392359;8292.152102;9412.059246;10507.61388;10705.10678;11095.21765
Least developed countries: UN classification;LDC;GDP per capita (current US$);NY.GDP.PCAP.CD;114.6053233;116.9978432;123.6327115;138.5631455;122.6921047;134.599123;143.0177704;141.6919897;147.3639645;158.8484103;149.895642;153.8612296;155.4050715;184.2372563;223.5172875;262.4786102;236.0365091;253.7368423;291.319025;311.0564178;336.8553257;336.8569307;331.824482;319.0249091;315.5833251;335.8357594;284.9981785;295.369547;316.1279741;330.8353932;370.9541813;392.2919389;302.2721403;304.1983414;290.3524465;290.0531309;298.0771124;302.9535114;299.8176126;300.9445748;333.5410413;314.1184951;338.1011213;373.8578951;420.0340565;487.4775319;552.9979309;648.8733626;778.9544866;751.9650804;831.8438407;925.4761172;947.8521673;1007.414297;1056.976731;983.4149344;968.1233306;1037.255148;1082.350705;1106.286641;1089.462609;1175.423214;1298.293382;1258.156903;1299.443689;1361.99182
Low income;LIC;GDP per capita (current US$);NY.GDP.PCAP.CD;107.1535567;106.0311715;115.7417155;140.6456155;111.139805;126.1338595;129.8181252;122.1634903;128.8615305;143.8942827;145.015474;156.132077;169.4880779;196.3846955;235.1189712;265.5812004;273.1692303;307.4787614;345.9737735;357.3594171;388.4679041;390.9669583;385.5602127;365.28449;348.3163128;327.7829499;333.8942972;341.8811376;358.2364908;376.7875226;449.9347595;491.3907389;330.4942693;346.4671641;314.9475398;282.5426857;265.267481;274.7122773;270.2117212;264.1760509;317.4617779;291.6028961;312.0330461;337.3232177;383.8408533;453.224272;513.5809154;607.2562085;712.2539355;682.9193049;736.8371029;774.5104921;715.2657214;719.0335698;749.4076698;714.8364503;633.7773555;644.8523087;661.1472909;671.1171395;645.1385711;694.08788;778.9150657;765.649166;808.5005646;837.3606346
Liechtenstein;LIE;GDP per capita (current US$);NY.GDP.PCAP.CD;;;;;;;;;;;4262.032206;4856.009043;5645.232664;7282.37356;8271.735315;10332.51287;11326.34884;12416.8693;17456.93095;19674.41268;20958.73953;19929.41028;19885.61266;19814.85385;18898.36787;19684.26269;28612.8865;38206.22695;41568.54412;39551.6404;49457.56093;50811.74645;55057.11106;55604.548;63935.99024;78909.70434;80688.71825;73590.86203;78302.99059;82682.28488;76087.91111;75067.80017;79795.17859;90108.36736;100280.8314;105295.057;114167.9392;130492.5953;143249.2273;126024.7146;141089.8128;158066.3694;148842.0351;172823.6078;178735.153;167187.1573;165375.4914;170547.0923;174988.7751;166907.8393;164671.0936;201944.8303;188055.0032;206780.5904;220167.2255;
Sri Lanka;LKA;GDP per capita (current US$);NY.GDP.PCAP.CD;145.9287013;145.9009451;141.3831978;119.3523324;122.941809;155.5669848;156.6060322;162.2948231;153.4876475;163.6065799;186.9007918;188.7608022;199.3828929;220.1702392;268.650905;279.8215826;260.301495;292.1489925;190.9964646;230.7750694;271.0552901;292.4513598;311.9578789;335.8231517;391.3696176;384.6115377;407.1646005;419.8244094;434.0155528;430.0238897;491.2136862;546.2925156;579.6551176;607.2318471;678.268012;741.8382553;776.1923711;827.0357561;847.5335778;829.3563795;860.1998843;803.5440266;834.9360149;946.3822551;1028.620681;1207.219948;1388.897391;1578.634511;1973.584769;2026.6594;2808.362452;3224.957451;3327.776124;3739.431823;3972.04377;4057.715827;4149.191894;4398.888288;4358.560959;4081.947722;3847.601367;3996.962405;3342.636504;3815.415318;4545.360069;5002.079044
Lower middle income;LMC;GDP per capita (current US$);NY.GDP.PCAP.CD;108.2755862;112.3266074;116.7336218;126.246512;135.4675438;140.7109869;124.9586118;130.1290629;134.9283714;144.8770696;156.6952089;160.0119428;166.7531998;191.3632213;234.4165133;249.6772513;258.5217136;283.6339167;311.6596263;353.1545653;420.9801208;507.8261622;490.6560843;456.837724;422.9465844;441.5388953;422.4419937;431.0804048;447.3250934;426.801274;454.9638694;424.4852985;431.6707186;423.0569974;456.9663064;536.7496588;589.9116332;614.2453307;627.2228026;562.2904343;591.6158736;590.2562417;592.9159889;654.7951048;750.4563498;854.6346296;988.7971293;1194.21832;1311.625326;1349.050818;1586.514686;1685.540766;1756.270929;1766.557597;1855.452117;1780.688537;1817.032116;1943.048622;1986.837026;2116.20507;1996.976955;2251.144601;2347.993298;2319.954815;2354.154176;2481.427518
Low & middle income;LMY;GDP per capita (current US$);NY.GDP.PCAP.CD;130.4457262;130.46613;130.2412645;140.7377862;152.5713182;164.1007464;166.0512396;166.4211587;172.2019092;187.4363039;199.6001687;209.6002315;229.6096606;285.4383808;356.497839;385.0282057;406.1517838;446.9323372;485.6389513;552.1176184;639.2963376;700.9928919;677.1384536;642.9979325;643.8372027;654.9024154;654.0696667;657.0372222;688.7737857;717.8980214;806.1564022;771.0685088;794.1243906;841.8523629;924.7317858;1055.303664;1148.122543;1200.562415;1160.836099;1101.633384;1181.587009;1166.628491;1165.8188;1282.067511;1485.190218;1731.578586;2012.452926;2438.533897;2864.715133;2835.653261;3399.250913;3921.45367;4118.306124;4290.613233;4422.777374;4223.777429;4211.547023;4543.086893;4773.035742;4857.124715;4646.472091;5422.11312;5626.696238;5733.515845;5874.030804;6107.261694
Lesotho;LSO;GDP per capita (current US$);NY.GDP.PCAP.CD;46.95178027;47.04646363;53.54212544;58.40769579;62.62076472;64.25549772;64.29516518;64.83932539;64.80925153;67.09503603;67.44019758;72.40764462;73.95661898;106.9912923;128.6666182;123.2313752;117.8250777;149.8604603;200.8454135;212.3709384;306.815566;299.8393268;233.9398924;252.0177481;210.9984954;165.3739219;191.3757582;236.4510326;270.3671201;279.0352525;329.5637852;382.2912477;443.6242972;439.3654107;455.5935862;513.4134488;479.6713946;501.9813889;464.6837455;455.6500544;442.7795458;412.6774737;388.9233499;583.2700362;766.6858209;861.3814964;925.4674855;861.1884209;898.4825179;878.8479505;1119.475578;1280.733909;1217.930712;1151.037358;1173.537793;1121.198513;992.4918407;1069.366732;1170.655697;1082.057068;918.5825747;1066.586451;1030.125829;921.4351416;1023.042277;1088.962762
Late-demographic dividend;LTE;GDP per capita (current US$);NY.GDP.PCAP.CD;168.3237074;156.1466822;157.0313262;167.4344261;179.6197039;196.8955822;214.1036047;210.3233956;209.1534711;227.7386368;252.9689206;274.9119998;309.6271691;394.0506192;464.4574275;503.9694765;534.7786557;611.2622139;626.8747091;735.5992733;831.8394528;859.6562795;854.1114673;779.0236775;801.8099075;854.1826755;894.2659312;929.691896;998.906796;1049.346869;1067.649694;1059.68825;1067.839628;1099.458418;1262.70485;1548.574733;1691.026;1754.32009;1675.38148;1535.055363;1673.000807;1717.762677;1809.490315;2048.655413;2447.193757;2933.481268;3519.25786;4409.305453;5453.262925;5245.342889;6277.14834;7598.757006;8073.209255;8644.257599;8923.257193;8331.63289;8297.336287;9138.441514;9966.87581;10120.46637;9874.068055;11760.08972;12287.45661;12427.24971;12874.64364;13677.32317
Lithuania;LTU;GDP per capita (current US$);NY.GDP.PCAP.CD;;;;;;;;;;;;;;;;;;;;;;;;;;;;;;;;;;;;2182.691569;2340.67546;2844.162868;3180.644986;3127.511767;3300.636349;3532.527874;4148.130915;5507.474342;6734.574871;7857.031488;9210.101182;12295.12128;14955.53455;11854.37111;11829.12261;14261.84338;14288.18535;15636.52526;16446.16472;14269.80399;14934.27028;16800.15102;19247.23154;19608.79439;20428.64782;23882.86689;24946.5724;27983.36583;29603.77726;32958.67064
Luxembourg;LUX;GDP per capita (current US$);NY.GDP.PCAP.CD;2261.177418;2241.360032;2331.556858;2461.901124;2779.184397;2803.853046;2925.222047;2934.528321;3202.505949;3690.171826;4298.033897;4435.398008;5486.720628;7447.213018;8966.728959;8701.304731;9490.690312;10486.33579;13034.38821;15204.33082;16531.1149;13837.12998;12590.9768;12374.03042;12126.9392;12481.96584;18149.86925;22443.43146;25219.35428;26618.06958;33465.47821;35747.3378;39570.86157;40066.72425;43933.23544;51032.34964;50444.35912;46641.64088;47445.38631;50872.44927;48659.6391;48440.18056;53005.7318;65689.32145;76544.91709;80988.20449;90788.81643;107475.3203;120422.1379;109419.747;110885.9914;119025.0572;112584.6763;120000.1407;123678.7069;105462.0126;106899.2935;110193.2138;116926.7596;112696.6491;116860.0282;134965.8154;123719.6589;133230.6192;137781.6817;147252.1791
Latvia;LVA;GDP per capita (current US$);NY.GDP.PCAP.CD;;;;;;;;;;;;;;;;;;;;;;;;;;;;;;;;;;;;2256.773604;2360.171482;2609.893087;2893.799987;3063.897946;3278.178964;3504.618295;4003.609358;4914.579928;6109.732652;7283.787381;9211.737447;13370.97895;15677.60809;11996.03227;11188.41917;12902.57405;13329.34999;14484.47153;15185.81458;13321.97531;13838.52668;15132.49583;17252.17104;17294.97516;17564.23215;20261.88878;20221.10369;22710.26375;23578.96636;26311.97307
Macao SAR, China;MAC;GDP per capita (current US$);NY.GDP.PCAP.CD;;;;;;;;;;;;;;;;;;;;;;;4486.541209;4207.253008;4611.494974;4701.664342;5175.156461;6380.07114;7242.91716;8322.563802;9692.435388;10707.37868;13249.83874;14754.18259;15905.26154;17215.11785;17289.5518;17415.69828;16094.99138;15318.60068;15731.40816;15810.72277;16814.99264;18589.89983;23407.19937;25681.21673;29813.78772;35400.23347;38888.5118;40354.28103;52596.22502;67046.72843;76058.0225;87107.83131;88355.31818;69902.96057;68911.67559;77570.98762;83588.2875;81882.69645;36883.66526;44884.89616;36806.89126;67216.36311;72004.7437;75901.74613
St. Martin (French part);MAF;GDP per capita (current US$);NY.GDP.PCAP.CD;;;;;;;;;;;;;;;;;;;;;;;;;;;;;;;;;;;;;;;;;;;;;;;;;;;;20930.58212;;;20638.77059;;;;;19033.06496;;21668.37765;;;;
Morocco;MAR;GDP per capita (current US$);NY.GDP.PCAP.CD;174.7841339;169.3184357;193.6478119;210.6356506;216.2630463;221.9676971;210.8244324;217.304306;227.1208649;246.7996521;260.2651367;279.1672363;317.0740662;380.5278015;456.5925293;521.8389282;543.3684692;610.7503662;712.8796387;834.8121338;1109.882202;884.4432373;856.5697632;766.5296021;681.909729;673.2900391;855.1693115;937.4571533;1086.035278;1091.276245;1229.071045;1292.233765;1327.029541;1226.430542;1358.794434;1466.788208;1596.832397;1426.301147;1668.497559;1635.656738;1499.107422;1506.245239;1596.02063;1941.872559;2183.55542;2242.988281;2438.126465;2755.585938;3183.200439;3119.588623;3067.985352;3301.98877;3164.177246;3379.743164;3435.406982;3146.247803;3140.855469;3296.526611;3501.697998;3508.097656;3268.030273;3785.936279;3463.137695;3813.726074;4153.194336;4672.468262
Monaco;MCO;GDP per capita (current US$);NY.GDP.PCAP.CD;;;;;;;;;;;12098.20188;13334.39984;16187.43065;20882.02135;22347.89991;27920.7436;28396.3794;30875.47643;37607.78869;44989.96532;50813.93423;44157.42674;41479.49844;39075.83564;36582.3672;37689.86486;52082.45088;62456.07088;67180.57637;66815.71045;81734.8665;80997.25209;88614.92637;82685.45593;86703.81305;99032.23751;98561.01374;88581.70447;90947.20512;89698.19244;81789.01451;82402.77464;90051.44631;111110.4605;125160.2829;130538.7114;143083.5094;184558.4554;204263.8932;169150.3376;161853.9227;179364.0095;165444.6258;184940.6337;195693.5195;170437.0211;173604.6697;170663.4701;188298.3897;193746.7299;176891.8063;223823.3272;226052.0607;256799.9112;288001.5749;
Moldova;MDA;GDP per capita (current US$);NY.GDP.PCAP.CD;;;;;;;;;;;;;;;;;;;;;;;;;;;;;;;1206.502087;1037.899503;778.0176674;796.9893888;573.7986472;593.593177;575.1454551;657.2921346;578.7346276;399.4998186;440.538684;507.4040763;570.7998662;682.319096;897.1784947;1034.391977;1183.024814;1531.216186;2110.553054;1898.439757;2436.799351;2941.362241;3044.808432;3321.043978;3289.957586;2749.551371;2847.087948;3453.267277;4156.44982;4405.334182;4375.778893;5274.605822;5744.296184;6799.585946;7578.902163;8621.717216
Madagascar;MDG;GDP per capita (current US$);NY.GDP.PCAP.CD;131.6920183;133.2712329;137.3080073;137.4335635;141.5346691;143.245722;150.6900807;155.8606884;163.5884853;162.9047526;166.6455442;174.6295941;189.640262;226.8182557;255.3366381;294.9929058;273.5226782;286.896321;314.9832412;396.3987119;577.592701;512.91393;500.642607;476.1186713;385.408181;364.4691019;404.9592714;290.8315311;280.5283984;271.3061833;326.0992532;262.0244024;290.2120464;307.8876031;258.7238064;273.1496539;339.8772837;284.371844;284.1929231;267.360531;280.2829056;319.2832782;304.9417774;352.6200958;272.2007486;305.8120749;324.1468749;419.5480014;512.5798001;446.3152384;450.0093916;506.1636916;493.5111629;515.3015894;505.6849225;445.3200695;453.9707145;491.8668487;500.4571855;499.8188376;450.7716152;483.4694634;504.059107;514.0640766;550.3787553;599.2652943
Maldives;MDV;GDP per capita (current US$);NY.GDP.PCAP.CD;;;;;;;;;;;156.8592369;169.7674186;192.2388486;228.6890272;281.4846324;171.4251219;151.8350592;137.2591898;156.0531839;240.2305094;257.6126196;264.1475176;274.8265686;322.840579;594.4882469;668.8301351;720.4522011;692.4598389;799.0825017;870.3783182;956.7630198;1054.334138;1194.232524;1316.614549;1419.392765;1554.609428;1716.742818;1898.43225;1980.384484;2124.060075;2213.812351;3033.932345;3076.070072;3548.576701;4070.260946;3796.515465;5018.943354;5758.102869;6757.432809;6734.031656;7173.596018;7424.520411;7461.297037;8236.081779;8939.074166;9644.90655;9947.807447;10509.62881;11423.28384;11740.2724;7393.888654;10176.14388;11786.01915;12587.6126;13379.35136;14614.72081
Middle East, North Africa, Afghanistan & Pakistan;MEA;GDP per capita (current US$);NY.GDP.PCAP.CD;183.7641126;191.1824922;185.2907975;198.8447129;215.7465221;230.9250561;241.8178625;255.4210306;282.2649655;304.5723997;334.6632042;370.9767582;425.116995;537.9761117;949.582091;1013.091483;1220.719785;1373.837245;1415.934048;1784.956092;2223.880825;2219.599822;2156.081683;2113.535231;2068.797991;2039.104775;2000.350031;1810.542168;1755.692635;1756.366703;2183.442307;1708.793827;1751.908998;1598.135025;1643.03794;1775.342348;1918.233894;1954.379376;1868.35065;1974.725122;2220.177608;2152.657638;2092.426495;2279.273906;2623.963384;3050.548186;3482.136138;4009.653854;4838.92296;4261.001047;4874.743746;5735.782839;6052.382382;5871.070081;5814.714843;5130.259786;5130.2103;5283.424712;5550.319694;5416.063624;4749.143413;5622.191342;6436.740303;6144.703081;6275.434696;6202.190021
Mexico;MEX;GDP per capita (current US$);NY.GDP.PCAP.CD;355.0751996;373.712217;388.4567024;419.5520663;480.7042144;505.8544195;544.9358542;575.7690375;615.9229121;659.7175069;699.0068455;747.912361;836.5696734;993.0428795;1256.102806;1491.970486;1465.498779;1314.620445;1604.409205;2049.264689;3054.621623;3829.144375;2620.957934;2169.852853;2506.307428;2601.708252;1756.935634;1888.263143;2278.812227;2725.055723;3154.469203;3708.842055;4220.566437;6048.348404;6202.365884;4183.878477;4674.367927;5567.355995;5832.69342;6499.97183;7524.027138;7952.764795;7983.033984;7434.07465;7849.667596;8671.758918;9512.635753;10134.33271;10523.76854;8423.569331;9728.800783;10664.4944;10744.13352;11216.80085;11391.37735;10021.23861;9097.923977;9649.278167;10084.79376;10369.55536;8841.270749;10314.05067;11405.79405;13830.84385;13988.04237;13889.23396
Marshall Islands;MHL;GDP per capita (current US$);NY.GDP.PCAP.CD;;;;;;;;;;;373.2128717;390.1741847;415.7074025;472.2088605;601.5785895;638.1930489;671.8347582;724.2194868;770.9177688;859.0135853;867.9616884;968.860293;1045.543013;1199.304817;1244.870946;1162.019014;1425.164181;1542.642304;1670.281893;1670.215207;1758.40821;1810.634656;1963.072346;2112.012401;2265.069584;2490.987445;2272.844695;2230.753771;2254.160549;2257.920003;2264.791149;2394.345011;2566.067088;2539.330738;2566.08291;2658.652179;2754.269888;2892.28404;2817.605228;2906.63027;3095.45769;3319.398154;3514.265155;3677.906908;3735.239778;3764.344262;4229.809889;4592.834576;4858.120791;5292.339855;5661.967873;6315.311722;6455.660354;6799.392176;7590.284436;8489.057935
Middle income;MIC;GDP per capita (current US$);NY.GDP.PCAP.CD;132.663208;132.7767093;132.0121838;141.7865765;155.998234;167.4249149;169.2945305;170.1173799;175.8978889;191.2630426;204.1408317;214.1639362;234.7068623;292.593706;366.0435199;394.7360168;416.8469204;458.376727;497.5000112;567.7872195;658.9230258;724.522352;699.4638945;664.3847268;666.4388188;679.6316355;678.5229874;681.3672376;714.4635386;744.6891684;834.8671091;794.753759;830.7802006;881.5824175;973.5776501;1117.20867;1219.402224;1276.23621;1234.613627;1172.02688;1255.461747;1242.22844;1240.917595;1366.507452;1585.10628;1849.468838;2152.970922;2613.049072;3073.196186;3047.407892;3664.921623;4240.03549;4467.325496;4661.497408;4808.99654;4597.60475;4598.015565;4970.75306;5231.931487;5333.00945;5110.0373;5980.000504;6209.927273;6342.846607;6507.457272;6778.797733
North Macedonia;MKD;GDP per capita (current US$);NY.GDP.PCAP.CD;;;;;;;;;;;;;;;;;;;;;;;;;;;;;;;2277.303723;2402.135177;1198.928298;1336.647756;1786.354883;2355.247054;2306.53367;1959.560738;1875.816627;1915.392811;1861.898998;1823.022677;1989.135373;2445.362864;2818.581456;3120.984014;3440.441106;4204.113288;5026.420299;4799.787228;4833.365868;5416.866729;5049.826539;5626.261157;5925.385922;5262.686719;5598.486226;5955.297386;6713.989254;6718.858266;6659.596511;7620.80297;7606.237525;8674.358463;9291.856604;10489.92554
Mali;MLI;GDP per capita (current US$);NY.GDP.PCAP.CD;;;;;;;;45.98544487;56.51375305;55.02268595;57.32078708;61.96646269;75.05210434;85.44408765;80.22522141;121.4975727;134.9275752;148.0526946;169.1233191;216.3207341;359.1205633;290.4786055;213.7739569;186.2760289;169.0677806;190.3774542;250.0139202;280.7232624;307.0193716;313.8713277;353.9032524;381.9935347;385.2786545;372.4122576;266.4553402;331.1931124;359.6620961;320.751523;356.647044;364.4156784;304.6528702;346.2245542;378.1916786;441.9103585;495.0062947;548.7303828;586.9854155;670.853395;767.1948389;787.4825643;797.1515411;938.2929026;872.5060925;901.9209576;947.9150333;838.1198694;872.4685872;924.0575317;996.3792921;971.9493186;953.2429433;1027.273454;976.9141164;1042.442234;1093.252332;1193.27601
Malta;MLT;GDP per capita (current US$);NY.GDP.PCAP.CD;;;;;;;;;;;828.4447259;874.061727;975.720378;1143.666796;1245.31823;1560.105191;1726.559448;2037.864191;2558.734555;3195.514316;3948.265727;3898.36854;3787.916477;3526.913951;3332.820184;3322.308796;4194.534802;5083.801793;5814.447759;6040.840542;7192.389947;7558.759216;8220.334039;7296.351111;8000.345329;9828.323664;10061.85007;9893.188854;10408.11564;10609.11052;10348.48577;10357.70264;11251.20249;13593.97872;15212.1313;15831.34398;16653.60383;19444.17436;22405.64263;21261.54287;21946.60731;23516.97245;22878.30959;25415.55254;27424.56936;25529.66932;26459.06443;30317.26118;33382.28078;32421.90875;31823.422;38078.00643;35658.83183;40932.52388;44023.63411;47906.90001
Myanmar;MMR;GDP per capita (current US$);NY.GDP.PCAP.CD;25.08477572;27.26545412;27.94700397;25.80398444;17.33220062;15.11786323;11.80132167;16.54538054;21.545341;21.51031805;20.72427828;21.12575175;23.29413027;24.79656288;41.40762764;35.16329157;39.16600837;27.86008672;29.2562311;29.21367579;31.24623929;32.81277904;42.95354149;39.29086862;36.32557684;40.38214126;42.41937359;41.14781372;39.92360889;51.3443285;53.12254011;51.24089706;58.88967396;76.21288948;105.3915611;124.1434804;141.8972676;108.0397703;145.9508304;189.4901558;196.6195806;141.5256607;146.5983904;224.2926889;224.5088114;252.6851931;303.4950871;419.3757807;658.4424872;758.4429358;1010.534173;1213.628987;1202.665896;1199.095616;1293.000423;1166.733055;1229.197135;1272.822418;1298.213103;1425.989542;1490.216835;1242.721344;1158.05005;1233.196662;1359.050016;1488.875278
Middle East, North Africa, Afghanistan & Pakistan (excluding high income);MNA;GDP per capita (current US$);NY.GDP.PCAP.CD;144.5287837;146.9720074;145.8316687;156.5106358;170.2706771;183.8326554;191.0993308;204.1770752;223.0017623;241.1910374;263.5070811;290.0715471;320.7327695;384.7875112;575.347026;642.0689516;768.9463244;862.3855049;898.6802644;1084.265721;1276.996631;1208.897175;1310.024472;1390.236978;1407.142056;1465.401889;1527.500872;1297.364159;1221.347869;1191.061952;1555.058275;1024.139924;1022.142746;877.4449788;899.2697933;977.9544736;1058.066079;1077.336231;1075.358597;1137.922328;1247.472336;1226.175136;1168.525316;1263.876062;1463.041409;1657.11019;1883.120724;2237.261907;2658.20563;2515.923569;2821.508666;3237.835631;3417.924808;3153.94011;3079.703989;2808.623344;2869.018131;2865.835156;2815.390177;2701.713253;2415.262545;2760.500312;3022.548143;2872.390085;2963.069137;2829.128839
Montenegro;MNE;GDP per capita (current US$);NY.GDP.PCAP.CD;;;;;;;;;;;;;;;;;;;;;;;;;;;;;;;;;;;;;;1375.326168;1405.816327;1367.902573;1627.065119;1909.598702;2109.306319;2789.954351;3386.380994;3675.988513;4422.551726;5979.438132;7390.014813;6726.675897;6678.639396;7265.517712;6552.479703;7102.777671;7342.171474;6421.000057;6968.012029;7674.285657;8673.594691;8749.256297;7555.48699;9315.864356;10038.18495;12258.16005;13270.18244;14816.83803
Mongolia;MNG;GDP per capita (current US$);NY.GDP.PCAP.CD;;;;;;;;;;;;;;;;;;;;;1235.144225;1325.466805;1429.625518;1490.212976;1119.713885;1137.907647;1469.421764;1493.282381;1543.335555;1683.924329;1220.171277;1098.680174;607.8134247;354.8986131;422.8643494;652.6745628;595.581015;515.2980049;483.8780661;448.6603683;476.0275508;524.4534836;570.2492132;643.1680689;794.154552;994.9001091;1329.891796;1627.687877;2127.426786;1703.327568;2625.218814;3736.042015;4328.890019;4340.143105;4126.239758;3838.92127;3619.900264;3645.967087;4107.642885;4347.546103;4001.251931;4517.61578;4993.514875;5838.631081;6750.630116;7108.227432
Northern Mariana Islands;MNP;GDP per capita (current US$);NY.GDP.PCAP.CD;;;;;;;;;;;;;;;;;;;;;;;;;;;;;;;;;;;;;;;;;;;19227.88942;18938.87284;18924.58319;17015.74879;16314.55786;15914.2193;16430.44619;14369.63398;14771.40375;13598.71661;14013.60033;14632.85189;15945.41761;17665.10075;24225.47417;31225.605;26509.36284;24496.66521;18220.83824;19455.50139;23785.75459;;;
Mozambique;MOZ;GDP per capita (current US$);NY.GDP.PCAP.CD;;;;;;;;;;;;;;;;;;;;;;;;;;;;;;;;288.7080925;205.5852161;205.1898442;196.7631432;191.8260969;244.362651;287.5320915;320.1251217;354.4062457;327.1262398;304.7921386;313.8866617;339.4887378;400.0569732;436.7738562;457.4876478;507.8749239;592.1591112;547.6971442;496.1858394;618.1764929;685.6857482;686.5056725;697.1426804;610.5637747;441.4897348;470.9385631;517.5072603;519.0925509;462.4338765;509.9078295;578.2732222;622.1911332;656.9761486;626.9144192
Mauritania;MRT;GDP per capita (current US$);NY.GDP.PCAP.CD;;188.1584016;188.9951466;188.249348;244.2945997;269.9621658;273.6043627;281.5333774;300.9415295;276.5982677;281.3271759;295.993927;335.2315429;409.7211388;494.2884083;550.6625832;589.2376677;590.2266984;577.7427775;664.383619;710.9189525;728.7965218;710.2188688;725.1745225;649.6811865;593.2196544;677.3633239;745.787179;762.423918;762.2755806;772.0330921;1061.677043;1036.474378;849.6203017;864.5994784;904.7191701;904.1208798;859.2839582;821.2663786;781.3370336;680.9110619;651.8178402;648.8796439;732.0178208;823.5544571;998.9658342;1300.60368;1405.150162;1635.563062;1435.430108;1659.963697;1931.199755;1859.117332;1936.269504;1718.970894;1558.842055;1568.005512;1617.934015;1723.378094;1767.072711;1795.724373;1947.474139;1961.281666;2127.957629;2104.542608;2197.510463
Mauritius;MUS;GDP per capita (current US$);NY.GDP.PCAP.CD;238.2510334;281.6830814;282.3423862;353.1135476;297.2843802;305.4769728;295.9550417;304.1639496;258.7340519;272.7132562;271.338747;299.6048018;373.9965702;467.4802185;762.9407587;754.8332815;787.098226;905.9496387;1102.347537;1292.20143;1187.351571;1180.840709;1101.159205;1103.091246;1041.832524;1068.673593;1441.714528;1839.791096;2073.592388;2103.488027;2539.928465;2705.266482;3013.237063;3013.833138;3240.386247;3648.016496;3951.944946;3695.736688;3641.621426;3745.696251;3981.983432;3908.556949;4073.060531;4858.265755;5460.608002;5354.029743;5784.224919;6677.375386;8140.479836;7426.861373;8113.176707;9324.242323;9421.525141;9877.13866;10490.33156;9630.543784;10095.12256;10986.70341;11818.74806;11568.25334;9135.847738;9177.71196;10246.50175;11269.96845;11990.93554;12991.2936
Malawi;MWI;GDP per capita (current US$);NY.GDP.PCAP.CD;;;;;;;;;;;;;;;;;;;;;287.4708224;276.4070627;253.3426979;252.4420746;239.7482897;216.0541361;217.8701899;207.6058947;229.4218439;252.1959074;286.730599;325.7527311;258.3934309;293.0168831;169.1965269;200.36237;320.6627356;366.9544613;236.0454795;233.9359862;224.2241592;215.4745249;428.2104398;383.3485969;404.6742484;414.361122;440.822149;475.1802617;554.0488204;625.8697299;683.1246947;763.0610004;558.4620883;496.9473683;529.513344;539.6053632;450.5061055;495.7696834;533.2025672;580.8891398;602.5074782;617.4469945;604.2697404;633.214768;522.3653661;671.5068472
Malaysia;MYS;GDP per capita (current US$);NY.GDP.PCAP.CD;240.8474146;232.9437688;238.8363392;291.800007;302.9339523;326.4360074;338.5701215;335.4256306;342.4447634;368.3856555;379.6267643;407.196728;472.3635094;700.728626;847.8068026;810.5709997;940.4377341;1091.708371;1326.887698;1679.877794;1886.123393;1866.102468;1937.749227;2124.292291;2299.808708;2045.574718;1759.731857;1977.129087;2099.954677;2243.602196;2468.690803;2679.201011;3141.43322;3461.995042;3757.652929;4363.144583;4837.168973;4678.563901;3294.309784;3527.815814;4083.528745;3943.799439;4184.031638;4465.321946;4939.248519;5555.5818;6158.407855;7168.930319;8371.821561;7191.432872;8899.345055;10217.10686;10600.57442;10713.64076;11013.31073;9648.679794;9476.534098;9862.548066;10901.802;10920.19176;9957.526267;10903.10375;11754.56783;11386.03956;11874.42737;13124.55542
North America;NAC;GDP per capita (current US$);NY.GDP.PCAP.CD;2933.326121;2985.345095;3148.480345;3276.240573;3473.156587;3722.179138;4035.881854;4223.191671;4570.753889;4902.69125;5130.464967;5506.319957;5999.1629;6642.717478;7209.110567;7775.529504;8615.910364;9403.390835;10427.52354;11518.75425;12441.49041;13820.19328;14247.34799;15341.78525;16808.91734;17838.58254;18625.65944;19679.33709;21180.34724;22652.66305;23653.50201;24094.13069;24974.74056;25772.07244;26931.65093;27897.93461;29112.24514;30518.06616;31691.94312;33320.93811;35151.37419;35831.45447;36652.00712;38395.54973;40788.4854;43368.60191;45741.33132;47727.77338;48398.38337;46581.42004;48545.81132;50252.019;51812.86567;53240.36559;54742.83715;55534.4614;56416.78921;58555.90039;61228.20005;63306.81022;62319.86713;69532.90419;75769.69755;79647.6391;82808.1205;86308.07173
Namibia;NAM;GDP per capita (current US$);NY.GDP.PCAP.CD;;;;;;;;;;;;;;;;;;;;;2467.807655;2266.910406;2097.093409;2214.338631;1830.469206;1466.179244;1599.397857;1969.42365;2062.579976;1966.827028;2037.475894;2116.905525;2346.86243;2154.964737;2355.904457;2483.203534;2423.398291;2459.645118;2235.245155;2177.787334;2156.675905;1915.589266;1772.075655;2569.247393;3403.154962;3685.773;4017.183472;4379.043137;4204.785554;4302.913741;5418.216334;5834.791768;5942.64681;5346.621311;5378.323262;4774.106509;4395.687762;5143.960723;5308.608134;4731.921032;3878.58983;4412.835569;4349.799085;4225.991024;4501.848495;4875.925582
New Caledonia;NCL;GDP per capita (current US$);NY.GDP.PCAP.CD;;;;;;1713.140893;1713.697938;1826.171479;2124.458183;2509.407256;3281.710696;3615.154292;4225.838163;4318.138312;4848.944698;5940.930325;5618.325733;5792.710368;5779.036339;7069.544214;7892.722129;6422.066381;5912.378806;5315.109341;5051.726358;5334.828398;7374.68547;8983.357087;12301.19232;12701.82899;14334.68074;14642.51797;15713.71986;14787.21651;15534.30933;18107.88808;17592.05027;15704.95935;16614.59788;16692.68351;15329.72972;14482.36063;16104.55204;20768.10615;24475.64885;25528.29184;28193.25376;35177.65353;35723.90332;33836.49408;35798.90848;38835.94019;35559.5672;36671.15668;37816.95586;30858.72371;30782.85444;32354.71028;34902.89688;33411.33588;33270.3306;35311.55436;33516.36309;33701.89233;29213.19232;
Niger;NER;GDP per capita (current US$);NY.GDP.PCAP.CD;128.2512014;134.6350943;143.1508241;153.3248826;148.0802691;166.2800559;168.5964855;155.3806205;145.6101459;138.2912098;139.75875;145.2137836;151.4379477;187.8543997;198.2891653;197.232873;194.7895706;229.8084176;306.8280225;354.1697309;408.8227798;343.3868007;309.7950623;268.7725807;211.4688073;202.3727407;259.5618942;295.3262539;292.5878785;271.2665579;423.8874606;384.4431168;384.0296573;335.4295819;206.2146171;237.0199896;239.4945132;220.5629572;246.0908559;228.2716561;194.7719599;205.4179361;225.2943911;265.2253635;283.4682818;318.6431219;333.3450784;387.1680659;475.0449554;461.131534;474.4256923;510.7595618;528.5101045;552.1033344;565.3098973;485.6625742;499.9105201;529.9294189;576.9275364;541.2658199;575.4513403;609.5857037;613.6147364;647.9301085;729.8566642;775.3536221
Nigeria;NGA;GDP per capita (current US$);NY.GDP.PCAP.CD;93.13700904;97.13752811;104.5324955;107.6757414;113.2973457;117.2872268;124.3824402;99.50149066;97.33720813;121.4366633;224.462936;160.4792558;209.4547763;252.3690325;402.8369998;438.0788139;556.3896877;535.9653078;526.8958529;660.9940409;870.3599347;2162.209954;1821.532655;1207.073746;890.4341063;868.6405405;628.2484537;587.9566134;539.5394684;465.4880895;556.3764491;596.9387957;508.5159057;539.5732023;744.8842472;1271.616174;1632.724694;1720.275409;1822.469985;480.6693639;547.3182989;566.4282318;712.1648521;763.3887454;962.4810419;1211.377035;1599.538916;1815.526975;2154.105435;1820.486339;2202.25673;2418.41317;2633.197347;2872.790834;3088.721313;2585.733607;2070.412734;1876.340271;2057.879446;3189.812865;2797.184581;2787.487792;2899.160475;2138.763837;1084.160418;1224.254102
Nicaragua;NIC;GDP per capita (current US$);NY.GDP.PCAP.CD;127.4838121;132.9435072;142.3035236;152.4614983;172.6813563;272.2512632;283.9995933;297.9460659;304.4419653;319.3666503;321.316159;331.451183;341.3807724;412.5274942;556.8661225;561.4596954;632.5737784;744.1853204;690.7412617;495.3665974;659.2971431;739.6716557;713.7778091;779.8527307;861.4286498;724.0564253;760.5905591;992.0240664;662.3081966;249.1554741;242.5083906;349.5143186;411.4733307;394.378074;849.1793314;891.7793523;910.8616459;912.7574298;949.1553735;980.2197447;1017.312443;1051.874236;1014.333904;1021.352167;1098.621187;1183.30214;1248.173716;1350.381458;1523.684371;1467.082881;1526.56707;1679.711921;1784.69836;1835.439964;1958.370476;2074.456206;2131.687048;2182.61381;2035.165494;1958.620515;1938.447048;2138.385739;2322.890696;2609.444911;2847.876395;3173.337248
Netherlands;NLD;GDP per capita (current US$);NY.GDP.PCAP.CD;1156.385977;1254.420283;1342.368272;1436.887261;1668.330861;1848.098015;1986.270244;2154.579697;2364.359419;2646.845818;2931.38078;3383.587156;4110.491646;5353.442652;6450.457702;7346.304748;7937.352467;9180.299185;11195.84249;12817.37902;13812.16001;11537.40269;11088.95432;10696.0775;9991.843777;9940.738436;13804.13606;16734.15141;17770.61624;17423.29616;21322.19448;21764.2145;23939.21735;23156.44044;24682.58667;29301.19405;29063.62365;26744.96013;27924.28181;28318.74665;26225.16977;26955.7128;29446.53309;35896.75046;40611.34144;42165.39617;45123.54324;52100.79963;58246.70269;53172.02616;51305.73385;54701.7728;50473.9442;52602.28605;53457.22349;45793.81354;46808.52915;49513.68173;53955.077;53554.90075;53467.92774;60141.98809;59123.31856;63515.60308;67465.32081;73683.91713
Norway;NOR;GDP per capita (current US$);NY.GDP.PCAP.CD;1444.419499;1563.207843;1670.327895;1778.863285;1941.465118;2168.467973;2321.476216;2518.688809;2667.036114;2880.548232;3290.578779;3721.025267;4394.587923;5664.190421;6783.353389;8170.697767;8895.702265;10230.16082;11421.46993;12998.2916;15707.96838;15462.78345;15177.78739;14876.7584;14943.1399;15704.08499;18822.06449;22430.24883;24111.63106;24184.81261;28137.48373;28427.25242;30328.21092;27792.65992;29129.73509;34658.69483;37072.60003;36324.14735;34515.89772;36151.44916;37991.89076;38458.25309;43048.28874;50208.09602;57854.56982;67358.3616;75047.7417;86600.23876;99001.53007;81939.72655;90020.34226;103545.219;104627.9369;106333.1384;100410.0202;77220.95243;73222.40069;78771.21513;85579.07765;79329.30752;71057.58795;96442.55522;113122.1308;90984.40871;89888.95352;94594.19296
Nepal;NPL;GDP per capita (current US$);NY.GDP.PCAP.CD;50.21252337;51.55448207;54.56560893;46.31466297;45.32075732;65.80506904;79.48417865;72.25560337;64.85924192;64.81791995;69.63348973;69.45407041;78.84291284;73.22668353;89.76374556;113.6056452;102.4703733;95.34335574;108.0994251;121.8682097;125.1143475;142.9168988;146.9766629;146.6329531;151.0781871;149.9004534;159.5456828;162.0369069;187.0847776;184.9754165;185.7946004;195.7166214;165.0295941;172.8052026;187.2581762;197.8430013;198.8219074;211.8348696;205.0752463;208.6466679;223.8302892;240.7951145;238.891403;246.4297066;279.58775;309.0241683;340.4317964;385.4497677;464.8173919;473.0787512;585.278492;785.5186562;788.2029371;803.2695954;821.4552249;875.5436355;877.2564547;1034.283749;1179.198432;1203.142947;1154.215176;1252.750767;1385.91066;1382.383009;1460.28238;1535.877812
Naoero;NRU;GDP per capita (current US$);NY.GDP.PCAP.CD;;;;;;;;;;;2618.534459;2811.214627;3190.585539;3863.940691;5199.264975;5740.199787;5703.203171;5646.335581;5721.313689;5949.562162;6137.681296;6593.906952;6576.83364;5895.702668;5653.961;4858.933517;4568.678877;4484.508146;5011.580315;5722.767422;5775.553474;5333.379549;5102.596859;4310.244333;3920.53973;3932.091094;3678.562429;3661.028467;2908.849865;2682.694867;2648.601529;2232.30874;2084.648245;2463.282591;3040.513499;2992.403828;2910.141458;2272.152913;3756.845312;4410.567647;4735.920005;6444.036421;9842.770327;8974.518869;9230.054403;7747.25585;8748.156326;9656.979766;11413.7463;10801.77057;10709.06881;12748.17012;15309.83454;13602.63721;14048.16396;14639.50469
New Zealand;NZL;GDP per capita (current US$);NY.GDP.PCAP.CD;2334.133721;2364.753839;2471.055009;2646.236529;2839.315547;2170.998098;2211.382224;2208.442138;1902.421824;2096.926467;2311.02762;2772.918597;3294.648943;4323.196535;4610.570426;4171.76974;4373.840998;4950.588205;5936.98526;6668.138666;7467.168038;7813.887543;7656.475732;7598.312039;6713.760131;7600.565242;9427.55394;12330.91683;13759.15563;13312.38559;13663.02162;12230.07345;11793.13924;13094.34545;15280.31278;17400.42018;18794.43604;17474.18703;14738.44557;15322.22383;13641.10272;13882.85683;16874.18749;21913.70817;25420.23488;27751.06547;26654.5932;32479.98174;31324.7398;28276.72554;33761.90096;38425.83;40041.75248;42984.95718;44599.89927;38648.73026;40088.32055;42912.1537;43204.13051;42872.26812;42054.67431;49902.15435;49141.63163;49302.34188;49432.36264;49591.04057
OECD members;OED;GDP per capita (current US$);NY.GDP.PCAP.CD;1312.830656;1381.223134;1473.081625;1564.173252;1688.834437;1811.225297;1958.760098;2068.945197;2218.57104;2417.250129;2619.308992;2864.277201;3289.490721;3938.870774;4371.005296;4847.827177;5203.364533;5814.36561;6936.649605;7930.417471;8724.521793;8805.840971;8594.724487;8812.539541;9138.731201;9545.120967;11484.91454;13198.77956;14765.76937;15313.94138;17087.30942;17918.21406;19096.90698;19229.43448;20388.51837;22337.04373;22357.30154;21847.77433;21811.133;22747.14697;23105.86996;22718.67952;23526.18512;26110.16679;28854.88344;30304.50078;31752.91909;34523.81513;36379.98264;33797.327;35218.2377;37684.31654;37418.28893;37734.76084;38322.72806;35931.92328;36407.37717;37802.84225;39756.75566;39940.83504;38947.56699;43495.50499;44455.83577;47135.61372;48881.81091;51733.71402
Oman;OMN;GDP per capita (current US$);NY.GDP.PCAP.CD;83.38531052;84.53116464;102.3258899;106.829312;108.0597471;108.1272763;113.1588515;174.7084424;300.3823945;371.9456773;386.7927128;441.9353844;523.6757266;669.82953;2203.405913;2691.996535;3142.527178;3204.86973;3043.75121;3933.505109;5974.304346;6865.584828;6759.298703;6714.191259;7070.072958;7548.695884;5181.879803;5203.999941;5279.104114;5591.227238;7545.703052;6977.328592;7317.788158;7038.930159;7068.38997;7414.302792;8068.000768;8234.640638;7219.029324;7915.441694;9753.847552;9611.963602;9869.130502;10463.54258;11800.85074;14434.85779;16930.85651;18792.65377;26576.77924;20655.91802;23570.17981;25188.00742;24642.29788;23458.02338;23160.65023;18808.30779;17110.18975;17820.06618;19901.76156;19180.18642;16784.86306;19403.46002;23223.58294;21027.73846;20285.22728;19947.39662
Other small states;OSS;GDP per capita (current US$);NY.GDP.PCAP.CD;;;;;;;;;;;;;;;;1109.838093;1266.597927;1526.12976;1737.216056;2242.72936;3286.784595;3011.873402;2836.772044;2559.294897;2486.493731;2379.801932;2329.749259;2860.799602;3025.753058;3031.128525;3570.55789;3674.36137;3949.408789;3762.448854;3950.980037;4659.341886;4739.076945;4678.519985;4635.158822;4829.253375;4847.450323;4780.954928;5142.247653;6311.811775;7419.76156;8233.420106;9046.801649;10758.81362;11530.7215;9814.080087;10149.56337;11469.95255;11084.41489;11421.79526;11682.61564;10359.11678;10813.38111;11950.97607;13026.83845;12908.19677;11772.0947;13718.36325;14326.30817;15346.64889;16111.83282;17540.30998
Pakistan;PAK;GDP per capita (current US$);NY.GDP.PCAP.CD;82.02410001;87.7778247;89.50395258;93.65087286;102.4597638;113.5672064;122.2293538;135.1904749;141.5583065;148.528513;166.662062;172.4536622;148.0739763;97.51364259;132.0051566;161.6817749;183.8597334;204.6777626;233.4179916;249.22939;287.4487073;327.50507;344.8897925;311.0983614;327.3456252;317.0634994;313.946324;317.2386742;353.8545428;357.5957961;344.4554738;380.0198433;395.6772086;407.8881407;399.9559276;450.5502793;456.9969618;438.0309427;424.4536978;418.2492571;642.3383465;609.9395069;599.9373457;672.4417867;771.9022473;827.6198612;900.873565;998.0901142;1067.043246;963.7880664;987.3045711;1131.735138;1204.364755;1225.434012;1266.613408;1380.470208;1424.691612;1519.234595;1569.338146;1390.41691;1278.397352;1455.319224;1538.322813;1360.324178;1479.477552;1595.909123
Panama;PAN;GDP per capita (current US$);NY.GDP.PCAP.CD;477.037935;516.4598619;545.5704463;586.6166879;611.100613;651.3313748;688.8469788;744.8909283;778.4766417;830.3197529;892.8908775;979.3302534;1046.063412;1164.327458;1296.447593;1405.748997;1456.500097;1503.265034;1738.487637;1937.981075;2357.09132;2605.455299;2811.406437;2819.351285;2874.948321;2972.180707;3019.481505;2966.009679;2508.782293;2462.110225;2620.138273;2820.545477;3139.899529;3358.414117;3508.195701;3513.897379;3308.184296;3545.976709;3807.838692;3950.34145;3975.093087;3991.776708;4090.586174;4264.664288;4644.565824;5017.741092;5528.767055;6317.817303;7347.590503;7796.92617;8331.464214;9662.295922;11064.80636;12273.3225;13213.19896;14082.65485;14832.36116;15694.62975;16151.32735;16477.90663;13290.56083;15509.80691;17378.60701;18797.19339;19161.21884;19789.73086
Peru;PER;GDP per capita (current US$);NY.GDP.PCAP.CD;252.7967827;276.6414001;304.5378175;324.1074047;380.9654575;438.990797;504.8259485;497.5847563;447.9917972;487.6603186;550.4846094;599.0419676;646.6796867;753.9245812;926.5799505;1104.16133;1026.414385;902.860901;756.3473068;942.1769017;1044.691655;1216.273502;1194.450006;927.2586569;917.8962747;767.4358875;1086.609138;1792.300702;733.2997849;1044.907258;1199.666668;1527.388795;1567.409108;1487.674043;1879.366578;2189.534315;2226.916824;2300.672008;2156.393777;1916.533974;1945.413385;1929.57273;2007.370196;2129.441142;2397.251473;2706.669473;3129.559965;3581.089308;4197.584446;4181.187555;5072.11494;5861.357936;6519.37853;6746.800257;6667.134104;6231.711503;6217.036;6736.166937;6978.491215;7037.008037;6133.325524;6828.534225;7353.745987;7919.046348;8526.296657;9684.411703
Philippines;PHL;GDP per capita (current US$);NY.GDP.PCAP.CD;269.4651465;283.7947412;166.6892214;179.464434;188.1537836;199.7635754;213.849586;223.1247663;242.2320676;261.0908904;200.9216556;217.4290551;230.0976113;283.2285927;379.0681812;400.6388831;448.6200845;502.2342429;565.2674871;666.9563868;766.9694511;821.2932569;832.5362003;723.4304971;665.0423493;633.2110653;600.0028439;649.8128576;722.3437185;791.8643244;803.5725883;804.3233305;916.5156945;918.6429538;1059.983895;1199.841714;1311.092494;1273.276049;982.8659437;1101.43516;1050.792731;969.5306117;1014.908793;1027.230119;1099.63013;1220.460186;1426.146492;1712.655433;1959.292335;1864.450434;2162.913759;2383.918925;2614.616444;2781.279577;2866.838038;2909.85818;2985.19564;3038.12125;3168.510366;3400.789498;3227.579102;3484.385939;3548.069306;3804.082741;3985.294647;4170.723473
Palau;PLW;GDP per capita (current US$);NY.GDP.PCAP.CD;;;;;;;;;;;1017.15702;1080.608385;1144.536165;1221.469806;1328.033341;1463.541051;1616.480394;1781.086148;1971.866158;2188.883116;2422.626844;2638.815836;2838.158421;3049.479471;3360.145385;3728.12953;4143.562037;4616.290289;5145.006145;5741.086852;6402.929615;6824.343538;6552.711239;5891.503787;6329.069767;7038.005234;7788.29727;7944.599072;8047.916217;7629.569864;7798.075106;8239.263868;8340.18965;7862.392861;8393.730291;9367.686153;9737.019439;10155.04708;10471.151;9837.498831;10018.06524;10795.6399;12098.41243;12820.59316;13854.73028;15938.36522;17043.66607;16280.2412;16179.87783;15841.89235;14556.30954;13267.48773;13934.952;15578.34976;18169.07672;19532.35577
Papua New Guinea;PNG;GDP per capita (current US$);NY.GDP.PCAP.CD;115.5304905;119.6563259;124.7345488;128.8741651;139.5186039;153.9372825;171.0545586;188.9720366;202.9377534;225.2882347;257.6472706;279.6697339;326.720237;482.8162524;533.0886518;481.950394;525.4332356;558.0150162;648.4901128;747.8009491;812.9646176;781.4125745;725.6459928;768.6363649;749.6370599;696.5748066;744.9085227;865.4685696;984.993556;934.2464949;826.3171521;941.7077216;1050.707169;1151.283881;1228.243436;998.2299674;1071.041852;989.721551;733.4798601;649.9947197;635.957919;537.8474596;506.3317895;577.4679224;620.5961477;744.48649;1238.182829;1370.753416;1624.793199;1568.831934;1866.868899;2288.375911;2635.087363;2560.77459;2723.175298;2484.59634;2316.394798;2477.76531;2566.368337;2575.772741;2429.611346;2607.9777;3102.294097;2966.06455;2912.491407;3019.530914
Poland;POL;GDP per capita (current US$);NY.GDP.PCAP.CD;;;;;;;;;;;;;;;;;;;;;;;;;;;;;;;1731.209509;2235.541089;2459.020685;2497.130559;2874.831636;3700.959568;4163.511954;4137.008318;4533.535655;4415.500675;4520.641004;5015.2379;5223.45179;5720.813662;6711.727153;8043.923323;9068.855283;11272.52937;14048.56047;11556.30269;12567.73177;13867.66694;13087.42094;13621.90238;14262.28419;12637.52203;12464.0121;13913.34152;15658.21059;15874.52205;16150.93048;18635.51049;18891.21212;22145.26606;25103.56566;28419.57774
Pre-demographic dividend;PRE;GDP per capita (current US$);NY.GDP.PCAP.CD;128.9652952;130.6318836;139.7249633;157.6474058;145.5544588;156.409584;166.7471629;154.672138;162.563528;178.1084577;195.3816986;188.1475604;215.2627432;258.0528825;345.7450532;382.7306556;434.8940082;466.3927898;513.3473218;614.2126848;737.8882228;982.8030808;908.0212098;732.5370984;665.5600401;671.0842967;566.2082144;592.8621508;604.7621844;595.419653;940.4393772;519.2270642;392.8570723;397.880288;401.328292;572.2972123;675.3886777;720.9748418;741.8142958;449.1136106;503.8818656;466.2556768;523.9552618;554.6256596;671.2243568;815.9950322;998.0782393;1174.150158;1424.070369;1253.051475;1422.25839;1597.767042;1687.905594;1797.076208;1849.266506;1526.040992;1318.655783;1341.557108;1452.108114;1682.647775;1497.188726;1594.398049;1769.191472;1559.366159;1372.711535;1470.058031
Puerto Rico (US);PRI;GDP per capita (current US$);NY.GDP.PCAP.CD;717.5148431;777.2150274;854.744805;931.751666;1006.434446;1110.832691;1207.811824;1335.274112;1480.693176;1661.866885;1852.354673;2044.319906;2246.476714;2432.414219;2614.500941;2738.243153;2946.461953;3208.771356;3567.752629;4024.50942;4502.838428;4920.722937;5115.008514;5217.722729;5730.117009;6008.054486;6455.184461;6980.490143;7595.444656;8033.089441;8652.507492;9064.018517;9659.3389;10212.27676;10876.41882;11579.185;12173.16369;12817.64496;14304.40499;15220.99134;16192.12697;18123.1987;18731.45939;19557.12025;20988.99233;21959.3227;22935.94116;23664.88235;24898.33459;25768.72589;26414.88106;27170.07665;27742.02448;28212.04997;28576.0988;29242.04147;29978.08893;30328.47949;30679.91819;31830.5285;31427.1035;32618.87051;35353.56139;36980.76539;39353.22424;40620.15269
Korea, Dem. People's Rep.;PRK;GDP per capita (current US$);NY.GDP.PCAP.CD;;;;;;;;;;;;;;;;;;;;;;;;;;;;;;;;;;;;;;;;;;;;;;;;;;;;;;;;;;;;;;;;;;
Portugal;PRT;GDP per capita (current US$);NY.GDP.PCAP.CD;376.9764303;400.2231621;426.4943363;452.2802916;490.2073859;544.7196199;601.2892223;676.3866699;751.9470856;832.1306821;934.0821561;1064.537713;1302.266268;1747.989041;2000.418246;2127.637507;2173.283934;2267.371003;2457.313216;2755.624618;3368.366669;3245.975214;3079.949566;2735.491066;2522.747476;2705.193002;3861.948433;4803.866095;5623.697;6056.381028;7884.617988;8958.985333;10810.56651;9534.656364;9977.319909;11781.36185;12185.0914;11575.50711;12199.20639;12475.29177;11526.37207;11734.76497;12936.69282;15797.78213;18064.15809;18780.12751;19839.45405;22811.05648;24949.04136;23151.21541;22551.9351;23246.54254;20593.42742;21676.48596;22120.68501;19215.7813;19980.28089;21442.38428;23541.14011;23343.3629;22299.40441;24711.45101;24620.51976;27634.61831;29328.30674;32081.81062
Paraguay;PRY;GDP per capita (current US$);NY.GDP.PCAP.CD;153.3752168;167.0928275;182.8051941;189.8724235;196.9733558;208.7295795;213.9476084;220.9309098;226.8019781;238.2422085;248.9967082;272.0824407;307.6305162;388.7122598;507.8704797;561.5223963;615.8250499;739.8344941;882.9319193;1148.895273;1456.844069;1792.614961;1679.818437;1709.80484;1319.234468;934.9919818;1031.156238;1068.953803;1113.894069;1211.296343;1440.158296;1685.268901;1682.674448;1661.709553;1760.288071;1978.715141;2088.171091;2078.508413;1889.884556;1766.306573;1736.117292;1637.686151;1367.765069;1443.998852;1786.215339;1970.871699;2439.431247;3211.936217;4384.954694;3941.848155;4750.962737;5805.401545;5642.169917;6435.683427;6652.254789;5879.337923;5775.159634;6152.267115;6258.449916;5821.181995;5365.472207;5974.905719;6189.102054;6303.26495;6456.607231;7026.619061
West Bank and Gaza;PSE;GDP per capita (current US$);NY.GDP.PCAP.CD;;;;;;;;;;;;;;;;;;;;;;;;;;;;;;;;;;;1201.581542;1326.562857;1317.466751;1389.164971;1465.046057;1499.492177;1476.17185;1335.553195;1156.217473;1257.69857;1422.190886;1543.701414;1570.1044;1664.245717;2035.202341;2191.781787;2557.075624;2880.798437;3067.438727;3315.297539;3352.112595;3272.154324;3527.613824;3620.360487;3562.330943;3656.858271;3233.568638;3678.635657;3799.95527;3607.416119;3028.254813;3171.108446
Pacific island small states;PSS;GDP per capita (current US$);NY.GDP.PCAP.CD;;;;;;;;;;;358.6873312;395.8100128;460.1838437;604.3209102;804.436169;872.1398319;854.4244606;879.5238056;986.1753035;1162.210121;1299.849473;1314.59553;1265.722566;1185.336571;1219.06038;1145.730229;1222.707075;1173.873104;1188.983908;1219.294708;1343.2772;1404.209771;1519.648249;1573.635256;1818.225091;1947.900732;2060.80458;2035.885661;1728.105476;1857.389305;1686.605682;1637.063491;1695.011479;1997.280541;2270.726572;2490.447836;2586.227762;2817.989694;2989.60481;2666.871952;2899.885731;3338.307937;3493.288312;3630.103943;3891.362562;3761.066736;3898.879619;4147.003686;4295.181823;4185.0759;3632.529072;3646.988628;3941.901284;4199.649481;4528.483646;4719.690178
Post-demographic dividend;PST;GDP per capita (current US$);NY.GDP.PCAP.CD;1372.310336;1444.745602;1544.398881;1642.563886;1774.365188;1908.584308;2067.189828;2188.350584;2351.888235;2567.609748;2792.072809;3065.366263;3527.11854;4229.990121;4686.673818;5211.094412;5614.254224;6302.616473;7544.510585;8605.202491;9456.385501;9504.449583;9402.906137;9704.779409;10086.90324;10565.65574;12855.41924;14825.42153;16610.78632;17235.81033;19207.33801;20121.48083;21440.39169;21469.15442;22868.97758;25219.73061;25204.84406;24572.13705;24512.03293;25625.93166;25965.61981;25583.1763;26549.47165;29606.2954;32722.78578;34268.54129;35873.62184;38925.4515;40986.20325;38399.57664;39869.23542;42699.75819;42453.10562;42757.07055;43482.2906;40960.909;41720.32968;43356.9997;45787.72998;46125.7453;45174.50365;50433.55193;51597.01828;54507.21547;56385.05851;59490.02406
French Polynesia;PYF;GDP per capita (current US$);NY.GDP.PCAP.CD;;;;;;1838.576381;2171.359782;2150.615719;2440.834528;2206.353436;2228.190516;2516.982608;2678.187471;3425.442529;4273.167458;5149.937622;5302.061386;5573.604511;6848.951004;8016.365244;8438.726824;7645.183913;7416.307369;7477.034649;7511.321791;8002.084272;11913.82675;14061.38737;13952.83828;13682.84129;16293.18233;16414.81327;17554.37379;16469.7752;16806.05925;18850.31492;18475.72533;16423.02143;16759.71417;16532.90223;14978.3241;14640.93601;16004.05833;19582.89364;21764.22032;21984.19362;22330.86767;24888.17813;26592.02628;24434.21976;22494.80671;22831.51853;20846.54575;21955.63293;22258.63214;19166.95948;19690.07757;20826.93125;21925.61604;21582.5892;19966.48385;21426.38544;20053.95694;21832.28318;22439.88387;
Qatar;QAT;GDP per capita (current US$);NY.GDP.PCAP.CD;;;;;;;;;;;2593.822963;2951.769415;3482.877836;4905.342651;13539.5588;13013.68381;15710.32081;16057.72527;16757.09825;21776.63818;28407.20066;29543.31065;24431.33155;19668.52622;19749.25023;16815.04264;13213.20943;13718.79088;14682.02131;15242.50689;16721.62108;15133.49694;16280.29359;14769.71882;14764.8767;15822.50928;17124.79261;20522.80145;17665.43994;20233.68468;27535.18294;25870.79919;27226.65935;31602.47087;41035.50084;53949.67641;62582.44531;65954.11464;80781.21139;60785.73516;77387.29364;103261.5103;108470.3788;103697.0084;95840.63101;68985.2947;61253.63755;63279.85569;71039.84906;66841.30135;51683.50544;71751.88313;88701.46335;80195.87465;75685.08658;72524.90664
Romania;ROU;GDP per capita (current US$);NY.GDP.PCAP.CD;;;;;;;;;;;;;;;;;;;;;;;;;;;;1658.758739;1753.192856;1789.644555;1648.48523;1254.312442;1102.103785;1158.056328;1323.032378;1650.049224;1633.010644;1577.33656;1852.554969;1599.906228;1659.929049;1825.192994;2119.855097;2679.40626;3494.990564;4618.003508;5757.531273;8360.337759;10435.15612;8548.454341;8399.537423;9560.675528;8929.953662;9497.674116;10031.77108;8977.017482;9404.540059;10727.9822;12416.13432;12909.6104;13009.15253;14908.04128;15503.46914;18244.41869;20080.20962;22537.95321
Russian Federation;RUS;GDP per capita (current US$);NY.GDP.PCAP.CD;;;;;;;;;;;;;;;;;;;;;;;;;;;;;3778.019775;3429.649902;3494.063232;3490.452393;3098.802734;2930.670166;2662.104004;2665.779785;2643.929199;2737.572021;1834.861816;1330.757202;1771.594116;2100.352539;2377.529541;2975.123047;4102.364746;5323.455078;6920.199707;9101.239258;11635.28418;8562.824219;10674.99023;14305.33203;15401.85156;15941.44824;14055.47266;9277.713867;8663.158203;10658.91309;11211.8877;11447.70117;10108.32715;12425.0293;15625.63281;13986.99512;14961.89746;17546.60938
Rwanda;RWA;GDP per capita (current US$);NY.GDP.PCAP.CD;39.37407281;39.2689715;39.23384405;39.2771772;38.9824483;43.4679672;35.36028609;43.96105056;45.99347171;48.86992832;55.24197214;54.37807604;58.39769552;66.91438715;68.94114989;124.109648;134.3784312;152.7442624;179.8765278;213.7657513;234.3928514;254.5692014;246.3855496;250.5689517;259.9066845;271.578979;297.7259818;319.6436633;343.7813258;334.7419634;345.7734951;253.966902;264.0839145;247.0233185;110.9536683;227.9711478;206.0491142;238.7493714;246.1546733;264.7436868;251.8692639;237.3088462;234.0430168;249.012275;269.5404463;324.0168638;352.0939166;420.7335807;522.2883394;556.9739962;586.5999504;643.3561386;697.7601435;695.397141;715.3680878;725.6914187;721.2585158;751.0490395;772.754983;823.3553041;802.6386869;842.5814929;1007.059893;1061.057882;1059.937093;1123.738746
South Asia;SAS;GDP per capita (current US$);NY.GDP.PCAP.CD;85.19072066;88.53744014;92.4759784;101.6997303;113.9539936;118.7255826;93.50950908;100.490232;103.2576243;111.4604735;116.6401078;121.4576383;121.825771;142.6341923;167.0318565;172.0846707;160.6996744;181.8976148;201.5260918;220.8683288;261.1807959;267.2070519;268.0484263;281.5910512;270.8822492;290.8365616;302.2155685;330.2638036;344.3914074;338.645008;359.9539731;303.8180568;315.5371313;302.9949945;342.7231117;370.5706939;400.095114;415.0027242;413.6763223;437.9820476;440.4679189;446.4189193;462.8988365;532.6615468;606.4780417;686.3381935;769.3787043;967.6979116;958.2755115;1054.435559;1294.027344;1397.006826;1387.182059;1405.840724;1528.492088;1570.541425;1722.907034;1956.067076;1988.366333;2067.059757;1957.203437;2273.720558;2326.728906;2449.857142;2601.822095;2705.282274
Saudi Arabia;SAU;GDP per capita (current US$);NY.GDP.PCAP.CD;717.796629;760.3117403;812.9262477;811.7382747;840.4803715;904.1183341;960.7447767;1031.603603;1275.707094;1312.738657;1509.439612;1929.309103;2474.386832;3640.083612;10503.42808;10265.64144;13312.51199;14595.37399;14914.15427;19611.56513;27205.64523;28703.35586;22454.48432;17809.55275;15541.13122;12745.41993;10078.28961;9385.984695;9165.496153;9413.581194;11054.7495;11847.16995;11730.26877;10884.86079;10601.91967;10786.4009;11471.5046;11545.3456;9836.057298;10452.18994;11714.56237;10805.31133;10586.05435;11487.22041;13154.4979;15975.74738;17563.61454;18596.15026;22320.4889;17718.39116;22028.39014;27126.74987;28733.43755;27865.4656;27805.48503;23256.15496;22267.72171;23929.29071;29360.0659;29566.79338;24338.83073;31920.76537;38510.22762;36156.85625;35527.78618;34536.65555
Sudan;SDN;GDP per capita (current US$);NY.GDP.PCAP.CD;99.71311951;105.3131027;111.2134552;109.939209;109.6500778;110.8893738;110.5025711;116.2410355;117.8249359;125.9848862;139.0384827;146.9316101;154.5115814;184.5242004;228.787323;269.6528931;325.1856079;392.3993835;410.0720825;408.8996277;418.3487854;483.8025818;378.9453735;346.2216492;429.9933777;326.402771;400.3335571;471.1572266;553.0786133;814.2675171;1257.1875;1617.556763;252.6100922;312.6939087;439.4208069;462.5852356;294.8269653;373.09375;350.7028809;324.6596069;362.1168823;451.2933044;506.2626343;580.3202515;705.1133423;905.5436401;1132.474609;1444.372192;1527.582397;1178.221802;1305.635986;1332.657227;1019.222107;1138.627808;1275.438354;1292.379639;1033.215942;966.5056763;731.0274658;709.9752808;577.7952271;712.1220093;1046.240845;797.2834473;984.607666;1164.539917
Senegal;SEN;GDP per capita (current US$);NY.GDP.PCAP.CD;300.4251152;308.1663838;307.0925651;308.6298492;317.8504266;314.3181464;314.5343441;305.2204811;311.1961468;287.2531488;290.4864253;291.0883574;341.8353523;381.4390072;417.4076003;547.3781487;540.5940071;540.1268492;589.1340453;716.2814365;771.5339696;682.9720702;651.9371233;564.3693363;536.2317654;571.4171661;783.9405247;916.0948415;880.4877551;848.5555481;957.3143374;913.3995758;951.2049601;877.5290034;583.782776;714.9943964;723.4699501;650.7763214;684.5881058;677.5163387;603.2331625;637.2135306;669.4304473;817.8880342;918.1020795;979.8461015;1017.201967;1188.938778;1398.79218;1308.694043;1275.883575;1374.675919;1326.837988;1379.831966;1398.891376;1218.006136;1266.439572;1354.770072;1452.556126;1431.181289;1461.087204;1598.10677;1574.028106;1698.033873;1738.732238;1954.711742
Singapore;SGP;GDP per capita (current US$);NY.GDP.PCAP.CD;428.0561834;449.1481368;472.0827402;511.2022354;485.530686;516.5319286;566.8039744;626.0294376;708.6014369;812.6774873;925.7978643;1071.41154;1264.375107;1685.459796;2341.705514;2489.911575;2758.94038;2846.335988;3193.905657;3900.533553;4928.139118;5596.585977;6077.634241;6633.236674;7228.317584;7001.766748;6799.930363;7539.029302;8914.441226;10394.539;11861.75616;14502.37999;16136.24054;18290.13011;21552.41004;24914.8507;26232.8661;26375.86537;21829.27378;21796.63739;23852.83895;21699.74149;22159.83737;23730.38401;27608.08001;29961.31728;33768.45282;39432.88602;40008.57205;38926.80544;47236.68308;53891.45703;55547.55531;56967.42579;57564.80231;55645.60686;57204.03401;61436.13255;67032.82258;66068.70031;61772.50365;80884.85654;91227.69704;86382.59005;94896.56215;98813.97882
Solomon Islands;SLB;GDP per capita (current US$);NY.GDP.PCAP.CD;;;;;;;;153.4507841;166.8880377;165.8573448;;277.1131209;219.5028598;291.2522729;433.443903;371.7188062;401.0774169;434.4098133;500.0582231;657.8583297;767.8506163;785.8309128;755.8856533;686.2641402;664.6964405;586.0223522;505.8218065;514.6693333;567.0229356;538.1017629;648.3252126;665.8331041;763.8579685;828.8699978;1078.041093;1220.179193;1289.330369;1292.239519;1091.890969;1133.622565;953.1719014;911.7919354;756.8902965;895.9842425;986.0709535;1144.492334;1255.624474;1390.14871;1525.846663;1554.70671;1685.145358;1924.057956;2066.257386;2161.386275;2164.952899;2045.477215;2082.623831;2143.576705;2278.199086;2223.658909;2063.32781;2043.444132;1877.781045;1882.643941;1933.555384;2086.189559
Sierra Leone;SLE;GDP per capita (current US$);NY.GDP.PCAP.CD;141.9574183;142.2751277;146.3219499;146.3096267;153.377741;145.5765406;149.3176552;136.1214022;126.3088991;153.564116;160.1641471;151.8333687;165.3579179;200.6416998;222.0851732;228.374681;196.4117848;224.213359;305.4278006;345.8691371;336.3862795;333.8875427;380.0740412;285.8143261;305.5762325;235.5105293;131.473041;172.3642148;268.1609796;231.275623;154.7940725;183.686515;163.1975717;184.9516092;218.5072751;208.3519973;224.2587112;199.8800014;156.5181188;155.0208333;143.7437432;358.3157161;388.9951112;413.8176073;417.7499833;462.6333244;580.2679697;631.8899263;705.3590141;652.8458068;685.0396735;761.1463656;937.5044282;1117.471831;1117.758647;964.5759809;844.4164112;779.1860078;845.9145405;843.7125173;845.2775582;885.3964016;860.3710679;758.3291373;806.6546503;846.2961725
El Salvador;SLV;GDP per capita (current US$);NY.GDP.PCAP.CD;;;;;;274.3332794;282.4463736;288.3742804;290.0965102;293.4165808;308.7988539;315.6653998;328.509448;366.250659;413.4034764;457.2608713;552.9949339;683.9025857;711.8522642;773.0669531;787.1496055;752.0240126;735.3609547;744.8639122;763.1682181;776.4242837;755.4251358;777.2394025;806.3923533;825.1052325;892.1827152;955.8268974;1040.781641;1180.268543;1343.929057;1548.376304;1651.310168;1748.92112;1859.730859;1908.080455;1982.870935;2058.044591;2115.411874;2207.830895;2285.689074;2447.391408;2665.618072;2830.656938;2983.248296;2910.186518;3040.07301;3330.600495;3497.912569;3582.26694;3666.012489;3790.340891;3901.34015;4020.126714;4183.54621;4320.116715;3997.192796;4642.607431;5074.60051;5319.719527;5503.103172;5766.72574
San Marino;SMR;GDP per capita (current US$);NY.GDP.PCAP.CD;;;;;;;;;;;;;;;;;;;;;;;;;;;;;;;;;;;;;;37852.98103;40126.93687;41931.79191;37600.70491;39035.10043;41790.84342;52529.9137;58232.04313;59877.78627;63270.79945;70124.425;75902.16777;62429.02027;56543.19056;55601.40081;47945.89176;50807.82063;51260.48042;43146.80353;44359.45742;45192.053;47950.70763;46626.99986;44426.62596;54168.97443;54264.5837;59871.32881;;
Somalia, Fed. Rep.;SOM;GDP per capita (current US$);NY.GDP.PCAP.CD;62.73962794;64.92425761;67.17023599;69.49223448;71.88993994;74.35487088;76.48374139;78.67389662;80.84382049;84.14062688;93.08284996;90.42923094;113.692402;119.5621335;137.8915758;177.8061434;199.5835471;111.1831324;117.2553451;108.1949478;101.4993123;116.8845266;129.0139198;118.6443409;122.4932937;130.8328756;131.4148597;140.9698522;145.3413468;166.0423373;145.6035014;105.3713265;109.2049105;188.6031587;210.7937796;210.6732546;237.241441;280.1127242;363.2000135;358.6587808;386.1192744;244.9148425;229.5989183;286.2730252;375.4103262;439.9799078;457.9966622;479.6356281;507.0374433;246.5132517;219.2024539;235.3259456;350.2619467;393.398704;429.4316567;445.5830801;460.9284906;510.9399523;509.4972738;539.9548162;518.1611333;549.0569948;573.1411658;596.8859851;629.5388994;661.1738777
Serbia;SRB;GDP per capita (current US$);NY.GDP.PCAP.CD;;;;;;;;;;;;;;;;;;;;;;;;;;;;;;;;;;;;2349.406452;3053.905169;3573.504402;2775.47373;2768.910413;974.7254693;1812.420883;2390.734594;3153.901131;3597.087981;3807.974173;4492.71367;6081.087657;7376.735179;6414.044846;5970.926609;7082.286167;6263.040861;7040.418121;6886.678091;5820.321558;5982.370301;6548.036538;7559.861657;7755.632986;8098.709557;9680.527981;10024.81911;12281.70795;13677.77949;15262.04642
Sub-Saharan Africa (excluding high income);SSA;GDP per capita (current US$);NY.GDP.PCAP.CD;158.0451848;160.8531381;169.6426076;188.2291334;182.5979166;196.0459078;207.1014368;202.0416416;210.5970358;231.5250878;251.7066707;251.8976238;276.3174142;342.6618359;422.6524041;451.1403046;474.4819843;507.0588256;551.5225957;630.8956738;769.5503144;1007.960291;908.5999761;791.6994358;687.3470156;637.5311203;580.4450461;631.4529306;646.2791251;639.6159771;728.2681143;759.0694201;664.5471256;653.5130532;650.6819039;806.2599941;877.1667632;898.4738378;877.2125086;609.4738913;628.9679971;586.8264615;624.8388063;765.9781264;925.8607828;1072.978843;1233.531233;1390.099873;1536.383596;1426.742919;1642.374718;1795.179775;1817.077738;1879.200595;1906.515577;1646.073001;1455.292317;1547.774678;1621.12852;1795.553787;1627.39235;1784.887749;1863.260401;1680.660979;1541.075734;1671.419898
South Sudan;SSD;GDP per capita (current US$);NY.GDP.PCAP.CD;;;;;;;;;;;;;;;;;;;;;;;;;;;;;;;;;;;;;;;;;;;;;;;;;1654.211535;1323.220687;1498.27035;1448.98435;1109.260501;1650.189434;1242.734502;1080.147186;;;;;;;;;;
Sub-Saharan Africa;SSF;GDP per capita (current US$);NY.GDP.PCAP.CD;158.0667049;160.8704139;169.6612972;188.2477574;182.6228773;196.0668376;207.1215874;202.0620514;210.6114886;231.5344854;251.7172732;251.9191304;276.3612875;342.7097882;422.7004174;451.1933542;474.5309995;507.1426429;551.6543471;631.1226527;769.8213884;1008.196434;908.8287024;791.938402;687.6069483;637.832919;580.8376285;631.9163161;646.8027974;640.1704271;728.926102;759.7152489;665.3044237;654.3260967;651.4948957;807.0686815;877.9339132;899.319355;878.1120126;610.4059681;629.8595532;587.7109019;625.8055686;766.9147122;926.9432662;1074.124763;1234.756099;1391.268036;1537.383331;1427.577875;1643.307535;1796.161098;1818.061254;1880.399805;1907.732109;1647.320858;1456.652111;1549.188319;1622.595753;1797.041218;1628.438733;1785.981182;1864.706861;1682.226149;1542.658443;1673.070776
Small states;SST;GDP per capita (current US$);NY.GDP.PCAP.CD;;;;;;;;;;;464.6188237;510.9556947;583.9693769;722.3450489;1133.719622;1210.544106;1303.643278;1544.669667;1751.158496;2205.76399;3032.740924;2968.666966;2968.440734;2777.263081;2770.518678;2693.958286;2491.678279;2825.111033;2946.359663;2933.318187;3333.507574;3423.526437;3614.086312;3469.666078;3675.540708;4180.97412;4316.17395;4473.961605;4496.039015;4730.629196;4846.982117;4839.487177;5133.232488;6060.669966;6954.240664;7779.564252;8649.772055;10056.41133;10984.7647;9299.408693;9799.551809;10887.86539;10829.40752;11137.951;11422.97094;10451.9965;10492.0493;11319.4921;12064.68864;11997.30365;10730.49391;12435.86128;13644.50298;14360.78576;15409.26486;16577.84508
Sao Tome and Principe;STP;GDP per capita (current US$);NY.GDP.PCAP.CD;;;;;;;;;;;479.3732266;470.0472105;511.2258833;676.4806486;682.8419248;693.1506879;585.225492;538.961154;586.8665672;683.1642785;828.6880077;829.8888188;783.4292214;719.5850659;735.1335219;761.4079906;1042.995112;1017.854137;846.6017701;821.3551292;970.0596256;855.1050758;740.4713186;963.7856987;989.5007578;768.7107512;987.0487124;661.6682328;513.5693803;542.692548;529.0893834;518.8805013;568.1025725;663.6962118;726.5608821;844.1691819;861.9707077;878.8857919;1081.868458;1128.280462;1045.209582;1219.801891;1210.792648;1382.575784;1489.676334;1298.109466;1434.870181;1555.794778;1825.599718;1935.293182;2167.220018;2362.588272;2389.737298;2990.660614;3502.617681;4084.400621
Suriname;SUR;GDP per capita (current US$);NY.GDP.PCAP.CD;377.5793997;394.8077466;409.1056384;424.0255324;434.893752;481.71875;574.8410769;644.0429673;680.5953482;707.6744452;724.4849015;767.9903657;784.951675;857.6907917;1041.084547;1190.019685;1301.865363;1665.943849;1927.906014;2072.287753;2117.870834;2367.768518;2429.923915;2332.697903;2260.63795;2255.977177;2271.047333;2469.067373;2886.429802;1328.570134;941.5917361;1079.725213;968.8952535;1022.445835;1433.542557;1609.825044;1962.884958;2067.598149;2428.58642;1898.180182;1988.221729;1714.648466;2202.340682;2516.10404;2887.772173;3453.428659;5002.657987;5530.176156;6576.085463;7129.576863;7943.604828;7949.888672;8851.240507;9043.192815;9108.189054;8813.617054;5644.206106;6049.521286;6665.741805;6629.667752;4755.392217;5029.848385;6084.438767;5521.976021;6961.789561;7069.872309
Slovak Republic;SVK;GDP per capita (current US$);NY.GDP.PCAP.CD;;;;;;;;;;;;;;;;;;;;;;;;;;;;;;;3221.045908;2253.879119;2437.876302;2627.44824;3027.821383;3787.038202;4069.118977;4091.684529;4250.37388;3857.180123;3827.725065;3974.368029;4606.387935;6283.151693;7996.740766;9087.20357;10629.17823;14330.20649;17973.84364;16586.75278;16899.44868;18469.43543;17516.96911;18312.78051;18770.92899;16442.07609;16636.07691;17645.52987;19573.3717;19406.05897;19735.48583;22123.33421;21317.7944;24614.87346;25992.67485;28543.66534
Slovenia;SVN;GDP per capita (current US$);NY.GDP.PCAP.CD;;;;;;;;;;;;;;;;;;;;;;;;;;;;;;;9925.14071;7229.311498;7151.152438;7254.588874;8243.898955;10738.08876;10796.73994;10436.72607;11131.56666;11401.49068;10135.72191;10375.62559;11639.12978;14711.67487;17103.82978;17969.70959;19563.00506;23725.1596;27461.97642;24501.78973;23329.84177;24940.62848;22442.14179;23236.96553;24013.06821;20697.27485;21447.83778;23303.07771;25888.04811;25814.16872;25392.06511;29192.84019;28360.30415;32660.47536;34301.03187;37376.22161
Sweden;SWE;GDP per capita (current US$);NY.GDP.PCAP.CD;2128.364412;2304.471435;2485.465618;2675.072917;2961.028846;3227.87974;3477.897379;3746.20488;3953.082972;4262.926033;4729.350716;5125.270348;6018.39053;7290.630324;8078.186043;10102.63889;10852.51924;11432.02149;12602.22172;14855.59576;17073.04467;15563.83328;13719.0539;12589.95008;13080.03023;13647.0439;17954.95102;21760.96465;24499.12408;25625.01621;30549.31857;31776.66802;32753.4287;24389.87381;26045.5197;30254.0273;33022.24448;30324.18458;30605.36691;30968.87107;29632.58908;27259.31743;29957.77767;37292.24197;42758.00486;43378.40774;46531.37622;53568.30578;55817.17597;46707.6425;52542.57591;60379.48146;57749.56154;60843.98888;59583.45845;51188.16521;51703.50883;53210.22333;54018.45544;51648.98928;52568.5727;60647.54164;54836.89072;54950.28347;57222.71006;63133.21267
Eswatini;SWZ;GDP per capita (current US$);NY.GDP.PCAP.CD;101.5727998;121.7957188;127.0957664;146.3911314;171.6084098;180.9772256;192.74454;182.7733597;190.3865901;245.2339816;254.1611255;301.1191522;315.0284662;463.2516158;536.1610038;567.8848166;520.7996257;562.7115785;609.96065;713.9533051;908.3756018;925.3687125;843.0430069;842.7502034;726.3451186;509.8859515;611.2981582;764.752134;865.2515444;831.8471501;1277.69173;1273.012245;1361.81698;1397.265933;1461.364001;1750.754008;1619.191197;1705.398749;1546.515193;1501.664267;1629.670388;1429.856304;1315.736346;2015.217431;2525.564045;2871.068774;2964.958652;3109.110976;2946.860661;3189.7968;3922.740394;4225.060494;4224.547892;3949.9431;3771.072284;3419.822766;3238.17612;3853.099566;3972.654506;3913.145775;3466.569363;3984.002292;3894.162009;3755.521112;3909.558924;4108.252211
Sint Maarten (Dutch part);SXM;GDP per capita (current US$);NY.GDP.PCAP.CD;;;;;;;;;;;;;;;;;;;;;;;;;;;;;;;;;;;;;;;;;;;;;;;;;;25528.41262;26403.81437;27317.51789;28149.09979;28529.73247;37134.91242;37839.62838;37308.61478;34701.30585;31708.31101;34861.46953;30150.89984;32548.43669;37793.12838;39451.82291;41472.58704;42978.13174
Seychelles;SYC;GDP per capita (current US$);NY.GDP.PCAP.CD;288.0581445;270.2796466;287.0447735;308.1952484;332.3049859;328.4848839;337.646229;333.2337988;314.3510707;314.1798586;343.8811885;401.6080221;546.9510953;648.5319637;744.5068983;806.2326443;814.4747745;1044.353113;1376.546513;2030.135903;2478.364703;2557.206655;2440.684174;2426.334608;2487.644992;2754.14571;3368.474095;3871.77852;4392.198649;4689.134508;5642.072897;5654.639757;6520.489505;6978.680754;6974.867706;7180.668327;7004.336039;7746.698513;8209.514443;8243.236101;8063.655006;8153.298637;8864.169195;9070.284608;10827.67164;11802.11183;12782.99389;12669.30267;11265.43763;9747.091805;10934.79495;12110.09375;12337.15547;14821.29215;15188.19022;15333.10517;16566.9946;17480.36519;18440.23405;19141.51187;14041.47541;14982.91115;16682.69907;18130.52971;18364.52597;19449.38363
Syrian Arab Republic;SYR;GDP per capita (current US$);NY.GDP.PCAP.CD;183.5250697;196.2935616;223.9342091;234.8997476;254.2175271;270.8305848;239.307596;272.9146394;293.330341;363.5548444;335.4513668;392.5150695;448.2377586;458.8300612;706.5795802;903.7134621;976.4892402;951.2403986;1107.783045;1146.361793;1458.239764;1675.797474;1702.680625;1775.832037;1706.219448;1543.76494;1208.160843;997.1281344;897.7087634;809.0440282;978.489617;1000.077987;990.1382512;992.7713675;712.3877166;779.6991002;918.1958574;940.8265898;960.8375049;978.1745317;1138.187227;1177.538069;1189.981195;1220.179077;1368.112639;1533.900176;1718.7847;1937.611991;2429.124763;2462.201273;2730.614878;2952.143729;1897.66115;985.8926692;1060.591059;847.7315454;656.3490175;851.5019726;1098.066679;1109.539338;593.9117718;688.5661097;1056.782647;;;
Turks and Caicos Islands;TCA;GDP per capita (current US$);NY.GDP.PCAP.CD;;;;;;;;;;;;;;;;;;;;;;;;;;;;;;;;;;;;;;;;;;18325.74581;17803.94718;18859.18903;21246.0098;24122.30282;28734.28731;29443.8523;31453.82288;24596.8938;23093.84983;27327.40064;25923.61565;25653.81987;27292.58203;29457.01407;31373.56127;30014.23095;31625.61659;31780.52171;20690.91605;27329.28851;31280.5418;35470.21516;37506.77984;
Chad;TCD;GDP per capita (current US$);NY.GDP.PCAP.CD;102.8194705;107.3203805;112.619958;114.7108608;118.5941068;123.5622761;125.7794601;128.2099997;126.8727749;129.175849;125.8820784;131.8164109;150.3698057;162.3718662;159.9989788;207.4762552;203.7131167;215.9354504;252.5113817;222.9147385;228.7704919;193.9715795;176.0837508;167.1809746;182.1758809;202.7109851;203.3544495;213.9317299;263.5446478;246.3553785;290.5990453;302.4872684;290.6482861;220.7299649;173.9288951;203.9648527;216.9125411;201.384077;219.7795309;186.6385311;163.1216637;194.3229533;219.061392;289.0876211;445.8507672;838.0921077;906.8972606;980.4835315;1166.368835;1035.637197;1141.800693;1308.142187;1354.343447;1304.88743;1278.789814;993.9907306;861.8317676;854.4612004;948.6566299;893.3364416;866.9478149;946.3585002;966.0364683;949.9910542;980.6683121;1022.335594
East Asia & Pacific (IDA & IBRD countries);TEA;GDP per capita (current US$);NY.GDP.PCAP.CD;91.38025715;80.55431401;72.5209927;76.466923;86.19444134;98.01030812;104.3454705;98.73979668;97.26058189;106.4461789;115.3719755;120.6271484;134.0204816;164.7131329;182.7015779;201.1940794;201.0718719;228.0882923;217.9012563;248.3541306;282.1727169;296.6386605;306.301092;315.3560135;336.2859704;362.34563;355.3778687;345.1544357;376.5147455;400.2994362;422.0714101;451.2852751;499.1127551;540.4275087;641.9604376;781.740273;886.7018398;906.4930213;818.7933248;892.2517472;972.8331739;1026.64921;1127.250934;1266.107789;1456.966947;1673.18872;1999.859958;2510.420631;3154.169173;3398.528108;4104.801398;4970.504144;5497.155412;6020.778215;6446.189385;6664.534473;6758.794738;7323.571124;8136.42934;8379.425035;8485.289481;10086.40826;10220.55667;10240.34747;10508.24621;10965.82656
Europe & Central Asia (IDA & IBRD countries);TEC;GDP per capita (current US$);NY.GDP.PCAP.CD;;;;;;;;;;;;;;;;;;;;;;;;;;;;;2336.291837;2250.845062;2374.640615;2312.750334;2135.386464;2107.485458;1896.40732;2264.493609;2329.881132;2408.242738;2165.179625;1878.800708;2044.362496;2080.997451;2340.843046;2879.671495;3723.469345;4660.838022;5633.029718;7247.081889;8951.350767;7074.110607;8293.775116;10044.90467;10435.80862;10986.39543;10330.39822;8034.68426;7679.027684;8571.09823;8885.563526;9040.926659;8455.784535;9992.005216;11422.16226;12070.5943;13364.44869;15300.07022
Togo;TGO;GDP per capita (current US$);NY.GDP.PCAP.CD;102.2389856;104.8307489;107.7612095;114.6162113;130.3606107;144.0985156;162.9193418;171.0696373;174.91044;185.029289;166.8617934;182.288327;207.5623283;244.8404929;329.1822742;353.8367977;346.616117;424.8841425;439.8357066;463.9660234;574.9202252;471.9760472;391.787097;356.5314249;326.5466812;337.0140482;454.5100259;519.1814214;556.0997657;529.7141702;619.1848419;591.9391384;607.9460069;448.0339699;355.4295794;449.8559691;482.2746272;476.8904849;492.4933815;477.2170166;440.4203991;426.8836059;479.4383739;579.7281959;604.3113291;595.200212;596.2492031;654.0836977;771.3511904;770.1728698;750.3234211;834.1467198;813.611525;885.6985227;921.5397486;813.894677;843.1142043;872.0764088;942.4807744;917.7180168;961.2197812;1076.295201;1071.615392;1182.329514;1266.087777;1383.899749
Thailand;THA;GDP per capita (current US$);NY.GDP.PCAP.CD;102.8145715;109.7287943;116.1794933;120.6585987;128.6422269;140.8998737;164.5334144;170.6669715;178.8397529;191.4387345;197.0979035;199.662202;215.5820229;278.285063;342.9788976;363.5263502;405.4087341;461.6591416;548.2331132;612.0887602;708.7294501;748.1567261;770.3989532;826.9323021;846.9341684;773.8239237;842.0984362;970.4525225;1164.200962;1341.729784;1559.112093;1765.622674;1971.608799;2245.136887;2517.707326;2864.365157;3054.656908;2473.14097;1847.703793;2033.244905;2005.976945;1889.934325;2089.751831;2347.540013;2641.562687;2867.703834;3331.320435;3918.528174;4309.135093;4135.43987;4973.862888;5373.623283;5725.528028;6018.082447;5801.197892;5688.853354;5833.577156;6413.091825;7099.776501;7605.696578;6983.034128;7055.187607;6910.009952;7210.541308;7386.636151;8056.563598
Tajikistan;TJK;GDP per capita (current US$);NY.GDP.PCAP.CD;;;;;;;;;;;;;;;;;;;;;;;;;;;;;;;487.0361287;457.7678259;337.8331455;287.6201238;261.2712545;207.0344573;172.0350887;150.0885502;213.7491456;175.0237647;136.9257164;168.6762854;186.9516383;233.5812485;305.7451586;333.9271509;401.0184033;516.9972106;703.3273759;664.7956557;737.3388832;833.6019782;952.4528197;1028.197043;1081.544029;956.9163109;788.7104817;829.4571476;834.2884046;871.0223729;834.3117155;896.7480534;1052.179495;1178.479901;1362.0256;1637.254294
Turkmenistan;TKM;GDP per capita (current US$);NY.GDP.PCAP.CD;;;;;;;;;;;;;;;;;;;;;;;;;;;;675.2216781;845.932942;821.0298645;848.1550474;831.9987321;811.3541565;788.4189142;622.1347802;592.2472473;557.8942201;565.022638;590.7912933;545.5190031;633.8354876;756.0349763;935.5408015;1228.948703;1379.230097;1604.016185;1996.593107;2414.96072;3605.503951;3707.978507;4058.53937;5143.619293;6053.874847;6599.645291;7164.145362;5759.497904;5238.008272;5125.549201;3911.985573;4365.115292;3935.377494;3713.201132;5198.189474;5298.464219;5904.257726;6540.178764
Latin America & the Caribbean (IDA & IBRD countries);TLA;GDP per capita (current US$);NY.GDP.PCAP.CD;356.5373864;383.8279794;391.5369885;413.5959597;447.1597365;467.0111934;500.4904141;495.8194311;517.7821981;563.3844155;598.9814839;649.7672466;712.2888188;932.7822733;1190.221843;1214.749811;1302.938493;1400.745052;1637.654975;1795.736255;2149.042425;2409.700404;2155.753022;1843.393144;1893.10261;1830.617753;1809.289019;1903.503952;2047.520688;2227.773652;2425.771282;2587.872789;2787.661327;3258.757486;3744.608527;3983.208609;4255.858594;4593.585619;4563.939527;4029.14285;4388.926197;4222.974484;3714.374788;3728.727432;4252.838448;5103.970714;5926.882358;6927.882932;7989.380121;7386.600445;9115.373725;10277.43441;10261.73549;10230.36265;10059.02393;8404.049788;8082.085123;8918.585156;8620.650958;8363.208166;6965.150531;8076.87634;9177.797119;10259.54872;10441.46858;10822.59292
Timor-Leste;TLS;GDP per capita (current US$);NY.GDP.PCAP.CD;;;;;;;;;;;;;;;;;;;;;;;;;;;;;;;168.6210102;189.7946492;235.0647677;264.0669948;283.0580005;302.736982;344.0133276;348.864241;345.5909096;269.9873128;492.4576694;587.7006928;533.9824764;534.9011537;474.4207673;487.4645554;464.6670018;540.1545842;628.1532193;686.5792958;813.0601773;939.0452411;1022.619032;1204.568415;1224.749578;1319.592974;1335.543901;1266.17768;1219.465986;1562.364589;1630.869354;2684.926737;2343.249555;1502.411496;1331.970513;1340.964019
Middle East, North Africa, Afghanistan & Pakistan (IDA & IBRD);TMN;GDP per capita (current US$);NY.GDP.PCAP.CD;143.393041;145.8170652;144.6856876;155.2807368;168.9326483;182.3880532;189.5976253;202.5726015;221.2493597;239.295699;261.4363778;287.7920936;318.2123726;381.7637564;570.8258077;637.023416;762.9037553;855.6086678;891.6182141;1075.745294;1266.961678;1199.397364;1299.729978;1379.312154;1396.084388;1453.886401;1515.497395;1287.169152;1211.750217;1181.702294;1551.331825;1021.780476;1019.887047;875.5990896;897.4797172;975.8461383;1056.465786;1075.367768;1072.890614;1135.627556;1246.019705;1225.477829;1168.604096;1263.915745;1463.304591;1657.842915;1885.148748;2240.988391;2662.281124;2518.053778;2823.254079;3240.202408;3420.259086;3152.860099;3077.871483;2805.486956;2864.534458;2860.682317;2810.24942;2695.09131;2409.547291;2754.039244;3017.037064;2867.144999;2962.600946;2826.655406
Tonga;TON;GDP per capita (current US$);NY.GDP.PCAP.CD;;;;;;;;;;;;;;;;349.4709754;315.094854;352.9530927;427.6312875;457.9164481;544.7542414;635.7128898;633.4778636;621.0735317;655.6623588;612.9435756;695.8050772;830.1530196;1077.683592;1069.835468;1139.055382;1323.400986;1370.361426;1383.473866;1956.661804;2084.027595;2214.914748;2135.521111;1888.83194;1952.146262;1995.076675;1753.516676;1759.480532;1936.04104;2195.4489;2477.726201;2750.347786;2797.065601;3218.45304;2914.23774;3416.083566;3849.993758;4384.170587;4219.246701;4136.590109;4123.903472;3987.986188;4365.929298;4675.04776;4788.833505;4792.358724;4922.801586;5298.019425;5651.593579;6215.38991;6547.186468
South Asia (IDA & IBRD);TSA;GDP per capita (current US$);NY.GDP.PCAP.CD;85.19072066;88.53744014;92.4759784;101.6997303;113.9539936;118.7255826;93.50950908;100.490232;103.2576243;111.4604735;116.6401078;121.4576383;121.825771;142.6341923;167.0318565;172.0846707;160.6996744;181.8976148;201.5260918;220.8683288;261.1807959;267.2070519;268.0484263;281.5910512;270.8822492;290.8365616;302.2155685;330.2638036;344.3914074;338.645008;359.9539731;303.8180568;315.5371313;302.9949945;342.7231117;370.5706939;400.095114;415.0027242;413.6763223;437.9820476;440.4679189;446.4189193;462.8988365;532.6615468;606.4780417;686.3381935;769.3787043;967.6979116;958.2755115;1054.435559;1294.027344;1397.006826;1387.182059;1405.840724;1528.492088;1570.541425;1722.907034;1956.067076;1988.366333;2067.059757;1957.203437;2273.720558;2326.728906;2449.857142;2601.822095;2705.282274
Sub-Saharan Africa (IDA & IBRD countries);TSS;GDP per capita (current US$);NY.GDP.PCAP.CD;158.0667049;160.8704139;169.6612972;188.2477574;182.6228773;196.0668376;207.1215874;202.0620514;210.6114886;231.5344854;251.7172732;251.9191304;276.3612875;342.7097882;422.7004174;451.1933542;474.5309995;507.1426429;551.6543471;631.1226527;769.8213884;1008.196434;908.8287024;791.938402;687.6069483;637.832919;580.8376285;631.9163161;646.8027974;640.1704271;728.926102;759.7152489;665.3044237;654.3260967;651.4948957;807.0686815;877.9339132;899.319355;878.1120126;610.4059681;629.8595532;587.7109019;625.8055686;766.9147122;926.9432662;1074.124763;1234.756099;1391.268036;1537.383331;1427.577875;1643.307535;1796.161098;1818.061254;1880.399805;1907.732109;1647.320858;1456.652111;1549.188319;1622.595753;1797.041218;1628.438733;1785.981182;1864.706861;1682.226149;1542.658443;1673.070776
Trinidad and Tobago;TTO;GDP per capita (current US$);NY.GDP.PCAP.CD;633.9756084;677.713824;703.6208041;756.2849066;779.7660149;793.3577387;767.5378708;796.7038601;783.1736336;794.5296552;828.9198575;894.4530535;1067.464126;1273.322136;1962.026892;2318.691698;2344.930283;2907.373477;3258.092757;4155.15942;5559.052095;6159.709473;7091.406219;6689.808312;6613.119474;6212.000653;3984.996097;3941.12014;3655.81977;3481.845058;4047.250936;4205.377783;4277.474369;3646.712317;3839.962902;4114.689085;4427.278324;4393.944969;4612.709003;5179.083508;6178.589756;6657.414669;6762.930808;8445.046535;9871.034198;12346.43731;14152.66074;16606.67536;21298.99453;14634.0565;16815.42474;19151.08702;20332.13895;21304.97775;21908.30146;19887.23277;17449.15388;17566.09997;17571.49874;17212.61289;15283.62705;17712.56741;20750.52024;18308.45363;18733.41104;18967.27046
Tunisia;TUN;GDP per capita (current US$);NY.GDP.PCAP.CD;;200.6718354;201.4191669;231.9194079;228.4847937;217.2690135;223.7506802;228.0447652;248.9122555;257.7388325;280.4769102;320.2721029;414.6266126;493.1721217;623.7593528;741.3549157;751.7419464;829.9839633;945.9646781;1113.44445;1323.626438;1247.128013;1177.305186;1183.841723;1143.281287;1134.998131;1186.506515;1244.766636;1266.075833;1239.238602;1476.431605;1537.879165;1784.818502;1649.185373;1733.466147;1968.166009;2107.408156;2202.060906;2285.019335;2376.065668;2199.044659;2235.719816;2320.772381;2725.864315;3067.419364;3146.826074;3322.569336;3726.916729;4255.05008;4080.090324;4291.861209;4420.647722;4297.267825;4369.793458;4458.978955;4014.947737;3847.803544;3619.032473;3628.103665;3528.872133;3548.653637;3906.939263;3707.292834;3951.116834;4187.640794;4656.638184
Turkiye;TUR;GDP per capita (current US$);NY.GDP.PCAP.CD;267.0912076;274.3508909;298.2410209;337.0198569;354.3655411;369.9670822;424.9846101;459.4493691;501.121309;543.9474013;487.5650867;430.8972597;537.3375292;661.0808219;880.7281677;1121.543269;1227.924097;1371.961857;1510.185311;2013.373743;1515.645899;1536.665621;1360.238252;1275.683376;1209.051494;1326.427014;1461.496587;1649.962648;1685.694792;1948.591795;2689.526219;2649.2726;2743.653203;3057.937375;2176.280181;3845.989979;4041.362103;4197.376362;4331.027613;3973.777639;4199.379864;3052.225671;3591.08629;4649.636681;5979.605422;7331.854294;7990.082514;9766.917345;10913.4079;9076.924722;10698.96994;11373.63558;11776.75934;12635.557;12209.38623;11064.64945;10984.36432;10756.38777;9684.118199;9395.23378;8798.117917;9981.763984;10897.83979;13375.09473;15892.71573;18599.44209
Tuvalu;TUV;GDP per capita (current US$);NY.GDP.PCAP.CD;;;;;;;;;;;456.6406276;477.9225303;521.514045;600.5836013;708.0605747;656.3263126;611.9725531;548.8213568;546.0373528;565.9325493;571.0192959;634.2037645;537.4406526;533.1300943;567.1953812;480.0959338;556.736791;599.7507465;823.0875054;976.0474772;1084.667072;1134.331756;1165.637104;1141.179044;1278.658701;1284.764461;1427.809605;1461.08618;1459.649371;1558.603966;1559.220723;1475.037059;1729.169686;2020.101039;2330.774034;2298.442573;2413.978365;2803.753655;3062.00126;2662.428656;3054.961542;3679.532573;3558.897492;3524.002776;3518.132492;3352.667224;3779.152939;4166.791624;4467.21144;5058.852666;5029.571593;6042.519831;5414.746429;5143.839744;5883.502571;6041.449086
Tanzania;TZA;GDP per capita (current US$);NY.GDP.PCAP.CD;275.2960205;285.1567993;303.9974365;329.0105896;346.3018188;342.0779419;380.4979248;384.6429443;399.3016357;405.4508057;217.2356415;224.451416;246.5462952;283.8018494;328.7835999;364.9699402;397.5427551;458.0583496;529.6036377;542.1147461;611.211792;683.913269;701.9598389;685.2764893;609.3314209;700.4500732;479.2817688;334.8227844;307.5063477;259.5022278;243.611557;276.4524536;250.3299255;224.4915466;228.8900299;258.418335;313.6583862;363.5976868;386.3784485;392.6217651;401.6981506;396.6387329;402.6490479;422.1835938;450.3852844;483.3348694;475.7467346;543.1983032;675.9772339;693.8235474;736.5301514;775.3927612;861.9699097;963.0571289;1022.748413;939.1273193;953.0107422;986.6740112;1023.106262;1063.32251;1117.415283;1159.856567;1207.52063;1224.002197;1192.606689;1318.819214
Uganda;UGA;GDP per capita (current US$);NY.GDP.PCAP.CD;55.37849761;56.17592781;55.50487046;61.95537682;68.62599302;99.95276523;101.4354146;102.8003473;106.8512281;116.6822963;122.0309296;133.4680883;136.9647365;152.7094176;183.717572;201.2372928;203.3098137;237.5848891;190.6901451;164.5130122;93.75069911;98.64675507;156.9524229;157.5272169;247.5169376;234.2765028;253.6430588;392.9707432;395.187661;310.1860252;244.9871681;182.9558973;152.1135424;165.6164762;198.441988;278.5208357;284.6982593;286.8466379;292.4530371;257.9219496;258.0503387;236.0211889;241.9846884;250.7154366;292.381858;330.4054027;346.5182553;401.3891309;472.8426815;798.9470899;823.4881443;835.6200606;795.2228676;818.2854274;896.0547955;862.9346104;752.6965717;765.2183323;792.1657002;822.17115;845.7664639;882.7917175;963.0673141;1002.309139;1077.912784;1206.304508
Ukraine;UKR;GDP per capita (current US$);NY.GDP.PCAP.CD;;;;;;;;;;;;;;;;;;;;;;;;;;;;1244.04126;1444.248047;1593.078613;1563.634155;1482.639648;1413.240112;1254.028687;1009.094055;933.1917725;869.8460693;987.4898071;831.336792;631.9104614;653.2943115;800.4907227;903.0119019;1076.481567;1401.018066;1875.335083;2366.494141;3160.327637;4017.806641;2607.087646;3039.632324;3656.697998;3951.342285;4129.896973;3054.908203;2094.473877;2158.461182;2604.287598;3059.051758;3619.861572;3709.769287;4775.945801;4199.670898;5139.598145;5391.622559;5865.884766
Upper middle income;UMC;GDP per capita (current US$);NY.GDP.PCAP.CD;147.1755749;144.9128303;140.7370851;150.5631865;167.974556;183.4364977;197.0382129;194.9049907;201.2401579;219.9494391;233.3637684;247.5990882;276.9252598;356.0651092;448.9478585;486.6025508;517.7851977;570.5142844;617.4255435;707.3532789;814.7031516;865.8199821;836.5231265;802.0006798;830.7350594;841.0471061;854.0633095;853.7774364;899.7418782;967.4544725;1103.815157;1059.014573;1118.018033;1214.554509;1352.199127;1546.567566;1689.355219;1775.026285;1696.518714;1640.114638;1770.111281;1752.860196;1753.629646;1935.253252;2258.660663;2659.854283;3110.01688;3790.618026;4548.120398;4481.743058;5435.751332;6434.654485;6813.153824;7183.802643;7399.155064;7083.4778;7068.005878;7676.40395;8149.602057;8244.306812;7949.256836;9409.612352;9796.272447;10118.62177;10443.34805;10890.09748
Uruguay;URY;GDP per capita (current US$);NY.GDP.PCAP.CD;491.0317603;603.9665132;659.3937169;586.8211917;744.6542701;705.2025275;668.1763767;584.7553045;578.5488685;722.5862549;765.763012;1000.283654;775.9372511;1397.289603;1433.177975;1231.85371;1268.303032;1414.2379;1678.309256;2442.659579;3442.812306;3728.44557;3084.79407;1707.144628;1615.406473;1568.432165;1938.810849;2415.654199;2677.197777;2734.366239;2995.361057;3589.015419;4101.710542;4753.009247;5507.564813;6050.486323;6398.435752;7436.293426;7836.891833;7370.569955;6987.700988;6382.761047;4149.761403;3671.123293;4168.660654;5284.25678;6001.332948;7222.054036;9423.965626;9881.395731;12641.05768;15132.26757;16259.59408;18335.25948;18322.42768;17125.90168;17009.75842;19184.66261;19249.94047;18315.73504;15757.5342;17881.81196;21009.28838;23378.63997;24308.4955;25215.82382
United States;USA;GDP per capita (current US$);NY.GDP.PCAP.CD;2999.864872;3059.160821;3236.013112;3366.36979;3565.31443;3818.288251;4136.308296;4325.959351;4684.588403;5019.998186;5234.296666;5609.3826;6094.01799;6726.358956;7225.69136;7801.456664;8592.253537;9452.576519;10564.94822;11674.18187;12574.79151;13976.10539;14433.78773;15543.89372;17121.22548;18236.82773;19071.22719;20038.9411;21417.01193;22857.15443;23888.60001;24342.2589;25418.99078;26387.29373;27694.85342;28690.8757;29967.71272;31459.12997;32853.67259;34515.38131;36329.97026;37133.6204;37997.74243;39490.30239;41724.6412;44123.39965;46301.98765;48050.22741;48570.05943;47194.95009;48642.63121;50024.88123;51708.39406;53297.38629;55153.39402;56849.46979;57976.6282;60047.71907;62875.66614;65227.95659;64465.29714;71441.23198;78008.68958;82586.78477;86169.66416;90026.5163
Uzbekistan;UZB;GDP per capita (current US$);NY.GDP.PCAP.CD;;;;;;;;;;;;;;;;;;;;;;;;;;;;450.2445365;550.9996151;598.1231317;652.9376529;658.3135505;602.9205258;595.7770996;574.2290799;582.5421367;597.332287;620.5912958;621.0489043;697.7635398;555.1492311;454.4158123;381.4092969;394.1640289;462.1714929;542.8358087;649.118167;824.0281923;1074.729288;1205.799355;1956.781273;2338.554628;2573.955868;2781.388695;3021.003317;3172.898994;3128.423072;2271.473011;1894.090887;2128.660671;2087.963747;2370.364806;2698.60263;3015.977051;3337.454921;3968.272008
St. Vincent and the Grenadines;VCT;GDP per capita (current US$);NY.GDP.PCAP.CD;154.8399535;163.0367416;166.5019452;154.8557896;164.4396755;166.158518;174.9007056;170.043233;163.0844746;175.1562204;192.2595973;206.9939954;282.0922882;305.6517928;330.7053591;331.090938;324.0495734;483.8592717;592.0191825;687.0673924;790.1158169;971.5772773;1073.513984;1144.305861;1253.865256;1342.245638;1471.862965;1596.173193;1813.937651;1929.91051;2149.739444;2270.763572;2470.518408;2539.649686;2563.249766;2795.363056;2930.443947;3073.778474;3301.100181;3446.52293;3768.955366;4071.086011;4303.279768;4499.614542;4873.489477;5157.393739;5744.827862;6398.191235;6598.905315;6463.787773;6551.96836;6527.689969;6713.807686;7072.467372;7168.828753;7353.735561;7656.900429;7988.04445;8428.126772;8740.594252;8351.20324;8641.27904;9693.558678;10582.36567;11501.22652;12561.76917
Venezuela, RB;VEN;GDP per capita (current US$);NY.GDP.PCAP.CD;939.1977666;954.0383306;1006.559408;1060.094332;873.6047549;869.0410679;875.9562317;892.9853156;938.0150787;931.5987557;1015.219908;1106.088243;1155.262363;1366.83362;2033.519008;2078.15342;2309.192935;2585.220511;2727.137466;3256.649087;3874.404706;4228.098815;4201.542835;4078.942331;3519.801465;3548.704343;3376.349606;2610.988371;3191.476337;2250.084597;2451.552311;2632.539698;2907.303344;2824.691444;2688.983251;3486.983506;3112.825848;3710.826884;3869.982588;4070.906192;4776.281676;4920.393136;3652.098965;3229.505571;4269.089709;5432.485418;6739.380653;8331.62097;11262.45143;11596.60219;13646.30466;10843.92297;12582.01257;8642.3738;7101.150064;4096.619891;3671.230041;3791.63262;3421.513416;2523.115275;1506.041694;2004.935729;3155.041909;3617.470384;4244.457231;3494.813887
British Virgin Islands;VGB;GDP per capita (current US$);NY.GDP.PCAP.CD;;;;;;;;;;;;;;;;;;;;;;;;;;;;;;;;;;;;;;;;;;;;;;;;;;;;;;;;;;;;;;;;;;
Virgin Islands (U.S.);VIR;GDP per capita (current US$);NY.GDP.PCAP.CD;;;;;;;;;;;;;;;;;;;;;;;;;;;;;;;;;;;;;;;;;;;30062.02251;31731.25662;35006.36144;40828.74609;41377.1466;44158.5054;39152.37507;38753.18254;39905.12842;38997.13732;37795.31926;34597.97669;33045.36438;34007.35294;35324.97489;35365.0693;36663.20876;38633.52989;39787.37417;42571.07774;44320.90919;;;
Viet Nam;VNM;GDP per capita (current US$);NY.GDP.PCAP.CD;;;;;;;;;;;;;;;;;;;;;;;;;;238.6478053;436.4192968;595.2474887;404.5593051;98.10701722;98.79833703;143.7152702;144.5493924;189.4185736;229.8577873;287.802661;337.0512318;361.6438841;361.3509284;375.9944559;404.0297841;419.2056776;445.1328618;497.1170892;565.4522846;710.74676;807.7566451;925.6403383;1163.831958;1226.169761;1683.161824;1950.925042;2185.117677;2359.517365;2546.384645;2577.568853;2735.060438;2956.109921;3222.310031;3440.900254;3534.039535;3704.193559;4147.697772;4322.825723;4716.659938;5065.990919
Vanuatu;VUT;GDP per capita (current US$);NY.GDP.PCAP.CD;;;;;;;;;;;;;;;;;;;;1055.014467;1047.773626;962.2220554;946.0231546;946.7052226;1136.682024;1011.510178;945.998619;1016.599048;1125.00617;1066.625128;1140.590203;1326.373213;1343.689429;1257.293875;1430.993678;1491.78967;1529.275731;1562.030907;1470.97189;1472.177517;1460.238177;1350.183382;1340.715375;1566.513968;1774.318676;1873.991426;2034.792896;2333.705067;2603.608831;2546.383246;2815.18829;3163.186165;3004.784167;3392.566751;3378.36412;3214.419486;3339.834365;3585.317981;3626.188625;3635.623449;3404.303592;3576.13771;3679.535243;3708.189424;3959.877035;4038.735207
World;WLD;GDP per capita (current US$);NY.GDP.PCAP.CD;452.6533557;471.9319333;496.105589;525.1864164;563.8506669;601.8885929;638.9707007;664.4013073;703.4621341;761.1114032;817.6834939;884.8789864;1002.001527;1201.53153;1362.189191;1488.937631;1589.733665;1766.278817;2055.494043;2335.186868;2587.009926;2628.616999;2554.076053;2561.169336;2614.330283;2690.591618;3118.572473;3487.876664;3829.992248;3930.50667;4338.94333;4453.896416;4679.982005;4685.295643;4967.01236;5463.196242;5507.22344;5408.569535;5302.339567;5401.227189;5512.561772;5404.202698;5539.32465;6129.866383;6818.003753;7290.566145;7803.194672;8685.331087;9425.737816;8827.04323;9555.06544;10496.931;10597.84608;10759.34573;10912.24478;10191.97525;10239.46566;10784.39509;11344.72817;11417.59586;10999.49176;12472.90742;12876.23771;13313.85758;13717.091;14405.84846
Samoa;WSM;GDP per capita (current US$);NY.GDP.PCAP.CD;;;;;;;;;;;321.9967066;376.9714951;432.8696701;562.7575512;626.0388469;609.6703005;541.0314722;615.29781;670.6332719;750.5887261;765.2477329;713.3756725;728.1279379;670.9863813;654.6975607;572.8063877;604.2574188;666.3083373;790.1349923;728.1511289;743.994213;741.5639638;776.7408244;774.9886316;1276.850216;1288.104733;1419.35849;1607.887443;1506.303592;1416.76916;1424.7524;1453.870213;1527.557905;1798.124297;2189.260426;2550.042214;2663.291359;3038.619041;3373.606399;3279.182695;3524.247925;3821.506783;3934.603208;4023.525401;3982.680802;4084.360838;4147.070977;4307.59382;4231.814095;4351.942349;4099.596605;4021.559349;4132.447177;4822.740847;5392.877619;5872.783333
Kosovo;XKX;GDP per capita (current US$);NY.GDP.PCAP.CD;;;;;;;;;;;;;;;;;;;;;;;;;;;;;;;;;;;;;;;;;;;;;;;;;2889.146771;2805.94693;2987.545235;3538.948098;3410.65498;3704.558124;3902.493223;3520.626853;3759.447775;4009.320221;4384.187964;4415.699274;4320.583825;5269.699462;5298.147387;6220.332139;7026.698813;7899.418411
Yemen, Rep.;YEM;GDP per capita (current US$);NY.GDP.PCAP.CD;;;;;;;;;;;;;;;;;;;;;;;;;;;;;;;910.422466;1016.30223;1198.130317;1396.615444;1735.044195;764.4146561;375.2149947;382.5849287;342.7394075;401.4481417;493.2351826;487.1412579;513.2414866;548.905883;627.6320234;734.1599085;809.7131276;890.3057681;1071.635833;969.2435099;1155.203053;1186.475006;1245.050683;1378.75003;1430.16421;1362.173812;975.359417;811.1659704;633.8872025;;;;;;;
South Africa;ZAF;GDP per capita (current US$);NY.GDP.PCAP.CD;532.1475043;545.6575119;563.4230088;604.5368553;645.8733757;684.6212277;721.7537594;778.8393358;817.1283406;890.9220891;952.3521881;1020.439836;1038.394075;1369.1616;1656.289056;1670.118169;1558.998247;1671.466188;1851.751913;2201.519223;3028.974476;3049.714743;2717.163887;2938.489802;2504.077368;1839.484191;2027.466204;2586.274233;2702.055048;2726.709807;3093.489204;3243.23616;3462.394002;3399.640096;3488.597115;3855.634087;3617.55336;3700.235548;3309.609331;3242.368305;3217.846934;2847.151919;2688.23676;4062.21756;5221.463337;5836.876633;6077.382934;6591.85536;6184.754743;6374.7056;7973.471958;8646.055711;8076.976785;7331.654674;6856.731371;6112.273825;5651.205852;6618.335083;6914.178032;6533.71121;5580.603831;6828.756246;6534.248678;6034.27209;6267.186814;6597.714509
Zambia;ZMB;GDP per capita (current US$);NY.GDP.PCAP.CD;221.5598489;209.6932064;202.2810312;203.2194512;229.9792456;287.425476;325.0258473;340.5799404;387.0872887;458.9816508;413.9046752;372.1440715;409.7811464;517.6300552;601.1013714;489.5050187;533.2316317;474.3623624;514.3348786;595.4558491;669.419722;669.8868294;626.5325334;520.4558335;413.2699743;332.1737373;238.2337962;314.9996026;504.4860202;526.3617693;422.3362988;423.0712568;389.2546658;390.9166738;426.3865984;433.3127826;399.5113047;465.8719422;373.0847631;349.5157231;359.429501;396.548953;393.8646255;446.2901048;548.6859746;710.9820682;1051.717149;1118.731626;1375.50211;1136.241683;1451.10616;1624.868178;1710.050613;1820.718548;1707.485731;1295.877887;1239.085279;1483.465773;1463.899979;1258.986198;951.6443167;1127.160779;1447.123101;1330.727806;1187.109434;1317.877716
Zimbabwe;ZWE;GDP per capita (current US$);NY.GDP.PCAP.CD;276.5608964;279.1589272;275.6862744;277.1471126;281.8883694;294.2955202;278.7097275;294.3607652;302.0862116;345.7549847;361.4259923;405.5712586;483.3781114;578.8128411;674.3353812;717.1303262;687.2124574;677.0450956;665.3583618;779.2492324;949.0116105;1068.923111;1095.884729;959.2051942;757.3590252;649.2758132;692.5292769;726.4314101;815.892464;840.4179726;866.9288684;830.9613548;631.1491493;604.7031165;634.062003;648.3152596;766.9137759;750.5831003;552.4483287;582.2993556;562.8337575;566.3887464;524.9364786;468.4719329;469.7192989;461.2713875;431.0349944;413.5212446;340.9174476;735.8216939;902.0107591;1037.775652;1239.227097;1362.994983;1372.915262;1387.126326;1408.139453;3445.44941;2270.895319;2184.521554;2059.63704;2613.616741;2536.401971;2195.22502;2496.15515;3021.430199